Workbook

Sheet Kalender Mentoring
A1: KALENDER MENTORING SMAVO 2026-2027
A3: Tanggal | C3: Pertemuan | D3: Agenda Mentee | E3: Materi | F3: Agenda Mentor | G3: Keterangan
A4: Semester Ganjil
A5: 46235 | B5: 1 | C5: P1 | D5: Grand Launching Mentoring | E5: Circle time perdana - perkenalan singkat, penentuan struktur dan nama circle
B6: 8 | C6: P2 | D6: Circle Time | E6: Perkenalan lanjutan, kreasi bersama pembuatan Pprofil grup dengan Canva sharing
B7: 15 | C7: - | D7: Libur long weekend 17 Agustus | F7: 17an SCC x Mentor SMAVO (outing)
B8: 22 | C8: P3 | D8: Circle Time | E8: Materi Maulid
B9: 29 | C9: P4 | D9: Sport Time
A10: 46266 | B10: 5 | C10: P5 | D10: Circle Time
B11: 12 | C11: P6 | D11: Circle Time
B12: 19 | C12: P7 | D12: Circle Time
B13: 26 | C13: P8 | D13: Circle Time
A14: 46296 | B14: 3 | C14: P9 | D14: Circle Time
B15: 10 | C15: P10 | D15: Circle Time
B16: 17 | C16: P11 | D16: Circle Time
B17: 24 | C17: P12 | D17: Circle Time
B18: 31 | C18: P13 | D18: Circle Time | G18: TKA 26 Oktober - 8 November -> Antisipasi backup mentor murid
A19: 46327 | B19: 7 | C19: P14 | D19: Circle Time | G19: TKA 26 Oktober - 8 November -> Antisipasi backup mentor murid
B20: 14 | C20: P15 | D20: Circle Time
B21: 21 | C21: P16 | D21: Circle Time
B22: 28 | C22: - | D22: Libur persiapan PAS

Sheet Dashboard Circle
B1: Mentor SMAVO 2026-2027
B3: Angkatan 34 (Kelas X)
B4: Ikhwan | C4: Jml Mentee | D4: Mentor | E4: Asal Kelas/Alumni | H4: Akhwat | I4: Jml Mentee | J4: Mentor | K4: Asal Kelas/Alumni
B5: X-1 | C5: ='Kelas X Angk.34'!F41 -> 15 | D5: Fariz Duta | E5: {=XLOOKUP(TRIM(D5),TRIM('Database CirclePro +Mentor Muri'!B:B),'Database CirclePro +Mentor Muri'!C:C,"")} -> XII A2 | H5: X-1 | I5: ='Kelas X Angk.34'!F40 -> 17 | J5: Naila | K5: {=XLOOKUP(TRIM(J5),TRIM('Database CirclePro +Mentor Muri'!B:B),'Database CirclePro +Mentor Muri'!C:C,"")} -> XI C3
B6: X-2 | C6: ='Kelas X Angk.34'!F82 -> 15 | D6: Muhammad Daffa Sugianto | E6: {=XLOOKUP(TRIM(D6),TRIM('Database CirclePro +Mentor Muri'!B:B),'Database CirclePro +Mentor Muri'!C:C,"")} -> XII B2 | H6: X-2 | I6: ='Kelas X Angk.34'!F81 -> 17 | J6: Bilqis Anwar Thebe | K6: {=XLOOKUP(TRIM(J6),TRIM('Database CirclePro +Mentor Muri'!B:B),'Database CirclePro +Mentor Muri'!C:C,"")} -> XI E1
B7: X-3 | C7: ='Kelas X Angk.34'!F123 -> 14 | D7: Rifky Akbar | E7: {=XLOOKUP(TRIM(D7),TRIM('Database CirclePro +Mentor Muri'!B:B),'Database CirclePro +Mentor Muri'!C:C,"")} -> XII D1 | H7: X-3 | I7: ='Kelas X Angk.34'!F122 -> 17 | J7: Rayhana Rizkya Al-Multazam | K7: {=XLOOKUP(TRIM(J7),TRIM('Database CirclePro +Mentor Muri'!B:B),'Database CirclePro +Mentor Muri'!C:C,"")} -> XI C4
B8: X-4 | C8: ='Kelas X Angk.34'!F164 -> 14 | D8: Rifqi Putra | E8: {=XLOOKUP(TRIM(D8),TRIM('Database CirclePro +Mentor Muri'!B:B),'Database CirclePro +Mentor Muri'!C:C,"")} -> XII E1 | H8: X-4 | I8: ='Kelas X Angk.34'!F163 -> 17 | J8: Rifqah Ramadhani | K8: {=XLOOKUP(TRIM(J8),TRIM('Database CirclePro +Mentor Muri'!B:B),'Database CirclePro +Mentor Muri'!C:C,"")} -> XI C2
B9: X-5 | C9: ='Kelas X Angk.34'!F205 -> 14 | D9: Samy Abdurrahman Romdhony | E9: {=XLOOKUP(TRIM(D9),TRIM('Database CirclePro +Mentor Muri'!B:B),'Database CirclePro +Mentor Muri'!C:C,"")} -> XII B1 | H9: X-5 | I9: ='Kelas X Angk.34'!F204 -> 17 | J9: Isnaini Fauziyah Utomo | K9: {=XLOOKUP(TRIM(J9),TRIM('Database CirclePro +Mentor Muri'!B:B),'Database CirclePro +Mentor Muri'!C:C,"")} -> XI E1
B10: X-6 | C10: ='Kelas X Angk.34'!F246 -> 14 | D10: Zhafran Ramadhan Drajat Sukma | E10: {=XLOOKUP(TRIM(D10),TRIM('Database CirclePro +Mentor Muri'!B:B),'Database CirclePro +Mentor Muri'!C:C,"")} -> XII E1 | H10: X-6 | I10: ='Kelas X Angk.34'!F245 -> 17 | J10: Queensha Anindya Azka | K10: {=XLOOKUP(TRIM(J10),TRIM('Database CirclePro +Mentor Muri'!B:B),'Database CirclePro +Mentor Muri'!C:C,"")} -> XI C2
B11: X-7 | C11: ='Kelas X Angk.34'!F287 -> 14 | D11: Kaysan Umar Azka Setiawan | E11: {=XLOOKUP(TRIM(D11),TRIM('Database CirclePro +Mentor Muri'!B:B),'Database CirclePro +Mentor Muri'!C:C,"")} -> XI B1 | H11: X-7 | I11: ='Kelas X Angk.34'!F286 -> 17 | J11: Shabira Ayatul Husna | K11: {=XLOOKUP(TRIM(J11),TRIM('Database CirclePro +Mentor Muri'!B:B),'Database CirclePro +Mentor Muri'!C:C,"")} -> XI E1
B12: X-8 | C12: ='Kelas X Angk.34'!F328 -> 14 | D12: Luqman Aziz Saputro | E12: {=XLOOKUP(TRIM(D12),TRIM('Database CirclePro +Mentor Muri'!B:B),'Database CirclePro +Mentor Muri'!C:C,"")} -> XI A | H12: X-8A | I12: ='Kelas X Angk.34'!F327 -> 17 | J12: Jazirah Rahmah | K12: {=XLOOKUP(TRIM(J12),TRIM('Database CirclePro +Mentor Muri'!B:B),'Database CirclePro +Mentor Muri'!C:C,"")} -> XI C1
B13: X-9 | C13: ='Kelas X Angk.34'!F368 -> 15 | D13: Mirza Maulana Altamis | E13: {=XLOOKUP(TRIM(D13),TRIM('Database CirclePro +Mentor Muri'!B:B),'Database CirclePro +Mentor Muri'!C:C,"")} -> XI B1 | H13: X-8B | J13: Fakhi Zulfia Bilqis | K13: {=XLOOKUP(TRIM(J13),TRIM('Database CirclePro +Mentor Muri'!B:B),'Database CirclePro +Mentor Muri'!C:C,"")} -> XI D2
B14: X-10 | C14: ='Kelas X Angk.34'!F408 -> 14 | D14: Keyno Nazmi Afham | E14: {=XLOOKUP(TRIM(D14),TRIM('Database CirclePro +Mentor Muri'!B:B),'Database CirclePro +Mentor Muri'!C:C,"")} -> XI D2 | H14: X-9 | I14: ='Kelas X Angk.34'!F367 -> 15 | J14: Dinda Aulia | K14: {=XLOOKUP(TRIM(J14),TRIM('Database CirclePro +Mentor Muri'!B:B),'Database CirclePro +Mentor Muri'!C:C,"")} -> XI B1
B15: X-11A | C15: ='Kelas X Angk.34'!F448 -> 16 | D15: Daffa Khoirul Fajri | E15: {=XLOOKUP(TRIM(D15),TRIM('Database CirclePro +Mentor Muri'!B:B),'Database CirclePro +Mentor Muri'!C:C,"")} -> XI C4 | H15: X-10 | I15: ='Kelas X Angk.34'!F407 -> 16 | J15: Dwi Irmawati | K15: {=XLOOKUP(TRIM(J15),TRIM('Database CirclePro +Mentor Muri'!B:B),'Database CirclePro +Mentor Muri'!C:C,"")} -> XI C4
B16: X-11B | D16: Mohammad Irshad Faizanshah | E16: {=XLOOKUP(TRIM(D16),TRIM('Database CirclePro +Mentor Muri'!B:B),'Database CirclePro +Mentor Muri'!C:C,"")} -> XI C4 | H16: X-11 | I16: ='Kelas X Angk.34'!F447 -> 15 | J16: Masayu Ganisha Pambayun Putri | K16: {=XLOOKUP(TRIM(J16),TRIM('Database CirclePro +Mentor Muri'!B:B),'Database CirclePro +Mentor Muri'!C:C,"")} -> XI C4
B17: X-12 | C17: ='Kelas X Angk.34'!F488 -> 14 | D17: Muhammad Tsafiq Ihsan | E17: {=XLOOKUP(TRIM(D17),TRIM('Database CirclePro +Mentor Muri'!B:B),'Database CirclePro +Mentor Muri'!C:C,"")} -> XI B3 | H17: X-12 | I17: ='Kelas X Angk.34'!F487 -> 16 | J17: Syakira Alma Annisa | K17: {=XLOOKUP(TRIM(J17),TRIM('Database CirclePro +Mentor Muri'!B:B),'Database CirclePro +Mentor Muri'!C:C,"")} -> XI D1
B18: Circel Plus-1 | D18: Rahman | E18: Alumni 15 | H18: Circel Plus-1 | J18: Ramania | K18: Alumni 23
B19: Jumlah | C19: =sum(C5:C17) -> 173 | H19: Jumlah | I19: =sum(I5:I17) -> 198
B21: Angkatan 33 (Kelas XI)
B22: Ikhwan | C22: Jml Mentee | D22: Mentor | E22: Asal Kelas/Alumni | F22: Di CirclePro | H22: Akhwat | I22: Jml Mentee | J22: Mentor | K22: Asal Kelas/Alumni | L22: Di CirclePro
B23: XI B1 | C23: ='Kelas XI Angk.33'!D113 -> 11 | D23: Muhammad Shafa | E23: {=XLOOKUP(TRIM(D25),TRIM('Database CirclePro +Mentor Muri'!B:B),'Database CirclePro +Mentor Muri'!C:C,"")} -> XII F2 | F23: 2 | H23: XI A | I23: ='Kelas XI Angk.33'!D57 -> 24 | J23: Farisa | K23: Alumni 31 | L23: 0
B24: XI B2 | C24: ='Kelas XI Angk.33'!D170 -> 12 | D24: Rifqi Hadzami | E24: {=XLOOKUP(TRIM(D24),TRIM('Database CirclePro +Mentor Muri'!B:B),'Database CirclePro +Mentor Muri'!C:C,"")} -> XII D3 | F24: 3 | H24: XI B1 | I24: ='Kelas XI Angk.33'!D114 -> 36 | J24: Nadira | K24: Alumni 31 | L24: 4
B25: XI B3 | C25: ='Kelas XI Angk.33'!D227 -> 12 | D25: M. Royyan | E25: {=XLOOKUP(TRIM(D23),TRIM('Database CirclePro +Mentor Muri'!B:B),'Database CirclePro +Mentor Muri'!C:C,"")} -> XII B1 | F25: 1 | H25: XI B2-A | I25: ='Kelas XI Angk.33'!D171 -> 35 | J25: Faliqa Haq Hasanah | K25: {=XLOOKUP(TRIM(D5),TRIM('Database CirclePro +Mentor Muri'!B:B),'Database CirclePro +Mentor Muri'!C:C,"")} -> XII A2 | L25: 0
B26: XI A | C26: ='Kelas XI Angk.33'!D56 -> 23 | D26: Dimas | E26: Alumni 23 | F26: 2 | H26: XI B2-B | J26: Annisa Nur Fajriya | K26: XII A2
B27: XI C1 | C27: ='Kelas XI Angk.33'!D283 -> 20 | F27: 2 | H27: XI B3-A | I27: ='Kelas XI Angk.33'!D228 -> 35 | J27: Arsyila Kayyisah B | K27: XII D1 | L27: 0
B28: XI C2 | C28: ='Kelas XI Angk.33'!D339 -> 19 | D28: Taufik | E28: Alumni 10 | F28: 5 | H28: XI B3-B | J28: Zhafira Fathin Ilmira | K28: XII D1
B29: XI C3 | C29: ='Kelas XI Angk.33'!D394 -> 18 | F29: 0 | H29: XI C1 | I29: ='Kelas XI Angk.33'!D284 -> 26 | J29: Lexa El Sohbia | K29: XII D2 | L29: 7
B30: XI C4 | C30: ='Kelas XI Angk.33'!D449 -> 17 | F30: 4 | H30: XI C2 | I30: ='Kelas XI Angk.33'!D340 -> 27 | J30: Kusniawati | K30: Alumni 8 | L30: 5
B31: XI D1 | C31: ='Kelas XI Angk.33'!D507 -> 30 | D31: Hamzah | E31: Alumni 16 | F31: 0 | H31: XI C3 | I31: ='Kelas XI Angk.33'!D395 -> 27 | L31: 3
B32: XI E1 | C32: ='Kelas XI Angk.33'!D621 -> 14 | F32: 1 | H32: XI C4 | I32: ='Kelas XI Angk.33'!D450 -> 28 | J32: Zalika | K32: Alumni 30 | L32: 6
B33: XI D2 | C33: ='Kelas XI Angk.33'!D564 -> 28 | D33: Rizza | E33: Alumni 24 | F33: 0 | H33: XI D1 | I33: ='Kelas XI Angk.33'!D508 -> 18 | J33: Syaikhah Anbar | K33: XII F2 | L33: 1
B34: XI E2 | C34: ='Kelas XI Angk.33'!D677 -> 14 | F34: 6 | H34: XI D2 | I34: ='Kelas XI Angk.33'!D565 -> 19 | J34: Zaina Husniyati Hamdani | K34: {=XLOOKUP(TRIM(D7),TRIM('Database CirclePro +Mentor Muri'!B:B),'Database CirclePro +Mentor Muri'!C:C,"")} -> XII D1 | L34: 0
B35: Circle Pro-1 | C35: ='Database CirclePro +Mentor Muri'!E18 -> 15 | D35: Rekhsa | E35: Alumni 20 | H35: XI E1 | I35: ='Kelas XI Angk.33'!D622 -> 33 | J35: Annisa Alya | K35: Alumni 31 | L35: 5
B36: Circle Pro-2 | C36: ='Database CirclePro +Mentor Muri'!E32 -> 11 | D36: Teguh | E36: Alumni 18 | H36: XI E2-A | I36: ='Kelas XI Angk.33'!D678 -> 32 | J36: Sabika Zaura Khumairo | K36: XII E1 | L36: 2
B37: Jumlah | C37: =sum(C23:C33) -> 204 | H37: XI E2-B | J37: Desya Maulida | K37: XII E1
H38: Circle Pro-1 | I38: ='Database CirclePro +Mentor Muri'!K17 -> 14 | J38: Ayun | K38: Alumni 18
H39: Circle Pro-2 | I39: ='Database CirclePro +Mentor Muri'!K33 -> 13 | J39: Ulfi | K39: Alumni 16
H40: Circle Pro-3 | I40: ='Database CirclePro +Mentor Muri'!K49 -> 13 | J40: Iga | K40: Alumni 19
H41: Jumlah | I41: =sum(I26:I37) -> 245
B43: Angkatan 32 (Kelas XII)
B44: Ikhwan | C44: Jml Mentee | D44: Mentor | E44: Asal Kelas/Alumni | F44: Di CirclePro | H44: Akhwat | I44: Jml Mentee | J44: Mentor | K44: Asal Kelas/Alumni | L44: Di CirclePro
B45: XII A1 | C45: 11 | D45: PIC: Rahman | E45: Alumni 20 | F45: 0 | H45: XII A1 | I45: 25 | J45: PIC: Ukhti | K45: Alumni 18 | L45: 1
B46: XII A2 | C46: 11 | F46: 1 | H46: XII A2 | I46: 25 | L46: 4
B47: XII B1 | C47: 8 | F47: 2 | H47: XII B1 | I47: 27 | L47: 1
B48: XII B2 | C48: 8 | F48: 2 | H48: XII B2 | I48: 27 | L48: 4
B49: XII D1 | C49: 13 | F49: 1 | H49: XII C | I49: 27 | L49: 2
B50: XII D2 | C50: 14 | F50: 1 | H50: XII D1 | I50: 23 | L50: 5
B51: XII D3 | C51: 13 | F51: 2 | H51: XII D2 | I51: 22 | L51: 3
B52: XII E1 | C52: 27 | F52: 4 | H52: XII D3 | I52: 23 | L52: 3
B53: XII E2 | C53: 27 | F53: 2 | H53: XII E1 | I53: 9 | L53: 2
B54: XII C | C54: 9 | F54: 0 | H54: XII E2 | I54: 9 | L54: 0
B55: XII F1 | C55: 13 | F55: 0 | H55: XII F1 | I55: 22 | L55: 1
B56: XII F2 | C56: 12 | F56: 1 | H56: XII F2 | I56: 22 | L56: 3
B57: Circle Pro-1 | C57: ='Database CirclePro +Mentor Muri'!E51 -> 16 | D57: Randy | E57: Alumni 18 | H57: Circle Pro-1 | I57: ='Database CirclePro +Mentor Muri'!K68 -> 16 | J57: Ukhti | K57: Alumni 18
B58: Jumlah | C58: =sum(C45:C56) -> 166 | H58: Circle Pro-2 | I58: ='Database CirclePro +Mentor Muri'!K87 -> 16 | J58: Shafa | K58: Alumni 28
H59: Jumlah | I59: =sum(I45:I56) -> 261
B62: *Data jumlah mentee yang masuk di CirclePro belum lengkap, masih bisa berubah.

Sheet Database CirclePro +Mentor Muri
E1: CIRCLE PRO 2026/2027
E2: 33 - Kak Rekhsa | K2: 33 - Kak Ayun
A3: IKHWAN | E3: NO | F3: NAMA | G3: KELAS | H3: NO. HP | K3: NO | L3: NAMA | M3: KELAS | N3: NO. HP | O3: Asal Kelas
A4: 33 | E4: 1 | F4: Muhammad Ariza Rizkya Irvan | G4: {=XLOOKUP(TRIM(F4),TRIM('Kelas XI Angk.33'!C:C),'Kelas XI Angk.33'!E:E,"")} -> XI C2 | K4: 1 | L4: Aira Alessia Adha | M4: {=XLOOKUP(TRIM(L4),TRIM('Kelas XI Angk.33'!C:C),'Kelas XI Angk.33'!E:E,"")} -> XI A | O4: X-5
A5: Mentor: Rekhsa | E5: 2 | F5: Mohammad Irshad Faizanshah | G5: {=XLOOKUP(TRIM(F5),TRIM('Kelas XI Angk.33'!C:C),'Kelas XI Angk.33'!E:E,"")} -> XI C4 | K5: 2 | L5: Alyya Zahra Kusumadewi | M5: {=XLOOKUP(TRIM(L5),TRIM('Kelas XI Angk.33'!C:C),'Kelas XI Angk.33'!E:E,"")} -> XI C1 | O5: X-2
A6: 1. | B6: Keyno Nazmi Afham | C6: XI D2 | E6: 3 | F6: Keyno Nazmi Afham | G6: {=XLOOKUP(TRIM(F6),TRIM('Kelas XI Angk.33'!C:C),'Kelas XI Angk.33'!E:E,"")} -> XI D2 | K6: 3 | L6: Aulia Intan Rhamadhani | M6: {=XLOOKUP(TRIM(L6),TRIM('Kelas XI Angk.33'!C:C),'Kelas XI Angk.33'!E:E,"")} -> XI C4 | O6: X-11
A7: 2. | B7: Muhammad Tsafiq Ihsan | C7: XI B3 | E7: 4 | F7: Muhammad Zaidan Aqil | G7: {=XLOOKUP(TRIM(F7),TRIM('Kelas XI Angk.33'!C:C),'Kelas XI Angk.33'!E:E,"")} -> XI A | K7: 4 | L7: Bilqis Anwar Thebe | M7: {=XLOOKUP(TRIM(L7),TRIM('Kelas XI Angk.33'!C:C),'Kelas XI Angk.33'!E:E,"")} -> XI E1 | O7: X-1
A8: 3. | B8: Daffa Khoirul Fajri | C8: XI C4 | E8: 5 | F8: Achmad Ardiansyah | G8: {=XLOOKUP(TRIM(F8),TRIM('Kelas XI Angk.33'!C:C),'Kelas XI Angk.33'!E:E,"")} -> XI C1 | K8: 5 | L8: Isnaini Fauziyah Utomo | M8: {=XLOOKUP(TRIM(L8),TRIM('Kelas XI Angk.33'!C:C),'Kelas XI Angk.33'!E:E,"")} -> XI E1 | O8: X-10
A9: 4. | B9: Mohammad Irshad Faizanshah | C9: XI C4 | E9: 6 | F9: Muhammad Naufal Rhesa Fernando | G9: {=XLOOKUP(TRIM(F9),TRIM('Kelas XI Angk.33'!C:C),'Kelas XI Angk.33'!E:E,"")} -> XI C2 | K9: 6 | L9: Naila | M9: {=XLOOKUP(TRIM(L9),TRIM('Kelas XI Angk.33'!C:C),'Kelas XI Angk.33'!E:E,"")} -> XI C3 | O9: X-12
A10: Mentor: Teguh | E10: 7 | F10: Daffa Khoirul Fajri | G10: {=XLOOKUP(TRIM(F10),TRIM('Kelas XI Angk.33'!C:C),'Kelas XI Angk.33'!E:E,"")} -> XI C4 | K10: 7 | L10: Naya | M10: {=XLOOKUP(TRIM(L10),TRIM('Kelas XI Angk.33'!C:C),'Kelas XI Angk.33'!E:E,"")} | O10: X. 11
A11: 1. | B11: Kaysan Umar Azka Setiawan | C11: XI B1 | E11: 8 | F11: Muhamad Ilham Akbar | G11: {=XLOOKUP(TRIM(F11),TRIM('Kelas XI Angk.33'!C:C),'Kelas XI Angk.33'!E:E,"")} -> XI B1 | K11: 8 | L11: Queensha Anindya Azka | M11: {=XLOOKUP(TRIM(L11),TRIM('Kelas XI Angk.33'!C:C),'Kelas XI Angk.33'!E:E,"")} -> XI C3 | O11: X10
A12: 2. | B12: Luqman Aziz Saputro | C12: XI A | E12: 9 | F12: Muhammad Fawaz Ali | G12: {=XLOOKUP(TRIM(F12),TRIM('Kelas XI Angk.33'!C:C),'Kelas XI Angk.33'!E:E,"")} -> XI D2 | K12: 9 | L12: Rayhana Rizkya Al-Multazam | M12: {=XLOOKUP(TRIM(L12),TRIM('Kelas XI Angk.33'!C:C),'Kelas XI Angk.33'!E:E,"")} -> XI C4 | O12: X-1
A13: 3. | B13: Mirza Maulana Altamis | C13: XI B1 | E13: 10 | F13: Raka Syabany Amsyah | G13: {=XLOOKUP(TRIM(F13),TRIM('Kelas XI Angk.33'!C:C),'Kelas XI Angk.33'!E:E,"")} -> XI B2 | K13: 10 | L13: Rifqah Ramadhani | M13: {=XLOOKUP(TRIM(L13),TRIM('Kelas XI Angk.33'!C:C),'Kelas XI Angk.33'!E:E,"")} -> XI C2 | O13: X-12
A14: 32 | E14: 11 | F14: Abdul Ghofar | G14: {=XLOOKUP(TRIM(F14),TRIM('Kelas XI Angk.33'!C:C),'Kelas XI Angk.33'!E:E,"")} -> XI C2 | K14: 11 | L14: Syaakhira Fauziah | M14: {=XLOOKUP(TRIM(L14),TRIM('Kelas XI Angk.33'!C:C),'Kelas XI Angk.33'!E:E,"")} -> XI B1 | O14: X10
A15: Mentor: Randy | E15: 12 | F15: Muhammad Tsafiq Ihsan | G15: {=XLOOKUP(TRIM(F15),TRIM('Kelas XI Angk.33'!C:C),'Kelas XI Angk.33'!E:E,"")} -> XI B3 | K15: 12 | M15: {=XLOOKUP(TRIM(L15),TRIM('Kelas XI Angk.33'!C:C),'Kelas XI Angk.33'!E:E,"")}
A16: 1. | B16: Rifqi Hadzami | C16: XII D3 | E16: 13 | F16: Muhammad Ieddzar Haradiya | G16: {=XLOOKUP(TRIM(F16),TRIM('Kelas XI Angk.33'!C:C),'Kelas XI Angk.33'!E:E,"")} -> XI B2 | K16: 13 | M16: {=XLOOKUP(TRIM(L16),TRIM('Kelas XI Angk.33'!C:C),'Kelas XI Angk.33'!E:E,"")}
A17: 2. | B17: Fariz Duta | C17: XII A2 | E17: 14 | F17: Natiq Tawqir Muniruzzaman Anandamaya | G17: {=XLOOKUP(TRIM(F17),TRIM('Kelas XI Angk.33'!C:C),'Kelas XI Angk.33'!E:E,"")} -> XI D1 | K17: 14 | M17: {=XLOOKUP(TRIM(L17),TRIM('Kelas XI Angk.33'!C:C),'Kelas XI Angk.33'!E:E,"")}
A18: 3. | B18: Rifqi Putra | C18: XII E1 | E18: 15 | F18: Muhammad Adrian Gianni Adam | G18: {=XLOOKUP(TRIM(F18),TRIM('Kelas XI Angk.33'!C:C),'Kelas XI Angk.33'!E:E,"")} -> XI D2
A19: 4. | B19: Rifky Akbar | C19: XII D1 | K19: 33 - Kak Ulfi
A20: 5. | B20: Samy Abdurrahman Romdhony | C20: XII B1 | E20: 33 - Kak Teguh | K20: NO | L20: NAMA | M20: KELAS | N20: NO. HP | O20: Asal kelas
A21: 6. | B21: Zhafran Ramadhan Drajat Sukma | C21: XII E1 | E21: NO | F21: NAMA | G21: KELAS | H21: NO. HP | I21: Asal kelas | K21: 1 | L21: Aurelia Septiani Putri | M21: {=XLOOKUP(TRIM(L21),TRIM('Kelas XI Angk.33'!C:C),'Kelas XI Angk.33'!E:E,"")} -> XI C1 | N21: 8997074777 | O21: X-1
A22: 7. | B22: Muhammad Daffa Sugianto | C22: XII B2 | E22: 1 | F22: Raivan Elang Pramono | G22: {=XLOOKUP(TRIM(F5),TRIM('Kelas XI Angk.33'!C:C),'Kelas XI Angk.33'!E:E,"")} -> XI C4 | H22: 85817652799 | I22: X-10 | K22: 2 | L22: Aurelia Langit Callysta | M22: {=XLOOKUP(TRIM(L22),TRIM('Kelas XI Angk.33'!C:C),'Kelas XI Angk.33'!E:E,"")} -> XI C4 | N22: 81323955089 | O22: X-1
A23: 8. | B23: Muhammad Shafa | C23: XII B1 | E23: 2 | F23: Bintang jati Pratama | G23: {=XLOOKUP(TRIM(F6),TRIM('Kelas XI Angk.33'!C:C),'Kelas XI Angk.33'!E:E,"")} -> XI D2 | H23: 0857-1963-1782 | I23: X-12 | K23: 3 | L23: Shabira Ayatul Husna | M23: {=XLOOKUP(TRIM(L23),TRIM('Kelas XI Angk.33'!C:C),'Kelas XI Angk.33'!E:E,"")} -> XI E1 | N23: 0821-1428-2069 | O23: X-1
A24: 9. | B24: M. Royyan | C24: XII F2 | E24: 3 | F24: Farid Pradana | G24: {=XLOOKUP(TRIM(F7),TRIM('Kelas XI Angk.33'!C:C),'Kelas XI Angk.33'!E:E,"")} -> XI A | H24: 62 813-8514-7615 | I24: X-8 | K24: 4 | L24: Alifa Safa Salsabila | M24: {=XLOOKUP(TRIM(L24),TRIM('Kelas XI Angk.33'!C:C),'Kelas XI Angk.33'!E:E,"")} -> XI E1 | N24: 0881-2752-675 | O24: X-2
A25: AKHWAT | E25: 4 | F25: Kaysan Umar Azka Setiawan | G25: {=XLOOKUP(TRIM(F8),TRIM('Kelas XI Angk.33'!C:C),'Kelas XI Angk.33'!E:E,"")} -> XI C1 | H25: 62 881-5379-026 | I25: X-8 | K25: 5 | L25: Denisa Azka Putri | M25: {=XLOOKUP(TRIM(L25),TRIM('Kelas XI Angk.33'!C:C),'Kelas XI Angk.33'!E:E,"")} -> XI E2 | N25: 87874292010 | O25: X-2
A26: 33 | E26: 5 | F26: Luqman Aziz Saputro | G26: {=XLOOKUP(TRIM(F9),TRIM('Kelas XI Angk.33'!C:C),'Kelas XI Angk.33'!E:E,"")} -> XI C2 | H26: 62 882-9224-2109 | I26: X-8 | K26: 6 | L26: Andini Qoriyati Khaerani | M26: {=XLOOKUP(TRIM(L26),TRIM('Kelas XI Angk.33'!C:C),'Kelas XI Angk.33'!E:E,"")} -> XI C2 | O26: X-2
A27: Mentor: Ayun | E27: 6 | F27: Mirza Maulana Altamis | G27: {=XLOOKUP(TRIM(F10),TRIM('Kelas XI Angk.33'!C:C),'Kelas XI Angk.33'!E:E,"")} -> XI C4 | H27: 62 857-9258-8050 | I27: X-8 | K27: 7 | L27: Qaniah Mardiyah Salsabila | M27: {=XLOOKUP(TRIM(L27),TRIM('Kelas XI Angk.33'!C:C),'Kelas XI Angk.33'!E:E,"")} -> XI C4 | N27: 0812‑1391‑7720‬ | O27: X-2
A28: 1. | B28: Naila | C28: XI C3 | E28: 7 | F28: Muhammad Yafiargi Simbangando | G28: {=XLOOKUP(TRIM(F11),TRIM('Kelas XI Angk.33'!C:C),'Kelas XI Angk.33'!E:E,"")} -> XI B1 | H28: 62 813-8171-2152 | I28: X-8 | K28: 8 | L28: Niesha Anindya Firstsaly | M28: {=XLOOKUP(TRIM(L28),TRIM('Kelas XI Angk.33'!C:C),'Kelas XI Angk.33'!E:E,"")} -> XI E1 | N28: 0812‑1026‑0707 | O28: X-2
A29: 2. | B29: Bilqis Anwar Thebe | C29: XI E1 | E29: 8 | F29: Bima Anggareksa Yusiansyah | G29: {=XLOOKUP(TRIM(F12),TRIM('Kelas XI Angk.33'!C:C),'Kelas XI Angk.33'!E:E,"")} -> XI D2 | H29: 0858-8016-3225 | I29: X-8 | K29: 9 | L29: Yasmine Almira Queen | M29: {=XLOOKUP(TRIM(L29),TRIM('Kelas XI Angk.33'!C:C),'Kelas XI Angk.33'!E:E,"")} -> XI C2 | N29: 0813-8042-9524 | O29: X-3
A30: 3. | B30: Rayhana Rizkya Al-Multazam | C30: XI C4 | E30: 9 | F30: Manda Rizza | G30: {=XLOOKUP(TRIM(F12),TRIM('Kelas XI Angk.33'!C:C),'Kelas XI Angk.33'!E:E,"")} -> XI D2 | H30: 81284517061 | I30: X-3 | K30: 10 | L30: Balqis Jauza Sabreenijka | M30: {=XLOOKUP(TRIM(L30),TRIM('Kelas XI Angk.33'!C:C),'Kelas XI Angk.33'!E:E,"")} -> XI B1
A31: 4. | B31: Rifqah Ramadhani | C31: XI C2 | E31: 10 | F31: Arman | G31: {=XLOOKUP(TRIM(F13),TRIM('Kelas XI Angk.33'!C:C),'Kelas XI Angk.33'!E:E,"")} -> XI B2 | H31: 895330590233 | I31: X-3 | K31: 11 | L31: Jazirah Rahmah | M31: {=XLOOKUP(TRIM(L31),TRIM('Kelas XI Angk.33'!C:C),'Kelas XI Angk.33'!E:E,"")} -> XI C1
A32: 5. | B32: Isnaini Fauziyah Utomo | C32: XI E1 | E32: 11 | F32: Bimo | G32: {=XLOOKUP(TRIM(F14),TRIM('Kelas XI Angk.33'!C:C),'Kelas XI Angk.33'!E:E,"")} -> XI C2 | H32: 895320471747 | I32: X-3 | K32: 12 | L32: Askana Nailazahran Hermansyah | M32: {=XLOOKUP(TRIM(L32),TRIM('Kelas XI Angk.33'!C:C),'Kelas XI Angk.33'!E:E,"")} -> XI C3
A33: 6. | B33: Queensha Anindya Azka | C33: XI C2 | K33: 13 | L33: Syaakhira Fauziah | M33: {=XLOOKUP(TRIM(L33),TRIM('Kelas XI Angk.33'!C:C),'Kelas XI Angk.33'!E:E,"")} -> XI B1
A34: Mentor: Ulfi | E34: 32 - Kak Randy
A35: 1. | B35: Jazirah Rahmah | C35: XI C1 | E35: NO | F35: NAMA | G35: KELAS | H35: NO. HP | I35: Asal Kelas | K35: 33 - Kak Iga
A36: 2. | B36: Shabira Ayatul Husna | C36: XI E1 | E36: 1 | F36: Muhammad Rifqi Hadzami | G36: {=XLOOKUP(TRIM(F36),TRIM('Kelas XII Angk.32'!C:C),'Kelas XII Angk.32'!E:E,"")} -> XII D3 | H36: 85697065033 | I36: X-4 | K36: NO | L36: NAMA | M36: KELAS | N36: NO. HP | O36: Asal kelas
A37: No. | B37: Mentor Iga: | E37: 2 | F37: Muhammad Fariz Duta Eshan | G37: {=XLOOKUP(TRIM(F37),TRIM('Kelas XII Angk.32'!C:C),'Kelas XII Angk.32'!E:E,"")} -> XII A2 | H37: 89526336510 | I37: X-4 | K37: 1 | L37: Masayu Ganisha Pembayun Putri | M37: {=XLOOKUP(TRIM(L37),TRIM('Kelas XI Angk.33'!C:C),'Kelas XI Angk.33'!E:E,"")} -> XI C4 | N37: 8977432121 | O37: X-4
A38: 1. | B38: Dinda Aulia | C38: XI B1 | E38: 3 | F38: Rifqi Anindya Putra | G38: {=XLOOKUP(TRIM(F38),TRIM('Kelas XII Angk.32'!C:C),'Kelas XII Angk.32'!E:E,"")} -> XII E1 | H38: 8118126863 | I38: X-1 | K38: 2 | L38: Khansa Vanya Laudya Putri | M38: {=XLOOKUP(TRIM(L38),TRIM('Kelas XI Angk.33'!C:C),'Kelas XI Angk.33'!E:E,"")} -> XI D2 | N38: 81318560921 | O38: X-4
A39: 2. | B39: Fakhi Zulfia Bilqis | C39: XI D2 | E39: 4 | F39: Rifky Akbar Maulana | G39: {=XLOOKUP(TRIM(F39),TRIM('Kelas XII Angk.32'!C:C),'Kelas XII Angk.32'!E:E,"")} -> XII D1 | H39: 81386755883 | I39: X-4 | K39: 3 | L39: Syakira Alma Annisa | M39: {=XLOOKUP(TRIM(L39),TRIM('Kelas XI Angk.33'!C:C),'Kelas XI Angk.33'!E:E,"")} -> XI D1 | N39: 82322189618 | O39: X-4
A40: 3. | B40: Dwi Irmawati | C40: XI C4 | E40: 5 | F40: Hibban Abdurrahman | G40: {=XLOOKUP(TRIM(F40),TRIM('Kelas XII Angk.32'!C:C),'Kelas XII Angk.32'!E:E,"")} -> XII E2 | K40: 4 | L40: Fakhi Zulfia Bilqis Nasyifa | M40: {=XLOOKUP(TRIM(L40),TRIM('Kelas XI Angk.33'!C:C),'Kelas XI Angk.33'!E:E,"")} -> XI D2 | N40: 81257384837 | O40: X-4
A41: 4. | B41: Masayu Ganisha Pambayun Putri | C41: XI C4 | E41: 6 | F41: Samy Abdurrahman Romdhony | G41: {=XLOOKUP(TRIM(F41),TRIM('Kelas XII Angk.32'!C:C),'Kelas XII Angk.32'!E:E,"")} -> XII B1 | H41: 895629625060 | I41: X-7 | K41: 5 | L41: Dwi Nailah Azhara | M41: {=XLOOKUP(TRIM(L41),TRIM('Kelas XI Angk.33'!C:C),'Kelas XI Angk.33'!E:E,"")} -> XI C1 | N41: 85172338263 | O41: X-4
A42: 5. | B42: Syakira Alma Annisa | C42: XI D1 | E42: 7 | F42: Heru Kurnia | G42: {=XLOOKUP(TRIM(F42),TRIM('Kelas XII Angk.32'!C:C),'Kelas XII Angk.32'!E:E,"")} -> XII E2 | H42: 85171114628 | I42: X-12 | K42: 6 | L42: Karunia Dwi Rahmawati | M42: {=XLOOKUP(TRIM(L42),TRIM('Kelas XI Angk.33'!C:C),'Kelas XI Angk.33'!E:E,"")} -> XI C1 | N42: 82299928547 | O42: X-4
A43: 32 | E43: 8 | F43: Bintang Alif Putra Satriya | G43: {=XLOOKUP(TRIM(F43),TRIM('Kelas XII Angk.32'!C:C),'Kelas XII Angk.32'!E:E,"")} -> XII B2 | H43: 87767532443 | I43: X-10 | K43: 7 | L43: Dwi Irmawati | M43: {=XLOOKUP(TRIM(L43),TRIM('Kelas XI Angk.33'!C:C),'Kelas XI Angk.33'!E:E,"")} -> XI C4 | N43: 85880856708 | O43: X-6
A44: Mentor: Ukhti | E44: 9 | F44: Satria Andhika Raissa | G44: {=XLOOKUP(TRIM(F44),TRIM('Kelas XII Angk.32'!C:C),'Kelas XII Angk.32'!E:E,"")} -> XII D2 | H44: 81280155739 | I44: X-10 | K44: 8 | L44: Dinda Dyah Pitaloka | M44: {=XLOOKUP(TRIM(L44),TRIM('Kelas XI Angk.33'!C:C),'Kelas XI Angk.33'!E:E,"")} -> XI C2 | N44: 8881531539 | O44: X-6
A45: 1. | B45: Faliqa Haq Hasanah | C45: XII B2 | E45: 10 | F45: Zhafran Ramadhan Drajat Sukma | G45: {=XLOOKUP(TRIM(F45),TRIM('Kelas XII Angk.32'!C:C),'Kelas XII Angk.32'!E:E,"")} -> XII E1 | H45: 81213080541 | I45: X-2 | K45: 9 | L45: Asshafa Nur Intan | M45: {=XLOOKUP(TRIM(L45),TRIM('Kelas XI Angk.33'!C:C),'Kelas XI Angk.33'!E:E,"")} -> XI C2 | N45: 81290850902 | O45: X-9
A46: 2. | B46: Lexa El Sohbia | C46: XII C | E46: 11 | F46: Muhamad Daffa Sugianto | G46: {=XLOOKUP(TRIM(F46),TRIM('Kelas XII Angk.32'!C:C),'Kelas XII Angk.32'!E:E,"")} -> XII B2 | H46: 8979556056 | I46: X-8 | K46: 10 | L46: Jihan Nailatusy Syarafah | M46: {=XLOOKUP(TRIM(L46),TRIM('Kelas XI Angk.33'!C:C),'Kelas XI Angk.33'!E:E,"")} -> XI C1 | N46: 85813993861 | O46: X-9
A47: 3. | B47: Arsyila Kayyisah B | C47: XII D2 | E47: 12 | F47: Muhammad Shafa | G47: {=XLOOKUP(TRIM(F47),TRIM('Kelas XII Angk.32'!C:C),'Kelas XII Angk.32'!E:E,"")} -> XII B1 | H47: 87888847534 | I47: X-8 | K47: 11 | L47: Amira Agni Kayla Raisya | M47: {=XLOOKUP(TRIM(L47),TRIM('Kelas XI Angk.33'!C:C),'Kelas XI Angk.33'!E:E,"")} -> XI C1 | N47: 0821-2569-702 | O47: X5
A48: 4. | B48: Zhafira Fathin Ilmira | C48: XII D1 | E48: 13 | F48: Muhammad Rizqullah Salim Wibowo | G48: {=XLOOKUP(TRIM(F48),TRIM('Kelas XII Angk.32'!C:C),'Kelas XII Angk.32'!E:E,"")} -> XII E1 | H48: 8111913761 | I48: X-8 | K48: 12 | L48: Dinda Aulia | M48: {=XLOOKUP(TRIM(L48),TRIM('Kelas XI Angk.33'!C:C),'Kelas XI Angk.33'!E:E,"")} -> XI B1 | N48: 0819-1715-1858 | O48: X5
A49: 5. | B49: Desya Maulida | C49: XII F2 | E49: 14 | F49: Erzan Fauzy Zulkarnaen | G49: {=XLOOKUP(TRIM(F49),TRIM('Kelas XII Angk.32'!C:C),'Kelas XII Angk.32'!E:E,"")} -> XII E1 | H49: 0852-1319-4041 | I49: X-11 | K49: 13 | L49: Dilla Novianti Putri | M49: {=XLOOKUP(TRIM(L49),TRIM('Kelas XI Angk.33'!C:C),'Kelas XI Angk.33'!E:E,"")} -> XI E2 | N49: 0895-3646-30900 | O49: X5
A50: 6. | B50: Sabika Zaura Khumairo | C50: XII E1 | E50: 15 | F50: Farrel Luthfi Arviansyah | G50: {=XLOOKUP(TRIM(F50),TRIM('Kelas XII Angk.32'!C:C),'Kelas XII Angk.32'!E:E,"")} -> XII D3 | H50: 0812-2008-0077 | I50: X-11
A51: 7. | B51: Zaina Husniyati Hamdani | C51: XII E1 | E51: 16 | F51: Muhammad Royyan | G51: {=XLOOKUP(TRIM(F51),TRIM('Kelas XII Angk.32'!C:C),'Kelas XII Angk.32'!E:E,"")} -> XII F2 | K51: 32 - Kak Ukhti
A52: 8. | B52: Annisa Nur Fajriya | C52: XII A2 | K52: NO | L52: NAMA | M52: KELAS | N52: NO. HP | O52: Asal kelas
A53: 9. | B53: Syaikhah Anbar | C53: XII A2 | K53: 1 | L53: Faliqa Haq Hasanah | M53: {=XLOOKUP(TRIM(L53),TRIM('Kelas XII Angk.32'!C:C),'Kelas XII Angk.32'!E:E,"")} -> XII B2 | N53: 0852-8352-2435
K54: 2 | L54: Lexa El Sohbia | M54: {=XLOOKUP(TRIM(L54),TRIM('Kelas XII Angk.32'!C:C),'Kelas XII Angk.32'!E:E,"")} -> XII C | N54: 0898-9434-073
K55: 3 | L55: Arsyila Kayyisah Biyanto | M55: {=XLOOKUP(TRIM(L55),TRIM('Kelas XII Angk.32'!C:C),'Kelas XII Angk.32'!E:E,"")} -> XII D2 | N55: 0858-9169-8465
K56: 4 | L56: Anindya Zhafira Sani | M56: {=XLOOKUP(TRIM(L56),TRIM('Kelas XII Angk.32'!C:C),'Kelas XII Angk.32'!E:E,"")} -> XII D1 | N56: 0821-2442-2021
K57: 5 | L57: Aurelia Syifa Fiandra | M57: {=XLOOKUP(TRIM(L57),TRIM('Kelas XII Angk.32'!C:C),'Kelas XII Angk.32'!E:E,"")} -> XII D1 | N57: 0856-1727-146
K58: 6 | L58: Zhafira Fathin Ilmira | M58: {=XLOOKUP(TRIM(L58),TRIM('Kelas XII Angk.32'!C:C),'Kelas XII Angk.32'!E:E,"")} -> XII D1 | N58: 0821-2590-2073
K59: 7 | L59: Shanaz Mufida | M59: {=XLOOKUP(TRIM(L59),TRIM('Kelas XII Angk.32'!C:C),'Kelas XII Angk.32'!E:E,"")} -> XII C | N59: 0895-1348-9121
K60: 8 | L60: Desya Maulida | M60: {=XLOOKUP(TRIM(L60),TRIM('Kelas XII Angk.32'!C:C),'Kelas XII Angk.32'!E:E,"")} -> XII F2 | N60: 0896-0215-2369
K61: 9 | L61: Sabika Zaura Khumairo | M61: {=XLOOKUP(TRIM(L61),TRIM('Kelas XII Angk.32'!C:C),'Kelas XII Angk.32'!E:E,"")} -> XII E1 | N61: 0812-9639-8724
K62: 10 | L62: Zaina Husniyati Hamdani | M62: {=XLOOKUP(TRIM(L62),TRIM('Kelas XII Angk.32'!C:C),'Kelas XII Angk.32'!E:E,"")} -> XII E1 | N62: 0815-7494-0724
K63: 11 | L63: Khaira Rabbani Tsalasa | M63: {=XLOOKUP(TRIM(L63),TRIM('Kelas XII Angk.32'!C:C),'Kelas XII Angk.32'!E:E,"")} -> XII F1
K64: 12 | L64: Annisa Nur Fajriya | M64: {=XLOOKUP(TRIM(L64),TRIM('Kelas XII Angk.32'!C:C),'Kelas XII Angk.32'!E:E,"")} -> XII A2
K65: 13 | L65: Kirana Aura Azzahra Permana | M65: {=XLOOKUP(TRIM(L65),TRIM('Kelas XII Angk.32'!C:C),'Kelas XII Angk.32'!E:E,"")} -> XII A1
K66: 14 | L66: Nur Afni Maisa | M66: {=XLOOKUP(TRIM(L66),TRIM('Kelas XII Angk.32'!C:C),'Kelas XII Angk.32'!E:E,"")} -> XII A2
K67: 15 | L67: Syaikhah Anbar | M67: {=XLOOKUP(TRIM(L67),TRIM('Kelas XII Angk.32'!C:C),'Kelas XII Angk.32'!E:E,"")} -> XII A2
K68: 16 | L68: Tiara Thalita Dzaky | M68: {=XLOOKUP(TRIM(L68),TRIM('Kelas XII Angk.32'!C:C),'Kelas XII Angk.32'!E:E,"")} -> XII F2 | N68: 85774022391
K70: 32 - Kak Shafa
K71: NO | L71: NAMA | M71: KELAS | N71: NO. HP
K72: 1 | L72: Nazwa Mufida | M72: {=XLOOKUP(TRIM(L72),TRIM('Kelas XII Angk.32'!C:C),'Kelas XII Angk.32'!E:E,"")} -> XII B2 | N72: 0895-0993-0079
K73: 2 | L73: CALLYSTA SADIRA RIZQULLAH KHANIZA | M73: {=XLOOKUP(TRIM(L73),TRIM('Kelas XII Angk.32'!C:C),'Kelas XII Angk.32'!E:E,"")} -> XII F2 | N73: 0821-1487-5544
K74: 3 | L74: NAURAH KHANSA WIBAWA | M74: {=XLOOKUP(TRIM(L74),TRIM('Kelas XII Angk.32'!C:C),'Kelas XII Angk.32'!E:E,"")} -> XII D3 | N74: 0898-4232-090
K75: 4 | L75: Ariij Arriyad | M75: {=XLOOKUP(TRIM(L75),TRIM('Kelas XII Angk.32'!C:C),'Kelas XII Angk.32'!E:E,"")} -> XII D1 | N75: 0812-8347-9728
K76: 5 | L76: Feyza Alya Mukhbita | M76: {=XLOOKUP(TRIM(L76),TRIM('Kelas XII Angk.32'!C:C),'Kelas XII Angk.32'!E:E,"")} -> XII B2 | N76: 0878-1970-0260
K77: 6 | L77: Nayshila Dhiya Adzkia | M77: {=XLOOKUP(TRIM(L77),TRIM('Kelas XII Angk.32'!C:C),'Kelas XII Angk.32'!E:E,"")} -> XII B1 | N77: 0896-1420-2946
K78: 7 | L78: Aurel | M78: {=XLOOKUP(TRIM(L78),TRIM('Kelas XII Angk.32'!C:C),'Kelas XII Angk.32'!E:E,"")} | N78: 89638418478
K79: 8 | L79: Faiza | M79: {=XLOOKUP(TRIM(L79),TRIM('Kelas XII Angk.32'!C:C),'Kelas XII Angk.32'!E:E,"")} | N79: 81915851142
K80: 9 | L80: Sabrina | M80: {=XLOOKUP(TRIM(L80),TRIM('Kelas XII Angk.32'!C:C),'Kelas XII Angk.32'!E:E,"")} | N80: 81515081284
K81: 10 | L81: Adinda Khayla | M81: {=XLOOKUP(TRIM(L81),TRIM('Kelas XII Angk.32'!C:C),'Kelas XII Angk.32'!E:E,"")} -> XII A2 | N81: 8561920801
K82: 11 | L82: Bumi Raffah Al Islahi | M82: {=XLOOKUP(TRIM(L82),TRIM('Kelas XII Angk.32'!C:C),'Kelas XII Angk.32'!E:E,"")} -> XII D3 | N82: 85215674347
K83: 12 | L83: Vindy Aprilia Khanaya | M83: {=XLOOKUP(TRIM(L83),TRIM('Kelas XII Angk.32'!C:C),'Kelas XII Angk.32'!E:E,"")} -> XII D3 | N83: 895622985077
K84: 13 | L84: Almira Dian Pratiwi | M84: {=XLOOKUP(TRIM(L84),TRIM('Kelas XII Angk.32'!C:C),'Kelas XII Angk.32'!E:E,"")} -> XII D2 | N84: 81295943498
K85: 14 | L85: Oshe Bilqis Nadhifah | M85: {=XLOOKUP(TRIM(L85),TRIM('Kelas XII Angk.32'!C:C),'Kelas XII Angk.32'!E:E,"")} -> XII B2 | N85: 83895122123
K86: 15 | L86: Nadine Kirana Saraswati | M86: {=XLOOKUP(TRIM(L86),TRIM('Kelas XII Angk.32'!C:C),'Kelas XII Angk.32'!E:E,"")} -> XII D1 | N86: 0852-8020-6248
K87: 16 | L87: Fiona Wahidah Salsabila | M87: {=XLOOKUP(TRIM(L87),TRIM('Kelas XII Angk.32'!C:C),'Kelas XII Angk.32'!E:E,"")} -> XII D2 | N87: 0813-8781-1518

Sheet Kelas X Angk.34
A1: PEMERINTAH DAERAH PROVINSI JAWA BARAT DINAS PENDIDIKAN SMA NEGERI 2 CIBINONG Jln. Karadenan No. 5 Cibinong Telp/Fax. ( 0251 ) 8654347 Bogor 16913 http://www.sman2cibinong.sch.id email: info@sman2cibinong.sch.id
A3: DAFTAR MURID
A4: KELAS X 1
A5: TAHUN PELAJARAN 2026-2027
A6: Wali Kelas : Deden Nur Hasanah, S.E
A7: NO | B7: SUB JALUR | C7: NISN | D7: NIS | E7: NAMA | F7: P/L
A8: 1 | B8: Kompetensi Nonakademik | C8: 0114443942 | D8: 262710018 | E8: Airo Nisya Mandira Boru Angkat | F8: P
A9: 2 | B9: Kompetensi Akademik Kejuaraan | C9: 0118175898 | D9: 262710036 | E9: Allesya Ananto | F9: P
A10: 3 | B10: Kompetensi Akademik Rapor | C10: 0115929061 | D10: 262710051 | E10: Anida Zakia | F10: P
A11: 4 | B11: Kompetensi Akademik Rapor | C11: 0102583300 | D11: 262710056 | E11: Aqeela Karima Fitri | F11: P
A12: 5 | B12: Kompetensi Nonakademik | C12: 3104861688 | D12: 262710068 | E12: Asma Zulfa Diyanah | F12: P
A13: 6 | B13: Kompetensi Akademik Rapor | C13: 0114691128 | D13: 262710078 | E13: Belqhis Insa Salsabilla | F13: P
A14: 7 | B14: Kompetensi Akademik Rapor | C14: 0102787072 | D14: 262710092 | E14: Daffa Rizky Ramadhan | F14: L
A15: 8 | B15: Kompetensi Akademik Rapor | C15: 0104086813 | D15: 262710093 | E15: Damar Volka Khalendra | F15: L
A16: 9 | B16: Kompetensi Nonakademik | C16: 3108124049 | D16: 262710112 | E16: Dzalfan Adzikra Martha | F16: L
A17: 10 | B17: Kompetensi Akademik Rapor | C17: 0111302202 | D17: 262710136 | E17: Fathan Jiwantana | F17: L
A18: 11 | B18: Kompetensi Akademik Rapor | C18: 0119048908 | D18: 262710138 | E18: Fathir Athaillah Pratama | F18: L
A19: 12 | B19: Kompetensi Akademik Rapor | C19: 0118600996 | D19: 262710150 | E19: Gideon Herlambang Ritonga | F19: L
A20: 13 | B20: Kompetensi Nonakademik | C20: 0107448918 | D20: 262710155 | E20: Hafiz Muhamad Arfa | F20: L
A21: 14 | B21: Kompetensi Akademik Kejuaraan | C21: 0116527821 | D21: 262710164 | E21: Hanna Fathiya Difani | F21: P
A22: 15 | B22: Kompetensi Akademik Rapor | C22: 0102028622 | D22: 262710171 | E22: Hisyam Ahmad Zulkarnain | F22: L
A23: 16 | B23: Kompetensi Akademik Rapor | C23: 0108974570 | D23: 262710181 | E23: Jihan Thahirah Khalilah Ajna | F23: P
A24: 17 | B24: Kompetensi Nonakademik | C24: 0111893063 | D24: 262710194 | E24: Kenzie Ataya Narda | F24: L
A25: 18 | B25: Kompetensi Akademik Rapor | C25: 0115332644 | D25: 262710205 | E25: Kinanthi Paramitha Nareswari | F25: P
A26: 19 | B26: Kompetensi Akademik Rapor | C26: 0108373038 | D26: 262710210 | E26: Levina Nayaka | F26: P
A27: 20 | B27: Kompetensi Akademik Rapor | C27: 0116728450 | D27: 262710259 | E27: Mutyara Putri Shaqina | F27: P
A28: 21 | B28: Kompetensi Nonakademik | C28: 0099285471 | D28: 262710260 | E28: Muzhaffir Naillur Raja | F28: L
... A32: 25 | B32: Potensi Akademik | C32: 0112110754 | D32: 262710316 | E32: Rayhan Daniswara | F32: L
A33: 26 | B33: Kompetensi Akademik Rapor | C33: 3117777065 | D33: 262710342 | E33: Shakila Alma Falisha | F33: P
A34: 27 | B34: Kompetensi Akademik Rapor | C34: 0115579184 | D34: 262710351 | E34: Syakila Nahda Dhania | F34: P
A35: 28 | B35: Kompetensi Akademik Rapor | C35: 0119448889 | D35: 262710362 | E35: Tubagus Akmal Rizky | F35: L
A36: 29 | B36: Kompetensi Akademik Rapor | C36: 0102618611 | D36: 262710365 | E36: Vanessa Ellianova Zivanna Pangaribuan | F36: P
A37: 30 | B37: Kompetensi Akademik Rapor | C37: 0118298885 | D37: 262710367 | E37: Verra Nayla Karnaen | F37: P
A38: 31 | B38: Kompetensi Akademik Kejuaraan | C38: 0104256246 | D38: 262710372 | E38: Yusuf Rabani | F38: L
A39: 32 | B39: Kompetensi Akademik Rapor | C39: 0103251939 | D39: 262710375 | E39: Zahran Ariza Saputra | F39: L
E40: Perempuan | F40: =COUNTIF(F8:F39,"P") -> 17
E41: Laki - Laki | F41: =COUNTIF(F10:F40,"L") -> 15
A44: DAFTAR MURID
A45: KELAS X 2
A46: TAHUN PELAJARAN 2026-2027
A47: Wali Kelas : Ramlan Sulthon, S.Pd.I
A48: NO | B48: SUB JALUR | C48: NISN | D48: NIS | E48: NAMA | F48: P/L
A49: 1 | B49: Kompetensi Nonakademik | C49: 3116120949 | D49: 262710002 | E49: Abelia Farhaira Cahyani | F49: P
A50: 2 | B50: Kompetensi Akademik Rapor | C50: 0119273223 | D50: 262710004 | E50: Achazia Disyanda Ashsyara | F50: P
A51: 3 | B51: Kompetensi Akademik Rapor | C51: 0103125164 | D51: 262710020 | E51: Aisyah Anadilla | F51: P
A52: 4 | B52: Kompetensi Nonakademik | C52: 0106019607 | D52: 262710034 | E52: Alif Ziyad | F52: L
A53: 5 | B53: Kompetensi Nonakademik | C53: 0103807352 | D53: 262710039 | E53: Althaf Putra Zahyadi | F53: L
A54: 6 | B54: Kompetensi Nonakademik | C54: 0112526271 | D54: 262710044 | E54: Amira Shafiyah Kusumadewi | F54: P
A55: 7 | B55: Kompetensi Nonakademik | C55: 0117928530 | D55: 262710055 | E55: Annisa Talita Sakhi | F55: P
A56: 8 | B56: Kompetensi Akademik Rapor | C56: 0101268880 | D56: 262710064 | E56: Arkana Nur Tsaqif | F56: L
A57: 9 | B57: Kompetensi Akademik Rapor | C57: 0115825887 | D57: 262710067 | E57: Arya Bima Ramadhan | F57: L
A58: 10 | B58: Kompetensi Akademik Rapor | C58: 3104125624 | D58: 262710073 | E58: Azizah Putri Nazarudin | F58: P
A59: 11 | B59: Kompetensi Akademik Rapor | C59: 0112379757 | D59: 262710089 | E59: Ceshka Shane Aulia | F59: P
A60: 12 | B60: Kompetensi Akademik Rapor | C60: 0111370057 | D60: 262710095 | E60: Danendra Akmal Pratama | F60: L
A61: 13 | B61: Kompetensi Akademik Kejuaraan | C61: 0117249106 | D61: 262710109 | E61: Dira Afham Albanna | F61: L
A62: 14 | B62: Kompetensi Akademik Rapor | C62: 0107930142 | D62: 262710110 | E62: Dira Cahya Rasyid | F62: P
A63: 15 | B63: Kompetensi Akademik Rapor | C63: 0113357453 | D63: 262710113 | E63: Ester Florencia Mamahit | F63: P
A64: 16 | B64: Kompetensi Nonakademik | C64: 0115332517 | D64: 262710132 | E64: Farand Muhammad Alvino | F64: L
A65: 17 | B65: Kompetensi Nonakademik | C65: 0107041412 | D65: 262710149 | E65: Geany Morra Serses Hisyam | F65: P
A66: 18 | B66: Kompetensi Akademik Rapor | C66: 0118658639 | D66: 262710153 | E66: Habibah Atep Mohamed | F66: P
A67: 19 | B67: Kompetensi Akademik Rapor | C67: 0109217725 | D67: 262710159 | E67: Haiyya Zihni Nayottama Baihaqi | F67: L
A68: 20 | B68: Kompetensi Akademik Kejuaraan | C68: 0116862706 | D68: 262710177 | E68: Istiyana Ningrum Sari | F68: P
A69: 21 | B69: Kompetensi Akademik Rapor | C69: 0101878749 | D69: 262710214 | E69: Luthfiyyah Salsabilah | F69: P
A70: 22 | B70: Kompetensi Akademik Rapor | C70: 0105797692 | D70: 262710217 | E70: Maheswara Fattan Adhitya | F70: L
... A80: 32 | B80: Kompetensi Akademik Rapor | C80: 0116647038 | D80: 262710376 | E80: Zahwa Baru Tunisa | F80: P
E81: Perempuan | F81: =COUNTIF(F49:F80,"P") -> 17
E82: Laki - Laki | F82: =COUNTIF(F51:F81,"L") -> 15
A85: DAFTAR MURID
A86: KELAS X 3
A87: TAHUN PELAJARAN 2026-2027
A88: Wali Kelas : Ranti Mustika, S.Pd.
A89: NO | B89: SUB JALUR | C89: NISN | D89: NIS | E89: NAMA | F89: P/L
A90: 1 | B90: Kompetensi Akademik Rapor | C90: 0105148177 | D90: 262710041 | E90: Alvin Yafiansyah | F90: L
A91: 2 | B91: Kompetensi Akademik Rapor | C91: 0104469801 | D91: 262710042 | E91: Alya Zahratunnisa | F91: P
A92: 3 | B92: Kompetensi Akademik Rapor | C92: 0116236226 | D92: 262710049 | E92: Angel Arfa Royana | F92: P
A93: 4 | B93: Kompetensi Akademik Rapor | C93: 0116562350 | D93: 262710062 | E93: Arinda Nasywa Lubis | F93: P
A94: 5 | B94: Kompetensi Nonakademik | C94: 3106293994 | D94: 262710081 | E94: Bonardo Geraldy Hottua Sinurat | F94: L
A95: 6 | B95: Kompetensi Nonakademik | C95: 3107068805 | D95: 262710098 | E95: Daryl Darian Nezar | F95: L
A96: 7 | B96: Kompetensi Nonakademik | C96: 0114506001 | D96: 262710101 | E96: Deniz Salman Wiguna | F96: L
A97: 8 | B97: Kompetensi Akademik Rapor | C97: 0118691326 | D97: 262710125 | E97: Faiz Ikram Ardhani | F97: L
A98: 9 | B98: Kompetensi Akademik Rapor | C98: 0104280845 | D98: 262710129 | E98: Fakhri Dwi Aditya | F98: L
A99: 10 | B99: Kompetensi Akademik Rapor | C99: 0119836553 | D99: 262710161 | E99: Hamdan Januar Wahyudi | F99: L
A100: 11 | B100: Kompetensi Akademik Rapor | C100: 3100181427 | D100: 262710174 | E100: Ilham Avicenna Elhaq | F100: L
A101: 12 | B101: Kompetensi Akademik Rapor | C101: 0106681807 | D101: 262710182 | E101: Joanna Christabel Sihombing | F101: P
A102: 13 | B102: Kompetensi Akademik Rapor | C102: 0113397264 | D102: 262710184 | E102: Juria V Erlikasna Tarigan | F102: P
A103: 14 | B103: Kompetensi Akademik Rapor | C103: 3118663350 | D103: 262710186 | E103: Kanaya Hasna Nafisa | F103: P
A104: 15 | B104: Kompetensi Akademik Rapor | C104: 0113971417 | D104: 262710209 | E104: Kralice Nihal Nailah | F104: P
A105: 16 | B105: Kompetensi Nonakademik | C105: 0119904380 | D105: 262710216 | E105: Maher Aqila Raifananda | F105: L
A106: 17 | B106: Kompetensi Akademik Rapor | C106: 0112135345 | D106: 262710233 | E106: Muhammad Alfarezel | F106: L
A107: 18 | B107: Kompetensi Nonakademik | C107: 0103458514 | D107: 262710234 | E107: Muhammad Althaf Fadhlan Ramadhan | F107: L
A108: 19 | B108: Kompetensi Nonakademik | C108: 0109506477 | D108: 262710236 | E108: Muhammad Azzam Abdillah | F108: L
A109: 20 | B109: Potensi Akademik | C109: 0112372902 | D109: 262710246 | E109: Muhammad Irfan Akbar Ibrahim | F109: L
A110: 21 | B110: Kompetensi Nonakademik | C110: 0113684513 | D110: 262710252 | E110: Muhammad Raihan Al Farisi | F110: L
A111: 22 | B111: Kompetensi Akademik Kejuaraan | C111: 0119206420 | D111: 262710265 | E111: Nadyn Nuria Celestin | F111: P
A112: 23 | B112: Kompetensi Akademik Rapor | C112: 0104291635 | D112: 262710266 | E112: Nafisa Amirah | F112: P
A113: 24 | B113: Kompetensi Akademik Rapor | C113: 0116942372 | D113: 262710286 | E113: Priskila Oktaviani | F113: P
A114: 25 | B114: Kompetensi Akademik Rapor | C114: 0117503763 | D114: 262710295 | E114: Queentha Ruby Cantika Pranajaya | F114: P
A115: 26 | B115: Kompetensi Nonakademik | C115: 3102558665 | D115: 262710303 | E115: Rafka Sarfaraz Aulicha | F115: L
A116: 27 | B116: Kompetensi Akademik Rapor | C116: 0109999008 | D116: 262710331 | E116: Safeera Lutfah | F116: P
A117: 28 | B117: Kompetensi Akademik Rapor | C117: 0103436834 | D117: 262710332 | E117: Salsabila Putri Irania | F117: P
...

Sheet Kelas XI Angk.33
A1: PEMERINTAH DAERAH PROVINSI JAWA BARAT DINAS PENDIDIKAN SMA NEGERI 2 CIBINONG Jln. Karadenan No. 5 Cibinong Telp/Fax. ( 0251 ) 8654347 Bogor 16913 http://www.sman2cibinong.sch.id email: info@sman2cibinong.sch.id
A3: DAFTAR MURID
A4: KELAS XI A
A5: TAHUN PELAJARAN 2026-2027
A6: Wali Kelas : Teguh Satya Pratama, S.Pd.
A7: NO | B7: NISN / NIS | C7: NAMA | D7: L / P | E7: KELAS
A8: 1 | B8: 0091825991 / 252610009 | C8: Adi Pati Jaya Prana | D8: L | E8: XI A
A9: 2 | B9: 0105770130 / 252610021 | C9: Aik Novitasari | D9: P | E9: XI A
A10: 3 | B10: 0099540724 / 252610022 | C10: Aira Alessia Adha | D10: P | E10: XI A
A11: 4 | B11: 0084218795 / 242510016 | C11: Aisyah Nara Purusa Ningsa | D11: P | E11: XI A
A12: 5 | B12: 0107055406 / 252610032 | C12: Akram Mubarak | D12: L | E12: XI A
A13: 6 | B13: 0102387971 / 252610059 | C13: Ananda Bari Al Kausar | D13: L | E13: XI A
A14: 7 | B14: 0099339799 / 252610060 | C14: Anas Legawa Riyadi | D14: L | E14: XI A
A15: 8 | B15: 0098221239 / 252610079 | C15: Arman Firmansyah | D15: L | E15: XI A
A16: 9 | B16: 0101396555 / 252610080 | C16: Arsyad Khaerul Izzan | D16: L | E16: XI A
A17: 10 | B17: 0102307654 / 252610097 | C17: Aulia Cinta Divia | D17: P | E17: XI A
A18: 11 | B18: 0095522157 / 252610155 | C18: Dhefa Raditya Putra | D18: P | E18: XI A
A19: 12 | B19: 0105616025 / 252610169 | C19: Dindin Andini Suryaman | D19: L | E19: XI A
... A54: 47 | B54: 0108505453 / 252610566 | C54: Zhafirah Dwi Fauziah | D54: P | E54: XI A
C56: Laki - laki | D56: =COUNTIF(D8:D54, "L") -> 23
C57: Perempuan | D57: =COUNTIF(D8:D54, "P") -> 24
A60: DAFTAR MURID
A61: KELAS XI B1
A62: TAHUN PELAJARAN 2026-2027
A63: Wali Kelas : Hj. Srie Endang Wigati, M.Pd
A64: NO | B64: NISN / NIS | C64: NAMA | D64: L / P | E64: KELAS
A65: 1 | B65: 0096128036 / 252610020 | C65: Ahmad Husein Al Latief | D65: L | E65: XI B1
A66: 2 | B66: 3096764634 / 252610025 | C66: Aira Kirana | D66: P | E66: XI B1
A67: 3 | B67: 0087811342 / 252610038 | C67: Alfian Chaniago | D67: L | E67: XI B1
A68: 4 | B68: 3093210071 / 252610042 | C68: Alisa Putri | D68: P | E68: XI B1
A69: 5 | B69: 0094347087 / 252610044 | C69: Aliya Trianzani Putri | D69: P | E69: XI B1
A70: 6 | B70: 0104825356 / 252610057 | C70: Amirah Khalishah Somoal | D70: P | E70: XI B1
A71: 7 | B71: 0104668456 / 252610061 | C71: Andagita Vilnaira Atha | D71: P | E71: XI B1
A72: 8 | B72: 3108667209 / 252610070 | C72: Aqeela Az Zahra | D72: P | E72: XI B1
A73: 9 | B73: 0106376916 / 252610090 | C73: Atharrayhan Abimanyu Pratama | D73: P | E73: XI B1
A74: 10 | B74: 0093343311 / 252610092 | C74: Attar Palestine Taha | D74: L | E74: XI B1
A75: 11 | B75: 0104895570 / 252610099 | C75: Aura Nabilah Zahirah | D75: P | E75: XI B1
A76: 12 | B76: 2099366441 / 252610106 | C76: Ayi Artadinata | D76: P | E76: XI B1
... A111: 47 | B111: 0109499801 / 252610559 | C111: Zafira Salsa Haniah | D111: P | E111: XI B1
C113: LAKI - LAKI | D113: =COUNTIF(D65:D111, "L") -> 11
C114: PEREMPUAN | D114: =COUNTIF(D65:D111, "P") -> 36
A117: DAFTAR MURID
A118: KELAS XI B2
A119: TAHUN PELAJARAN 2026-2027
A120: Wali Kelas : Yanti Kurniati, S.Pd
A121: NO | B121: NISN / NIS | C121: NAMA | D121: L / P | E121: KELAS
A122: 1 | B122: 0107760733 / 252610023 | C122: Aira Aulia Putri | D122: P | E122: XI B2
A123: 2 | B123: 0105339420 / 252610027 | C123: Aishanna Latifa Harjono | D123: P | E123: XI B2
A124: 3 | B124: 0102993208 / 252610043 | C124: Alisya Belva Dhio | D124: P | E124: XI B2
A125: 4 | B125: 0094160993 / 252610045 | C125: Alleandra Kaif Finandita | D125: P | E125: XI B2
A126: 5 | B126: 0108561560 / 252610047 | C126: Almira Aprilia Putri | D126: P | E126: XI B2
A127: 6 | B127: 0096963702 / 252610066 | C127: Anndita | D127: P | E127: XI B2
A128: 7 | B128: 0107831985 / 252610068 | C128: Annisa Salsabilla | D128: P | E128: XI B2
A129: 8 | B129: 0108763766 / 252610141 | C129: Clarisa Meidiana | D129: P | E129: XI B2
A130: 9 | B130: 0091254694 / 252610146 | C130: Dahayu Nadhilah Syafa | D130: P | E130: XI B2
A131: 10 | B131: 0103966590 / 252610148 | C131: Danesh Arrayan Syahreen | D131: P | E131: XI B2
A132: 11 | B132: 0103526904 / 252610165 | C132: Dinara Savina | D132: P | E132: XI B2
A133: 12 | B133: 0108673369 / 252610178 | C133: Elen Vanesyah Wahyudi | D133: P | E133: XI B2
... A168: 47 | B168: 0105183684 / 252610540 | C168: Tanty Amelia Al Rasyid | D168: P | E168: XI B2
C170: LAKI - LAKI | D170: =COUNTIF(D122:D168, "L") -> 12
C171: PEREMPUAN | D171: =COUNTIF(D122:D168, "P") -> 35
A174: DAFTAR MURID
A175: KELAS XI B3
A176: TAHUN PELAJARAN 2026-2027
A177: Wali Kelas : Dwi Lestari, S.Pd
A178: NO | B178: NISN / NIS | C178: NAMA | D178: L / P | E178: KELAS
A179: 1 | B179: 0109542213 / 252610010 | C179: Adinda Garnetha Prasistha | D179: P | E179: XI B3
A180: 2 | B180: 0104072965 / 252610012 | C180: Aditya Bayu Sutanto | D180: L | E180: XI B3
A181: 3 | B181: 0109597144 / 252610017 | C181: Ahmad Fahri Hidayat | D181: L | E181: XI B3
A182: 4 | B182: 0093866965 / 252610029 | C182: Aisyah Aqilah Agni | D182: P | E182: XI B3
A183: 5 | B183: 0094216872 / 252610036 | C183: Alfany Himma Roudina | D183: P | E183: XI B3
A184: 6 | B184: 0101401010 / 252610051 | C184: Alya Silvana Sarifah | D184: P | E184: XI B3
A185: 7 | B185: 0093799489 / 252610071 | C185: Aqila Elmohri | D185: P | E185: XI B3
A186: 8 | B186: 0102592413 / 252610078 | C186: Ariyo Raditya Putra | D186: L | E186: XI B3
A187: 9 | B187: 0105797314 / 252610102 | C187: Aurelly Diana Zulkarnaen | D187: P | E187: XI B3
A188: 10 | B188: 0099038184 / 252610109 | C188: Azalia Maheswari Christabel | D188: P | E188: XI B3
A189: 11 | B189: 0106995291 / 252610126 | C189: Bimo Armani Aulia Putra | D189: L | E189: XI B3
A190: 12 | B190: 0092794157 / 252610139 | C190: Cinta Cludia Putri | D190: P | E190: XI B3
... A225: 47 | B225: 0108569165 / 252610557 | C225: Yoanne Mulin Averina | D225: P | E225: XI B3
C227: LAKI - LAKI | D227: =COUNTIF(D179:D225, "L") -> 12
C228: PEREMPUAN | D228: =COUNTIF(D179:D225, "P") -> 35
A231: DAFTAR MURID
A232: KELAS XI C1
A233: TAHUN PELAJARAN 2026-2027
A234: Wali Kelas : Dewi Rahmawati, S.Pd
A235: NO | B235: NISN / NIS | C235: NAMA | D235: L / P | E235: KELAS
A236: 1 | B236: 0092194625 / 252610004 | C236: Achmad Ardiansyah | D236: L | E236: XI C1
A237: 2 | B237: 0093560012 / 252610007 | C237: Adelia Niken | D237: P | E237: XI C1
A238: 3 | B238: 0092626116 / 252610008 | C238: Adhie Bramantyo Faqih | D238: L | E238: XI C1
A239: 4 | B239: 0105813396 / 252610052 | C239: Alyya Zahra Kusumadewi | D239: P | E239: XI C1
A240: 5 | B240: 0104459637 / 252610055 | C240: Amira Agni Kayla Raisya | D240: P | E240: XI C1
A241: 6 | B241: 0102122161 / 252610096 | C241: Aulia Azahra | D241: P | E241: XI C1
A242: 7 | B242: 0097285374 / 262711382 | C242: Aulia Tristanti | D242: P | E242: XI C1
A243: 8 | B243: 0096394871 / 252610101 | C243: Aurelia Septiani Putri | D243: P | E243: XI C1
A244: 9 | B244: 0091891047 / 252610114 | C244: Azzalea Sakinah Ayura Putri | D244: P | E244: XI C1
A245: 10 | B245: 0092180086 / 252610125 | C245: Bima Anggareksa Yusiansyah | D245: L | E245: XI C1
A246: 11 | B246: 0096103714 / 252610138 | C246: Cindy Ramadhani Sinulingga | D246: P | E246: XI C1
A247: 12 | B247: 0094286208 / 252610142 | C247: Claudia Dominique Gabriella Torus | D247: P | E247: XI C1
... A281: 46 | B281: 0105748224 / 252610565 | C281: Zelda Hanifah Zaneta | D281: P | E281: XI C1
C283: LAKI - LAKI | D283: =COUNTIF(D236:D281, "L") -> 20
...

Sheet Kelas XII Angk.32
A1: PEMERINTAH DAERAH PROVINSI JAWA BARAT DINAS PENDIDIKAN SMA NEGERI 2 CIBINONG Jln. Karadenan No. 5 Cibinong Telp/Fax. ( 0251 ) 8654347 Bogor 16913 http://www.sman2cibinong.sch.id email: info@sman2cibinong.sch.id
A3: DAFTAR MURID
A4: KELAS XII A1
A5: TAHUN PELAJARAN 2026-2027
A6: Wali Kelas : Wawan Kurniawan, S.Sos
A7: NO | B7: NISN / NIS | C7: NAMA | D7: L / P | E7: KELAS
A8: 1 | B8: 0082590495 / 242510008 | C8: Agil Umar | D8: L | E8: XII A1
A9: 2 | B9: 0097313548 / 242510011 | C9: Ahmad Riyad Sugiarto | D9: L | E9: XII A1
A10: 3 | B10: 0094510551 / 242510025 | C10: Alifah Khairani Sawaludin | D10: P | E10: XII A1
A11: 4 | B11: 0087298416 / 242510031 | C11: Almira Tungga Dewi | D11: P | E11: XII A1
A12: 5 | B12: 0095546511 / 242510069 | C12: Aulya Mawal Juniar | D12: P | E12: XII A1
A13: 6 | B13: 3086190678 / 242510079 | C13: Bagaskara Arya Perkasa | D13: L | E13: XII A1
A14: 7 | B14: 0107163370 / 242510095 | C14: Chiara Nanda Setiyo Fazria | D14: P | E14: XII A1
A15: 8 | B15: 3092678408 / 242510108 | C15: Devin Anandya Syuja | D15: L | E15: XII A1
A16: 9 | B16: 0095504110 / 242510111 | C16: Diaz Pradana Putra | D16: L | E16: XII A1
A17: 10 | B17: 3081717964 / 242510114 | C17: Disha Ramanda Putra | D17: L | E17: XII A1
A18: 11 | B18: 0083076557 / 242510116 | C18: Donita Aulia Ramadhani | D18: P | E18: XII A1
A19: 12 | B19: 0093137843 / 242510126 | C19: Evania Sarah Ilmira | D19: P | E19: XII A1
... A43: 36 | B43: 0085011294 / 242510432 | C43: Zulfa Laila Mashurah | D43: P | E43: XII A1
C45: Perempuan | D45: =COUNTIF(R[-37]C[0]:R[-2]C[0],"P") -> #ERROR!
C46: Laki-Laki | D46: =COUNTIF(R[-38]C[0]:R[-3]C[0],"L") -> #ERROR!
A50: DAFTAR MURID
A51: KELAS XII A2
A52: TAHUN PELAJARAN 2026-2027
A53: Wali Kelas : Rahmalia Dewi, S.Si
A54: NO | B54: NISN / NIS | C54: NAMA | D54: L / P | E54: KELAS
A55: 1 | B55: 0092385645 / 242510005 | C55: Adinda Khayla | D55: P | E55: XII A2
A56: 2 | B56: 0083638898 / 242510007 | C56: Aditya Narayan | D56: L | E56: XII A2
A57: 3 | B57: 0083581318 / 242510018 | C57: Aisyah Syuja Larasati Sigit | D57: P | E57: XII A2
A58: 4 | B58: 0086733881 / 242510028 | C58: Alma Destianti | D58: P | E58: XII A2
A59: 5 | B59: 0098621054 / 242510037 | C59: Alya Mukhbita Hendriana | D59: P | E59: XII A2
A60: 6 | B60: 0092707821 / 242510046 | C60: Anindita Naranisa Jati | D60: P | E60: XII A2
A61: 7 | B61: 0083016159 / 242510052 | C61: Annisa Nur Fajriya | D61: P | E61: XII A2
A62: 8 | B62: 0083641645 / 242510064 | C62: Atma Pertiwi | D62: P | E62: XII A2
A63: 9 | B63: 0093262366 / 242510104 | C63: Deivar Brimantara | D63: L | E63: XII A2
A64: 10 | B64: 0096851574 / 242510117 | C64: Dzakia Fitri | D64: P | E64: XII A2
A65: 11 | B65: 0092622229 / 242510129 | C65: Fadhilah Dwi Sabrina Nugrahaning Putri | D65: P | E65: XII A2
A66: 12 | B66: 0081916428 / 242510141 | C66: Fellysia Oktafia Fernanda | D66: P | E66: XII A2
... A90: 36 | B90: 0094935892 / 242510412 | C90: Wanda Zhafirah | D90: P | E90: XII A2
C92: Perempuan | D92: =COUNTIF(R[-37]C[0]:R[-2]C[0],"P") -> #ERROR!
C93: Laki-Laki | D93: =COUNTIF(R[-38]C[0]:R[-3]C[0],"L") -> #ERROR!
A96: DAFTAR MURID
A97: KELAS XII B1
A98: TAHUN PELAJARAN 2026-2027
A99: Wali Kelas : Dwi Rokhmiyatun, S.Pd
A100: NO | B100: NISN / NIS | C100: NAMA | D100: L / P | E100: KELAS
A101: 1 | B101: 0085027044 / 242510010 | C101: Ahmad Humam Rifqi | D101: L | E101: XII B1
A102: 2 | B102: 0081265372 / 242510027 | C102: Allayda Cindy Addrian | D102: P | E102: XII B1
A103: 3 | B103: 0092697249 / 242510041 | C103: Anandio Alfathir Suherman | D103: L | E103: XII B1
A104: 4 | B104: 0085437129 / 242510070 | C104: Aura Humaira Putri Gunawan | D104: P | E104: XII B1
A105: 5 | B105: 0098656322 / 242510113 | C105: Dinda Syafana Alfatiha .N .R .K | D105: P | E105: XII B1
A106: 6 | B106: 0096763243 / 242510120 | C106: Elizabeth Fransiska Siregar | D106: P | E106: XII B1
A107: 7 | B107: 0098951883 / 242510136 | C107: Fariha Tiara Jinaani | D107: P | E107: XII B1
A108: 8 | B108: 0094722345 / 242510180 | C108: Juan Tri Alexandro Immanuel | D108: L | E108: XII B1
A109: 9 | B109: 0097193046 / 242510184 | C109: Karimah Bassam Faris Sawaftah | D109: P | E109: XII B1
A110: 10 | B110: 0093505380 / 242510187 | C110: Kayla Rahmah Mumtazah | D110: P | E110: XII B1
A111: 11 | B111: 0084361496 / 242510193 | C111: Kesya Rashan Syilbiyy Firdaus | D111: P | E111: XII B1
A112: 12 | B112: 0093778675 / 242510197 | C112: Kezia Feodora Simarnala Ciberro | D112: P | E112: XII B1
... A135: 35 | B135: 0082801587 / 242510421 | C135: Zahisa Raudhatul Jannah | D135: P | E135: XII B1
C137: Perempuan | D137: =COUNTIF(R[-36]C[0]:R[-2]C[0],"P") -> #ERROR!
C138: Laki-Laki | D138: =COUNTIF(R[-37]C[0]:R[-3]C[0],"L") -> #ERROR!
A141: DAFTAR MURID
A142: KELAS XII B2
A143: TAHUN PELAJARAN 2026-2027
A144: Wali Kelas : Aripudin, S.Pd.
A145: NO | B145: NISN / NIS | C145: NAMA | D145: L / P | E145: KELAS
A146: 1 | B146: 0091989218 / 242510017 | C146: Aisyah Nur Izzah | D146: P | E146: XII B2
A147: 2 | B147: 0087766031 / 252611567 | C147: Alexandria Prameswari Prawiro | D147: P | E147: XII B2
A148: 3 | B148: 0098715904 / 242510023 | C148: Alexia Luigi Lian | D148: P | E148: XII B2
A149: 4 | B149: 0081501338 / 242510042 | C149: Andi Almaghfira Shabila Sawerigading | D149: P | E149: XII B2
A150: 5 | B150: 0085534034 / 242510086 | C150: Bintang Alif Putra Satriya | D150: L | E150: XII B2
A151: 6 | B151: 0084745418 / 242510091 | C151: Chaerani Yulianti | D151: P | E151: XII B2
A152: 7 | B152: 0095136014 / 242510102 | C152: Davina Mutiara Arfi | D152: P | E152: XII B2
A153: 8 | B153: 0098889247 / 242510133 | C153: Faiza Zalfa Nadifa | D153: P | E153: XII B2
A154: 9 | B154: 0094252138 / 242510134 | C154: Fajra Aniq Khalisha | D154: P | E154: XII B2
A155: 10 | B155: 0086688060 / 242510135 | C155: Faliqa Haq Hasanah | D155: P | E155: XII B2
A156: 11 | B156: 0092223653 / 242510142 | C156: Feyza Alya Mukhbita | D156: P | E156: XII B2
A157: 12 | B157: 0085278931 / 242510165 | C157: Hilma Sandria | D157: P | E157: XII B2
... A180: 35 | B180: 0084616257 / 242510420 | C180: Zahara Romadhona | D180: P | E180: XII B2
C182: Perempuan | D182: =COUNTIF(R[-36]C[0]:R[-2]C[0],"P") -> #ERROR!
C183: Laki-Laki | D183: =COUNTIF(R[-37]C[0]:R[-3]C[0],"L") -> #ERROR!
A186: DAFTAR MURID
A187: KELAS XII C
A188: TAHUN PELAJARAN 2026-2027
A189: Wali Kelas : Ilmia Fathonah, S.Pd.M.Pd.
A190: NO | B190: NISN / NIS | C190: NAMA | D190: L / P | E190: KELAS
A191: 1 | B191: 0097029152 / 242510001 | C191: Abdurrahman Syauqi | D191: L | E191: XII C
A192: 2 | B192: 0096738562 / 242510014 | C192: Aira Eva Fajarina | D192: P | E192: XII C
A193: 3 | B193: 0099375029 / 242510019 | C193: Akram Dika Setiawan | D193: L | E193: XII C
A194: 4 | B194: 0085348468 / 242510024 | C194: Al-Habi Syehar Irawan | D194: L | E194: XII C
A195: 5 | B195: 0095154966 / 242510036 | C195: Alya Atifa Edfiyanti | D195: P | E195: XII C
A196: 6 | B196: 0096990480 / 242510044 | C196: Andrea Kaira Nezza | D196: P | E196: XII C
A197: 7 | B197: 0081271561 / 242510054 | C197: Ardhito Himawan Dwantara | D197: L | E197: XII C
A198: 8 | B198: 0099561898 / 242510071 | C198: Aureli Valency Achiles | D198: P | E198: XII C
A199: 9 | B199: 0091681862 / 242510088 | C199: Caesy Aprilia Bausir | D199: P | E199: XII C
A200: 10 | B200: 0098451979 / 242510161 | C200: Hasna Azmalea Radhina Santosa | D200: P | E200: XII C
A201: 11 | B201: 0084845522 / 242510200 | C201: Khalista Bisi Elmyra | D201: P | E201: XII C
A202: 12 | B202: 0083434779 / 252611571 | C202: Khanza Nadya Rahman | D202: P | E202: XII C
... A226: 36 | B226: 0092434039 / 242510410 | C226: Vira Aprilia Putri | D226: P | E226: XII C
C228: Perempuan | D228: =COUNTIF(R[-37]C[0]:R[-2]C[0],"P") -> #ERROR!
...
