Workbook

Sheet Dashboard Presensi SCC
A1: Tahun Ajaran | B1: 2025/2026
A2: Semester I
A5: Persentase Kehadiran
A6: Kelas X
A7: Kelas XI
A8: Kelas XII
A10: Cari Siswa

Sheet Form Presensi SCC
A1: Timestamp | B1: NISN | C1: Status | D1: Email Address | E1: Nama Lengkap | F1: L/P | G1: Angkatan | H1: Kelas | I1: Grup | J1: Mentor | K1: Tanggal Mentoring | L1: Tahun Ajaran | M1: Pertemuan Grup
A2: 45969.318 | B2: 0093629282 | C2: Hadir | D2: m.rizza.alfarisi67@gmail.com
A3: 45969.32 | B3: 3103220251 | C3: Hadir | D3: m.rizza.alfarisi67@gmail.com
A4: 45969.321 | B4: 0107936085 | C4: Hadir | D4: m.rizza.alfarisi67@gmail.com
A5: 45969.321 | B5: 0104328116 | C5: Hadir | D5: m.rizza.alfarisi67@gmail.com
A6: 45969.321 | B6: 0093828028 | C6: Hadir | D6: m.rizza.alfarisi67@gmail.com
A7: 45969.351 | B7: 0094782869 | C7: Hadir | D7: m.rizza.alfarisi67@gmail.com
A8: 45983.335 | B8: 0093629282 | C8: Hadir | D8: m.rizza.alfarisi67@gmail.com
A9: 45983.335 | B9: 0107936085 | C9: Hadir | D9: m.rizza.alfarisi67@gmail.com
A10: 45983.336 | B10: 0105614197 | C10: Hadir | D10: m.rizza.alfarisi67@gmail.com
A11: 45983.336 | B11: 3103220251 | C11: Hadir | D11: m.rizza.alfarisi67@gmail.com
A12: 45983.337 | B12: 0104328116 | C12: Hadir | D12: m.rizza.alfarisi67@gmail.com
A13: 45983.338 | B13: 0094782869 | C13: Hadir | D13: m.rizza.alfarisi67@gmail.com
A14: 45983.338 | B14: 0107487290 | C14: Hadir | D14: m.rizza.alfarisi67@gmail.com
A15: 45983.339 | B15: 0093678218 | C15: Hadir | D15: m.rizza.alfarisi67@gmail.com
A16: 45983.34 | B16: 0093078917 | C16: Hadir | D16: m.rizza.alfarisi67@gmail.com
A17: 45983.341 | B17: 0097446281 | C17: Hadir | D17: m.rizza.alfarisi67@gmail.com
A18: 45983.341 | B18: 0095243962 | C18: Hadir | D18: m.rizza.alfarisi67@gmail.com
A19: 45983.355 | B19: 3092618789 | C19: Hadir | D19: ekadimw35@gmail.com
A20: 45983.38 | B20: 0106995291 | C20: Hadir | D20: ronydurra@gmail.com
A21: 45983.38 | B21: 0108107461 | C21: Hadir | D21: ronydurra@gmail.com
A22: 45983.381 | B22: 0103151970 | C22: Hadir | D22: ronydurra@gmail.com
A23: 45983.381 | B23: 0092626116 | C23: Hadir | D23: ronydurra@gmail.com
A24: 45983.381 | B24: 0095992391 | C24: Hadir | D24: ronydurra@gmail.com
A25: 45983.382 | B25: 0093126257 | C25: Hadir | D25: ronydurra@gmail.com
A26: 45983.382 | B26: 0105914504 | C26: Hadir | D26: ronydurra@gmail.com
A27: 45983.383 | B27: 0092135851 | C27: Hadir | D27: ronydurra@gmail.com
A28: 45983.405 | B28: 0094465097 | C28: Hadir | D28: ekadimw35@gmail.com
A29: 46053.31 | B29: 0093828028 | C29: Hadir | D29: m.rizza.alfarisi67@gmail.com
A30: 46053.312 | B30: 0107487290 | C30: Hadir | D30: m.rizza.alfarisi67@gmail.com
A31: 46053.334 | B31: 0093078917 | C31: Hadir | D31: m.rizza.alfarisi67@gmail.com
... A38: 46053.337 | B38: 0093629282 | C38: Hadir | D38: m.rizza.alfarisi67@gmail.com
A39: 46053.337 | B39: 3103220251 | C39: Hadir | D39: m.rizza.alfarisi67@gmail.com
A40: 46056.263 | B40: 0082590495 / 242510008 | C40: Hadir | D40: skycircle.id@gmail.com
A41: 46067.699 | B41: 0094782869 | C41: Hadir | D41: m.rizza.alfarisi67@gmail.com
A42: 46067.699 | B42: 0093678218 | C42: Hadir | D42: m.rizza.alfarisi67@gmail.com
A43: 46067.699 | B43: 0093078917 | C43: Hadir | D43: m.rizza.alfarisi67@gmail.com
A44: 46067.699 | B44: 0105614197 | C44: Hadir | D44: m.rizza.alfarisi67@gmail.com
A45: 46067.7 | B45: 0095243962 | C45: Hadir | D45: m.rizza.alfarisi67@gmail.com
A46: 46067.704 | B46: 0093629282 | C46: Hadir | D46: m.rizza.alfarisi67@gmail.com
A47: 46067.72 | B47: 0097864614 | C47: Hadir | D47: m.rizza.alfarisi67@gmail.com
A48: 46067.768 | B48: 0099339799 | C48: Hadir | D48: m.rizza.alfarisi67@gmail.com
A49: 46088.316 | B49: 0083634869 / 242510301 | C49: Hadir | D49: nadiradzra59@gmail.com
A50: 46088.351 | B50: 0083016159 / 242510052 | C50: Hadir | D50: nadiradzra59@gmail.com
A51: 46088.351 | B51: 0099551790 / 242510296 | C51: Hadir | D51: nadiradzra59@gmail.com
... A371: 46165.922 | B371: 0104574006 / 252610262 | C371: Hadir | D371: rhnrra@gmail.com

Sheet Database Presensi SCC
A1: NO URUT | B1: NO ABSEN | C1: NISN / NIS | D1: NAMA | E1: L/P | F1: ANGKATAN | G1: KELAS TA | H1: Grup TA | I1: Mentor TA | J1: Kelas X | K1: Kelas XI | L1: Kelas XII | M1: Grup X | N1: Grup XI | O1: Grup XII | P1: Link Presensi | Q1: QR Code | R1: Merged Doc ID - Kartu QR Code | S1: Merged Doc URL - Kartu QR Code | T1: Link to merged Doc - Kartu QR Code | U1: Document Merge Status - Kartu QR Code | W1: Total Kehadiran | X1: Total Mentoring | Y1: Persentase
A2: 1 | B2: 1 | C2: 0092626116 / 252610008 | D2: Adhie Bramantyo Faqih - L | E2: L | F2: 33 | G2: X1 | J2: X1 | P2: ="https://docs.google.com/forms/d/e/1FAIpQLSeZ-R1GrWlAPkfaThGqxeTj0QTtrARw4rroxIIepf2kipn1nw/formResponse?usp=pp_url&entry.1313582257="&C2&"&entry.1578404635=Hadir" -> https://docs.google.com/forms/d/e/1FAIpQLSeZ-R1GrWlAPkfaThGqxeTj0QTtrARw4rroxIIepf2kipn1nw/formResponse?usp=pp_url&entry.1313582257=0092626116 / 252610008&entry.1578404635=Hadir | Q2: {=IF(P2:P1382="","", "https://quickchart.io/qr?size=250&text=" & ENCODEURL(P2:P1382))} -> https://quickchart.io/qr?size=250&text=https%3A%2F%2Fdocs.google.com%2Fforms%2Fd%2Fe%2F1FAIpQLSeZ-R1GrWlAPkfaThGqxeTj0QTtrARw4rroxIIepf2kipn1nw%2FformResponse%3Fusp%3Dpp_url%26entry.1313582257%3D0092626116%20%2F%20252610008%26entry.1578404635%3DHadir | R2: 1vT3CS4iZFqZLg_tEljBkkpZG9JMocT_A | S2: https://drive.google.com/file/d/1vT3CS4iZFqZLg_tEljBkkpZG9JMocT_A/view?usp=drivesdk | T2: =HYPERLINK("https://drive.google.com/file/d/1vT3CS4iZFqZLg_tEljBkkpZG9JMocT_A/view?usp=drivesdk","33 - X1 - Adhie Bramantyo Faqih - L") -> 33 - X1 - Adhie Bramantyo Faqih - L | U2: Document successfully created; Document successfully merged; PDF created; Manually run by skycircle.id@gmail.com; Timestamp: Nov 7 2025 2:43 AM | W2: =COUNTIFS('Form Presensi SCC'!$B:$B, IF($C2<>0, TEXT($C2, "0000000000"), $D2), 'Form Presensi SCC'!$C:$C, "Hadir") -> 0 | X2: =MAXIFS($W:$W, $H:$H, $H2) -> 0 | Y2: =(W2/X2)*100% -> #DIV/0!
A3: 2 | B3: 2 | C3: 3103201253 / 252610048 | D3: Almira Dwi Safira - P | E3: P | F3: 33 | G3: X1 | J3: X1 | P3: ="https://docs.google.com/forms/d/e/1FAIpQLSeZ-R1GrWlAPkfaThGqxeTj0QTtrARw4rroxIIepf2kipn1nw/formResponse?usp=pp_url&entry.1313582257="&C3&"&entry.1578404635=Hadir" -> https://docs.google.com/forms/d/e/1FAIpQLSeZ-R1GrWlAPkfaThGqxeTj0QTtrARw4rroxIIepf2kipn1nw/formResponse?usp=pp_url&entry.1313582257=3103201253 / 252610048&entry.1578404635=Hadir | Q3: https://quickchart.io/qr?size=250&text=https%3A%2F%2Fdocs.google.com%2Fforms%2Fd%2Fe%2F1FAIpQLSeZ-R1GrWlAPkfaThGqxeTj0QTtrARw4rroxIIepf2kipn1nw%2FformResponse%3Fusp%3Dpp_url%26entry.1313582257%3D3103201253%20%2F%20252610048%26entry.1578404635%3DHadir | R3: 1mKmnVoLnZHVkK0DIF_UMnaayEkobf0l1 | S3: https://drive.google.com/file/d/1mKmnVoLnZHVkK0DIF_UMnaayEkobf0l1/view?usp=drivesdk | T3: =HYPERLINK("https://drive.google.com/file/d/1mKmnVoLnZHVkK0DIF_UMnaayEkobf0l1/view?usp=drivesdk","33 - X1 - Almira Dwi Safira - P") -> 33 - X1 - Almira Dwi Safira - P | U3: Document successfully created; Document successfully merged; PDF created; Manually run by skycircle.id@gmail.com; Timestamp: Nov 7 2025 2:50 AM | W3: =COUNTIFS('Form Presensi SCC'!$B:$B, IF($C3<>0, TEXT($C3, "0000000000"), $D3), 'Form Presensi SCC'!$C:$C, "Hadir") -> 0 | X3: =MAXIFS($W:$W, $H:$H, $H3) -> 0 | Y3: =(W3/X3)*100% -> #DIV/0!
A4: 3 | B4: 3 | C4: 0102149444 / 252610053 | D4: Alzena Juneeta Talisha Theo - P | E4: P | F4: 33 | G4: X1 | J4: X1 | P4: ="https://docs.google.com/forms/d/e/1FAIpQLSeZ-R1GrWlAPkfaThGqxeTj0QTtrARw4rroxIIepf2kipn1nw/formResponse?usp=pp_url&entry.1313582257="&C4&"&entry.1578404635=Hadir" -> https://docs.google.com/forms/d/e/1FAIpQLSeZ-R1GrWlAPkfaThGqxeTj0QTtrARw4rroxIIepf2kipn1nw/formResponse?usp=pp_url&entry.1313582257=0102149444 / 252610053&entry.1578404635=Hadir | Q4: https://quickchart.io/qr?size=250&text=https%3A%2F%2Fdocs.google.com%2Fforms%2Fd%2Fe%2F1FAIpQLSeZ-R1GrWlAPkfaThGqxeTj0QTtrARw4rroxIIepf2kipn1nw%2FformResponse%3Fusp%3Dpp_url%26entry.1313582257%3D0102149444%20%2F%20252610053%26entry.1578404635%3DHadir | R4: 1d7U49CQ9RJNH2-hBQjzC_hHvscAAXvsr | S4: https://drive.google.com/file/d/1d7U49CQ9RJNH2-hBQjzC_hHvscAAXvsr/view?usp=drivesdk | T4: =HYPERLINK("https://drive.google.com/file/d/1d7U49CQ9RJNH2-hBQjzC_hHvscAAXvsr/view?usp=drivesdk","33 - X1 - Alzena Juneeta Talisha Theo - P") -> 33 - X1 - Alzena Juneeta Talisha Theo - P | U4: Document successfully created; Document successfully merged; PDF created; Manually run by skycircle.id@gmail.com; Timestamp: Nov 7 2025 2:50 AM | W4: =COUNTIFS('Form Presensi SCC'!$B:$B, IF($C4<>0, TEXT($C4, "0000000000"), $D4), 'Form Presensi SCC'!$C:$C, "Hadir") -> 0 | X4: =MAXIFS($W:$W, $H:$H, $H4) -> 0 | Y4: =(W4/X4)*100% -> #DIV/0!
A5: 4 | B5: 4 | C5: 0095992391 / 252610082 | D5: Arya Aditya Gunawan - L | E5: L | F5: 33 | G5: X1 | J5: X1 | P5: ="https://docs.google.com/forms/d/e/1FAIpQLSeZ-R1GrWlAPkfaThGqxeTj0QTtrARw4rroxIIepf2kipn1nw/formResponse?usp=pp_url&entry.1313582257="&C5&"&entry.1578404635=Hadir" -> https://docs.google.com/forms/d/e/1FAIpQLSeZ-R1GrWlAPkfaThGqxeTj0QTtrARw4rroxIIepf2kipn1nw/formResponse?usp=pp_url&entry.1313582257=0095992391 / 252610082&entry.1578404635=Hadir | Q5: https://quickchart.io/qr?size=250&text=https%3A%2F%2Fdocs.google.com%2Fforms%2Fd%2Fe%2F1FAIpQLSeZ-R1GrWlAPkfaThGqxeTj0QTtrARw4rroxIIepf2kipn1nw%2FformResponse%3Fusp%3Dpp_url%26entry.1313582257%3D0095992391%20%2F%20252610082%26entry.1578404635%3DHadir | R5: 1LNiRTYHv6w9YVnhAR2HLyIcVFJQpcjze | S5: https://drive.google.com/file/d/1LNiRTYHv6w9YVnhAR2HLyIcVFJQpcjze/view?usp=drivesdk | T5: =HYPERLINK("https://drive.google.com/file/d/1LNiRTYHv6w9YVnhAR2HLyIcVFJQpcjze/view?usp=drivesdk","33 - X1 - Arya Aditya Gunawan - L") -> 33 - X1 - Arya Aditya Gunawan - L | U5: Document successfully created; Document successfully merged; PDF created; Manually run by skycircle.id@gmail.com; Timestamp: Nov 7 2025 2:51 AM | W5: =COUNTIFS('Form Presensi SCC'!$B:$B, IF($C5<>0, TEXT($C5, "0000000000"), $D5), 'Form Presensi SCC'!$C:$C, "Hadir") -> 0 | X5: =MAXIFS($W:$W, $H:$H, $H5) -> 0 | Y5: =(W5/X5)*100% -> #DIV/0!
A6: 5 | B6: 5 | C6: 0106142601 / 252610083 | D6: Aryasatia Pradipta - P | E6: P | F6: 33 | G6: X1 | J6: X1 | P6: ="https://docs.google.com/forms/d/e/1FAIpQLSeZ-R1GrWlAPkfaThGqxeTj0QTtrARw4rroxIIepf2kipn1nw/formResponse?usp=pp_url&entry.1313582257="&C6&"&entry.1578404635=Hadir" -> https://docs.google.com/forms/d/e/1FAIpQLSeZ-R1GrWlAPkfaThGqxeTj0QTtrARw4rroxIIepf2kipn1nw/formResponse?usp=pp_url&entry.1313582257=0106142601 / 252610083&entry.1578404635=Hadir | Q6: https://quickchart.io/qr?size=250&text=https%3A%2F%2Fdocs.google.com%2Fforms%2Fd%2Fe%2F1FAIpQLSeZ-R1GrWlAPkfaThGqxeTj0QTtrARw4rroxIIepf2kipn1nw%2FformResponse%3Fusp%3Dpp_url%26entry.1313582257%3D0106142601%20%2F%20252610083%26entry.1578404635%3DHadir | R6: 1IvfC4ixA8_XmXd4iM5ff5AmblC3pElr0 | S6: https://drive.google.com/file/d/1IvfC4ixA8_XmXd4iM5ff5AmblC3pElr0/view?usp=drivesdk | T6: =HYPERLINK("https://drive.google.com/file/d/1IvfC4ixA8_XmXd4iM5ff5AmblC3pElr0/view?usp=drivesdk","33 - X1 - Aryasatia Pradipta - P") -> 33 - X1 - Aryasatia Pradipta - P | U6: Document successfully created; Document successfully merged; PDF created; Manually run by skycircle.id@gmail.com; Timestamp: Nov 7 2025 2:51 AM | W6: =COUNTIFS('Form Presensi SCC'!$B:$B, IF($C6<>0, TEXT($C6, "0000000000"), $D6), 'Form Presensi SCC'!$C:$C, "Hadir") -> 0 | X6: =MAXIFS($W:$W, $H:$H, $H6) -> 0 | Y6: =(W6/X6)*100% -> #DIV/0!
A7: 6 | B7: 6 | C7: 0108104548 / 252610087 | D7: Asyifa Diandra Bayu - P | E7: P | F7: 33 | G7: X1 | J7: X1 | P7: ="https://docs.google.com/forms/d/e/1FAIpQLSeZ-R1GrWlAPkfaThGqxeTj0QTtrARw4rroxIIepf2kipn1nw/formResponse?usp=pp_url&entry.1313582257="&C7&"&entry.1578404635=Hadir" -> https://docs.google.com/forms/d/e/1FAIpQLSeZ-R1GrWlAPkfaThGqxeTj0QTtrARw4rroxIIepf2kipn1nw/formResponse?usp=pp_url&entry.1313582257=0108104548 / 252610087&entry.1578404635=Hadir | Q7: https://quickchart.io/qr?size=250&text=https%3A%2F%2Fdocs.google.com%2Fforms%2Fd%2Fe%2F1FAIpQLSeZ-R1GrWlAPkfaThGqxeTj0QTtrARw4rroxIIepf2kipn1nw%2FformResponse%3Fusp%3Dpp_url%26entry.1313582257%3D0108104548%20%2F%20252610087%26entry.1578404635%3DHadir | R7: 10upqMCystGLOOuj8IXeBYoCPDfZ9BeId | S7: https://drive.google.com/file/d/10upqMCystGLOOuj8IXeBYoCPDfZ9BeId/view?usp=drivesdk | T7: =HYPERLINK("https://drive.google.com/file/d/10upqMCystGLOOuj8IXeBYoCPDfZ9BeId/view?usp=drivesdk","33 - X1 - Asyifa Diandra Bayu - P") -> 33 - X1 - Asyifa Diandra Bayu - P | U7: Document successfully created; Document successfully merged; PDF created; Manually run by skycircle.id@gmail.com; Timestamp: Nov 7 2025 2:51 AM | W7: =COUNTIFS('Form Presensi SCC'!$B:$B, IF($C7<>0, TEXT($C7, "0000000000"), $D7), 'Form Presensi SCC'!$C:$C, "Hadir") -> 0 | X7: =MAXIFS($W:$W, $H:$H, $H7) -> 0 | Y7: =(W7/X7)*100% -> #DIV/0!
A8: 7 | B8: 7 | C8: 0103045473 / 252610088 | D8: Asyifa Maulidia Salsabila - P | E8: P | F8: 33 | G8: X1 | J8: X1 | P8: ="https://docs.google.com/forms/d/e/1FAIpQLSeZ-R1GrWlAPkfaThGqxeTj0QTtrARw4rroxIIepf2kipn1nw/formResponse?usp=pp_url&entry.1313582257="&C8&"&entry.1578404635=Hadir" -> https://docs.google.com/forms/d/e/1FAIpQLSeZ-R1GrWlAPkfaThGqxeTj0QTtrARw4rroxIIepf2kipn1nw/formResponse?usp=pp_url&entry.1313582257=0103045473 / 252610088&entry.1578404635=Hadir | Q8: https://quickchart.io/qr?size=250&text=https%3A%2F%2Fdocs.google.com%2Fforms%2Fd%2Fe%2F1FAIpQLSeZ-R1GrWlAPkfaThGqxeTj0QTtrARw4rroxIIepf2kipn1nw%2FformResponse%3Fusp%3Dpp_url%26entry.1313582257%3D0103045473%20%2F%20252610088%26entry.1578404635%3DHadir | R8: 1ZImG2x2uc38nnR6zZWUTE7w5Gq5qaqVc | S8: https://drive.google.com/file/d/1ZImG2x2uc38nnR6zZWUTE7w5Gq5qaqVc/view?usp=drivesdk | T8: =HYPERLINK("https://drive.google.com/file/d/1ZImG2x2uc38nnR6zZWUTE7w5Gq5qaqVc/view?usp=drivesdk","33 - X1 - Asyifa Maulidia Salsabila - P") -> 33 - X1 - Asyifa Maulidia Salsabila - P | U8: Document successfully created; Document successfully merged; PDF created; Manually run by skycircle.id@gmail.com; Timestamp: Nov 7 2025 2:51 AM | W8: =COUNTIFS('Form Presensi SCC'!$B:$B, IF($C8<>0, TEXT($C8, "0000000000"), $D8), 'Form Presensi SCC'!$C:$C, "Hadir") -> 0 | X8: =MAXIFS($W:$W, $H:$H, $H8) -> 0 | Y8: =(W8/X8)*100% -> #DIV/0!
A9: 8 | B9: 8 | C9: 0109105725 / 252610100 | D9: Aurelia Langit Callysta - P | E9: P | F9: 33 | G9: X1 | J9: X1 | P9: ="https://docs.google.com/forms/d/e/1FAIpQLSeZ-R1GrWlAPkfaThGqxeTj0QTtrARw4rroxIIepf2kipn1nw/formResponse?usp=pp_url&entry.1313582257="&C9&"&entry.1578404635=Hadir" -> https://docs.google.com/forms/d/e/1FAIpQLSeZ-R1GrWlAPkfaThGqxeTj0QTtrARw4rroxIIepf2kipn1nw/formResponse?usp=pp_url&entry.1313582257=0109105725 / 252610100&entry.1578404635=Hadir | Q9: https://quickchart.io/qr?size=250&text=https%3A%2F%2Fdocs.google.com%2Fforms%2Fd%2Fe%2F1FAIpQLSeZ-R1GrWlAPkfaThGqxeTj0QTtrARw4rroxIIepf2kipn1nw%2FformResponse%3Fusp%3Dpp_url%26entry.1313582257%3D0109105725%20%2F%20252610100%26entry.1578404635%3DHadir | R9: 1rvQo4Ey68VFrcETscC7InUaTRI1kIUWw | S9: https://drive.google.com/file/d/1rvQo4Ey68VFrcETscC7InUaTRI1kIUWw/view?usp=drivesdk | T9: =HYPERLINK("https://drive.google.com/file/d/1rvQo4Ey68VFrcETscC7InUaTRI1kIUWw/view?usp=drivesdk","33 - X1 - Aurelia Langit Callysta - P") -> 33 - X1 - Aurelia Langit Callysta - P | U9: Document successfully created; Document successfully merged; PDF created; Manually run by skycircle.id@gmail.com; Timestamp: Nov 7 2025 2:51 AM | W9: =COUNTIFS('Form Presensi SCC'!$B:$B, IF($C9<>0, TEXT($C9, "0000000000"), $D9), 'Form Presensi SCC'!$C:$C, "Hadir") -> 0 | X9: =MAXIFS($W:$W, $H:$H, $H9) -> 0 | Y9: =(W9/X9)*100% -> #DIV/0!
A10: 9 | B10: 9 | C10: 0096394871 / 252610101 | D10: Aurelia Septiani Putri - P | E10: P | F10: 33 | G10: X1 | J10: X1 | P10: ="https://docs.google.com/forms/d/e/1FAIpQLSeZ-R1GrWlAPkfaThGqxeTj0QTtrARw4rroxIIepf2kipn1nw/formResponse?usp=pp_url&entry.1313582257="&C10&"&entry.1578404635=Hadir" -> https://docs.google.com/forms/d/e/1FAIpQLSeZ-R1GrWlAPkfaThGqxeTj0QTtrARw4rroxIIepf2kipn1nw/formResponse?usp=pp_url&entry.1313582257=0096394871 / 252610101&entry.1578404635=Hadir | Q10: https://quickchart.io/qr?size=250&text=https%3A%2F%2Fdocs.google.com%2Fforms%2Fd%2Fe%2F1FAIpQLSeZ-R1GrWlAPkfaThGqxeTj0QTtrARw4rroxIIepf2kipn1nw%2FformResponse%3Fusp%3Dpp_url%26entry.1313582257%3D0096394871%20%2F%20252610101%26entry.1578404635%3DHadir | R10: 1b-GDSmMzqildFBtX8OSafkbnN90HrSEe | S10: https://drive.google.com/file/d/1b-GDSmMzqildFBtX8OSafkbnN90HrSEe/view?usp=drivesdk | T10: =HYPERLINK("https://drive.google.com/file/d/1b-GDSmMzqildFBtX8OSafkbnN90HrSEe/view?usp=drivesdk","33 - X1 - Aurelia Septiani Putri - P") -> 33 - X1 - Aurelia Septiani Putri - P | U10: Document successfully created; Document successfully merged; PDF created; Manually run by skycircle.id@gmail.com; Timestamp: Nov 7 2025 2:51 AM | W10: =COUNTIFS('Form Presensi SCC'!$B:$B, IF($C10<>0, TEXT($C10, "0000000000"), $D10), 'Form Presensi SCC'!$C:$C, "Hadir") -> 0 | X10: =MAXIFS($W:$W, $H:$H, $H10) -> 0 | Y10: =(W10/X10)*100% -> #DIV/0!
A11: 10 | B11: 10 | C11: 0099038184 / 252610109 | D11: Azalia Maheswari Christabel - P | E11: P | F11: 33 | G11: X1 | J11: X1 | P11: ="https://docs.google.com/forms/d/e/1FAIpQLSeZ-R1GrWlAPkfaThGqxeTj0QTtrARw4rroxIIepf2kipn1nw/formResponse?usp=pp_url&entry.1313582257="&C11&"&entry.1578404635=Hadir" -> https://docs.google.com/forms/d/e/1FAIpQLSeZ-R1GrWlAPkfaThGqxeTj0QTtrARw4rroxIIepf2kipn1nw/formResponse?usp=pp_url&entry.1313582257=0099038184 / 252610109&entry.1578404635=Hadir | Q11: https://quickchart.io/qr?size=250&text=https%3A%2F%2Fdocs.google.com%2Fforms%2Fd%2Fe%2F1FAIpQLSeZ-R1GrWlAPkfaThGqxeTj0QTtrARw4rroxIIepf2kipn1nw%2FformResponse%3Fusp%3Dpp_url%26entry.1313582257%3D0099038184%20%2F%20252610109%26entry.1578404635%3DHadir | R11: 1yx3LelcXw_e83FhlIETtKt3gLFBbBxee | S11: https://drive.google.com/file/d/1yx3LelcXw_e83FhlIETtKt3gLFBbBxee/view?usp=drivesdk | T11: =HYPERLINK("https://drive.google.com/file/d/1yx3LelcXw_e83FhlIETtKt3gLFBbBxee/view?usp=drivesdk","33 - X1 - Azalia Maheswari Christabel - P") -> 33 - X1 - Azalia Maheswari Christabel - P | U11: Document successfully created; Document successfully merged; PDF created; Manually run by skycircle.id@gmail.com; Timestamp: Nov 7 2025 2:51 AM | W11: =COUNTIFS('Form Presensi SCC'!$B:$B, IF($C11<>0, TEXT($C11, "0000000000"), $D11), 'Form Presensi SCC'!$C:$C, "Hadir") -> 0 | X11: =MAXIFS($W:$W, $H:$H, $H11) -> 0 | Y11: =(W11/X11)*100% -> #DIV/0!
A12: 11 | B12: 11 | C12: 0096477713 / 252610122 | D12: Bilqis Anwar Thebe - P | E12: P | F12: 33 | G12: X1 | J12: X1 | P12: ="https://docs.google.com/forms/d/e/1FAIpQLSeZ-R1GrWlAPkfaThGqxeTj0QTtrARw4rroxIIepf2kipn1nw/formResponse?usp=pp_url&entry.1313582257="&C12&"&entry.1578404635=Hadir" -> https://docs.google.com/forms/d/e/1FAIpQLSeZ-R1GrWlAPkfaThGqxeTj0QTtrARw4rroxIIepf2kipn1nw/formResponse?usp=pp_url&entry.1313582257=0096477713 / 252610122&entry.1578404635=Hadir | Q12: https://quickchart.io/qr?size=250&text=https%3A%2F%2Fdocs.google.com%2Fforms%2Fd%2Fe%2F1FAIpQLSeZ-R1GrWlAPkfaThGqxeTj0QTtrARw4rroxIIepf2kipn1nw%2FformResponse%3Fusp%3Dpp_url%26entry.1313582257%3D0096477713%20%2F%20252610122%26entry.1578404635%3DHadir | R12: 1tS8oCGyjXE_iUjrmtYwoF0c6IxPj5bwe | S12: https://drive.google.com/file/d/1tS8oCGyjXE_iUjrmtYwoF0c6IxPj5bwe/view?usp=drivesdk | T12: =HYPERLINK("https://drive.google.com/file/d/1tS8oCGyjXE_iUjrmtYwoF0c6IxPj5bwe/view?usp=drivesdk","33 - X1 - Bilqis Anwar Thebe - P") -> 33 - X1 - Bilqis Anwar Thebe - P | U12: Document successfully created; Document successfully merged; PDF created; Manually run by skycircle.id@gmail.com; Timestamp: Nov 7 2025 2:52 AM | W12: =COUNTIFS('Form Presensi SCC'!$B:$B, IF($C12<>0, TEXT($C12, "0000000000"), $D12), 'Form Presensi SCC'!$C:$C, "Hadir") -> 1 | X12: =MAXIFS($W:$W, $H:$H, $H12) -> 0 | Y12: =(W12/X12)*100% -> #DIV/0!
A13: 12 | B13: 12 | C13: 0106995291 / 252610126 | D13: Bimo Armani Aulia Putra - L | E13: L | F13: 33 | G13: X1 | J13: X1 | P13: ="https://docs.google.com/forms/d/e/1FAIpQLSeZ-R1GrWlAPkfaThGqxeTj0QTtrARw4rroxIIepf2kipn1nw/formResponse?usp=pp_url&entry.1313582257="&C13&"&entry.1578404635=Hadir" -> https://docs.google.com/forms/d/e/1FAIpQLSeZ-R1GrWlAPkfaThGqxeTj0QTtrARw4rroxIIepf2kipn1nw/formResponse?usp=pp_url&entry.1313582257=0106995291 / 252610126&entry.1578404635=Hadir | Q13: https://quickchart.io/qr?size=250&text=https%3A%2F%2Fdocs.google.com%2Fforms%2Fd%2Fe%2F1FAIpQLSeZ-R1GrWlAPkfaThGqxeTj0QTtrARw4rroxIIepf2kipn1nw%2FformResponse%3Fusp%3Dpp_url%26entry.1313582257%3D0106995291%20%2F%20252610126%26entry.1578404635%3DHadir | R13: 1EmJkPoxdTJ-gQWZdii-D138hhWBcspG4 | S13: https://drive.google.com/file/d/1EmJkPoxdTJ-gQWZdii-D138hhWBcspG4/view?usp=drivesdk | T13: =HYPERLINK("https://drive.google.com/file/d/1EmJkPoxdTJ-gQWZdii-D138hhWBcspG4/view?usp=drivesdk","33 - X1 - Bimo Armani Aulia Putra - L") -> 33 - X1 - Bimo Armani Aulia Putra - L | U13: Document successfully created; Document successfully merged; PDF created; Manually run by skycircle.id@gmail.com; Timestamp: Nov 7 2025 2:52 AM | W13: =COUNTIFS('Form Presensi SCC'!$B:$B, IF($C13<>0, TEXT($C13, "0000000000"), $D13), 'Form Presensi SCC'!$C:$C, "Hadir") -> 0 | X13: =MAXIFS($W:$W, $H:$H, $H13) -> 0 | Y13: =(W13/X13)*100% -> #DIV/0!
A14: 13 | B14: 13 | C14: 0094126705 / 252610130 | D14: Callysta Tuchi Solin - P | E14: P | F14: 33 | G14: X1 | J14: X1 | P14: ="https://docs.google.com/forms/d/e/1FAIpQLSeZ-R1GrWlAPkfaThGqxeTj0QTtrARw4rroxIIepf2kipn1nw/formResponse?usp=pp_url&entry.1313582257="&C14&"&entry.1578404635=Hadir" -> https://docs.google.com/forms/d/e/1FAIpQLSeZ-R1GrWlAPkfaThGqxeTj0QTtrARw4rroxIIepf2kipn1nw/formResponse?usp=pp_url&entry.1313582257=0094126705 / 252610130&entry.1578404635=Hadir | Q14: https://quickchart.io/qr?size=250&text=https%3A%2F%2Fdocs.google.com%2Fforms%2Fd%2Fe%2F1FAIpQLSeZ-R1GrWlAPkfaThGqxeTj0QTtrARw4rroxIIepf2kipn1nw%2FformResponse%3Fusp%3Dpp_url%26entry.1313582257%3D0094126705%20%2F%20252610130%26entry.1578404635%3DHadir | R14: 1V36ZPnUswM9ug8uwlwbe7s6iXPAB3HIh | S14: https://drive.google.com/file/d/1V36ZPnUswM9ug8uwlwbe7s6iXPAB3HIh/view?usp=drivesdk | T14: =HYPERLINK("https://drive.google.com/file/d/1V36ZPnUswM9ug8uwlwbe7s6iXPAB3HIh/view?usp=drivesdk","33 - X1 - Callysta Tuchi Solin - P") -> 33 - X1 - Callysta Tuchi Solin - P | U14: Document successfully created; Document successfully merged; PDF created; Manually run by skycircle.id@gmail.com; Timestamp: Nov 7 2025 2:52 AM | W14: =COUNTIFS('Form Presensi SCC'!$B:$B, IF($C14<>0, TEXT($C14, "0000000000"), $D14), 'Form Presensi SCC'!$C:$C, "Hadir") -> 0 | X14: =MAXIFS($W:$W, $H:$H, $H14) -> 0 | Y14: =(W14/X14)*100% -> #DIV/0!
A15: 14 | B15: 14 | C15: 0105914504 / 252610171 | D15: Diwangkara Rizki Rabbani - L | E15: L | F15: 33 | G15: X1 | J15: X1 | P15: ="https://docs.google.com/forms/d/e/1FAIpQLSeZ-R1GrWlAPkfaThGqxeTj0QTtrARw4rroxIIepf2kipn1nw/formResponse?usp=pp_url&entry.1313582257="&C15&"&entry.1578404635=Hadir" -> https://docs.google.com/forms/d/e/1FAIpQLSeZ-R1GrWlAPkfaThGqxeTj0QTtrARw4rroxIIepf2kipn1nw/formResponse?usp=pp_url&entry.1313582257=0105914504 / 252610171&entry.1578404635=Hadir | Q15: https://quickchart.io/qr?size=250&text=https%3A%2F%2Fdocs.google.com%2Fforms%2Fd%2Fe%2F1FAIpQLSeZ-R1GrWlAPkfaThGqxeTj0QTtrARw4rroxIIepf2kipn1nw%2FformResponse%3Fusp%3Dpp_url%26entry.1313582257%3D0105914504%20%2F%20252610171%26entry.1578404635%3DHadir | R15: 1Y17P9BaSObYaTN9WA1Z9-poUfGpD2LLP | S15: https://drive.google.com/file/d/1Y17P9BaSObYaTN9WA1Z9-poUfGpD2LLP/view?usp=drivesdk | T15: =HYPERLINK("https://drive.google.com/file/d/1Y17P9BaSObYaTN9WA1Z9-poUfGpD2LLP/view?usp=drivesdk","33 - X1 - Diwangkara Rizki Rabbani - L") -> 33 - X1 - Diwangkara Rizki Rabbani - L | U15: Document successfully created; Document successfully merged; PDF created; Manually run by skycircle.id@gmail.com; Timestamp: Nov 7 2025 2:52 AM | W15: =COUNTIFS('Form Presensi SCC'!$B:$B, IF($C15<>0, TEXT($C15, "0000000000"), $D15), 'Form Presensi SCC'!$C:$C, "Hadir") -> 0 | X15: =MAXIFS($W:$W, $H:$H, $H15) -> 0 | Y15: =(W15/X15)*100% -> #DIV/0!
A16: 15 | B16: 15 | C16: 0092097491 / 252610175 | D16: Dzahra Miftahuljanah - P | E16: P | F16: 33 | G16: X1 | J16: X1 | P16: ="https://docs.google.com/forms/d/e/1FAIpQLSeZ-R1GrWlAPkfaThGqxeTj0QTtrARw4rroxIIepf2kipn1nw/formResponse?usp=pp_url&entry.1313582257="&C16&"&entry.1578404635=Hadir" -> https://docs.google.com/forms/d/e/1FAIpQLSeZ-R1GrWlAPkfaThGqxeTj0QTtrARw4rroxIIepf2kipn1nw/formResponse?usp=pp_url&entry.1313582257=0092097491 / 252610175&entry.1578404635=Hadir | Q16: https://quickchart.io/qr?size=250&text=https%3A%2F%2Fdocs.google.com%2Fforms%2Fd%2Fe%2F1FAIpQLSeZ-R1GrWlAPkfaThGqxeTj0QTtrARw4rroxIIepf2kipn1nw%2FformResponse%3Fusp%3Dpp_url%26entry.1313582257%3D0092097491%20%2F%20252610175%26entry.1578404635%3DHadir | R16: 1gdHQkc3oC094D12II38YKtMKEBJWo6Sv | S16: https://drive.google.com/file/d/1gdHQkc3oC094D12II38YKtMKEBJWo6Sv/view?usp=drivesdk | T16: =HYPERLINK("https://drive.google.com/file/d/1gdHQkc3oC094D12II38YKtMKEBJWo6Sv/view?usp=drivesdk","33 - X1 - Dzahra Miftahuljanah - P") -> 33 - X1 - Dzahra Miftahuljanah - P | U16: Document successfully created; Document successfully merged; PDF created; Manually run by skycircle.id@gmail.com; Timestamp: Nov 7 2025 2:52 AM | W16: =COUNTIFS('Form Presensi SCC'!$B:$B, IF($C16<>0, TEXT($C16, "0000000000"), $D16), 'Form Presensi SCC'!$C:$C, "Hadir") -> 0 | X16: =MAXIFS($W:$W, $H:$H, $H16) -> 0 | Y16: =(W16/X16)*100% -> #DIV/0!
A17: 16 | B17: 16 | C17: 0102644442 / 252610193 | D17: Fakhri Haikal Alvito Rachmat - L | E17: L | F17: 33 | G17: X1 | J17: X1 | P17: ="https://docs.google.com/forms/d/e/1FAIpQLSeZ-R1GrWlAPkfaThGqxeTj0QTtrARw4rroxIIepf2kipn1nw/formResponse?usp=pp_url&entry.1313582257="&C17&"&entry.1578404635=Hadir" -> https://docs.google.com/forms/d/e/1FAIpQLSeZ-R1GrWlAPkfaThGqxeTj0QTtrARw4rroxIIepf2kipn1nw/formResponse?usp=pp_url&entry.1313582257=0102644442 / 252610193&entry.1578404635=Hadir | Q17: https://quickchart.io/qr?size=250&text=https%3A%2F%2Fdocs.google.com%2Fforms%2Fd%2Fe%2F1FAIpQLSeZ-R1GrWlAPkfaThGqxeTj0QTtrARw4rroxIIepf2kipn1nw%2FformResponse%3Fusp%3Dpp_url%26entry.1313582257%3D0102644442%20%2F%20252610193%26entry.1578404635%3DHadir | R17: 1DkiMBRJidCu4rpARd_sGeCMxkHoE_dEf | S17: https://drive.google.com/file/d/1DkiMBRJidCu4rpARd_sGeCMxkHoE_dEf/view?usp=drivesdk | T17: =HYPERLINK("https://drive.google.com/file/d/1DkiMBRJidCu4rpARd_sGeCMxkHoE_dEf/view?usp=drivesdk","33 - X1 - Fakhri Haikal Alvito Rachmat - L") -> 33 - X1 - Fakhri Haikal Alvito Rachmat - L | U17: Document successfully created; Document successfully merged; PDF created; Manually run by skycircle.id@gmail.com; Timestamp: Nov 7 2025 2:52 AM | W17: =COUNTIFS('Form Presensi SCC'!$B:$B, IF($C17<>0, TEXT($C17, "0000000000"), $D17), 'Form Presensi SCC'!$C:$C, "Hadir") -> 0 | X17: =MAXIFS($W:$W, $H:$H, $H17) -> 0 | Y17: =(W17/X17)*100% -> #DIV/0!
A18: 17 | B18: 17 | C18: 0107657965 / 252610202 | D18: Fathi Azzam Hawwari - L | E18: L | F18: 33 | G18: X1 | J18: X1 | P18: ="https://docs.google.com/forms/d/e/1FAIpQLSeZ-R1GrWlAPkfaThGqxeTj0QTtrARw4rroxIIepf2kipn1nw/formResponse?usp=pp_url&entry.1313582257="&C18&"&entry.1578404635=Hadir" -> https://docs.google.com/forms/d/e/1FAIpQLSeZ-R1GrWlAPkfaThGqxeTj0QTtrARw4rroxIIepf2kipn1nw/formResponse?usp=pp_url&entry.1313582257=0107657965 / 252610202&entry.1578404635=Hadir | Q18: https://quickchart.io/qr?size=250&text=https%3A%2F%2Fdocs.google.com%2Fforms%2Fd%2Fe%2F1FAIpQLSeZ-R1GrWlAPkfaThGqxeTj0QTtrARw4rroxIIepf2kipn1nw%2FformResponse%3Fusp%3Dpp_url%26entry.1313582257%3D0107657965%20%2F%20252610202%26entry.1578404635%3DHadir | R18: 1Qoz2BWw-WzedC8leFgPiQ4Ljuz6FTB4b | S18: https://drive.google.com/file/d/1Qoz2BWw-WzedC8leFgPiQ4Ljuz6FTB4b/view?usp=drivesdk | T18: =HYPERLINK("https://drive.google.com/file/d/1Qoz2BWw-WzedC8leFgPiQ4Ljuz6FTB4b/view?usp=drivesdk","33 - X1 - Fathi Azzam Hawwari - L") -> 33 - X1 - Fathi Azzam Hawwari - L | U18: Document successfully created; Document successfully merged; PDF created; Manually run by skycircle.id@gmail.com; Timestamp: Nov 7 2025 2:53 AM | W18: =COUNTIFS('Form Presensi SCC'!$B:$B, IF($C18<>0, TEXT($C18, "0000000000"), $D18), 'Form Presensi SCC'!$C:$C, "Hadir") -> 0 | X18: =MAXIFS($W:$W, $H:$H, $H18) -> 0 | Y18: =(W18/X18)*100% -> #DIV/0!
A19: 18 | B19: 18 | C19: 0095023834 / 252610206 | D19: Fatimah Aszahra - P | E19: P | F19: 33 | G19: X1 | J19: X1 | P19: ="https://docs.google.com/forms/d/e/1FAIpQLSeZ-R1GrWlAPkfaThGqxeTj0QTtrARw4rroxIIepf2kipn1nw/formResponse?usp=pp_url&entry.1313582257="&C19&"&entry.1578404635=Hadir" -> https://docs.google.com/forms/d/e/1FAIpQLSeZ-R1GrWlAPkfaThGqxeTj0QTtrARw4rroxIIepf2kipn1nw/formResponse?usp=pp_url&entry.1313582257=0095023834 / 252610206&entry.1578404635=Hadir | Q19: https://quickchart.io/qr?size=250&text=https%3A%2F%2Fdocs.google.com%2Fforms%2Fd%2Fe%2F1FAIpQLSeZ-R1GrWlAPkfaThGqxeTj0QTtrARw4rroxIIepf2kipn1nw%2FformResponse%3Fusp%3Dpp_url%26entry.1313582257%3D0095023834%20%2F%20252610206%26entry.1578404635%3DHadir | R19: 1SXGJ8Fa5qpDhxnKbC01wKIyMtkQ0FLnG | S19: https://drive.google.com/file/d/1SXGJ8Fa5qpDhxnKbC01wKIyMtkQ0FLnG/view?usp=drivesdk | T19: =HYPERLINK("https://drive.google.com/file/d/1SXGJ8Fa5qpDhxnKbC01wKIyMtkQ0FLnG/view?usp=drivesdk","33 - X1 - Fatimah Aszahra - P") -> 33 - X1 - Fatimah Aszahra - P | U19: Document successfully created; Document successfully merged; PDF created; Manually run by skycircle.id@gmail.com; Timestamp: Nov 7 2025 2:53 AM | W19: =COUNTIFS('Form Presensi SCC'!$B:$B, IF($C19<>0, TEXT($C19, "0000000000"), $D19), 'Form Presensi SCC'!$C:$C, "Hadir") -> 0 | X19: =MAXIFS($W:$W, $H:$H, $H19) -> 0 | Y19: =(W19/X19)*100% -> #DIV/0!
A20: 19 | B20: 19 | C20: 0094631117 / 252610224 | D20: Gwenna Irene Winata - P | E20: P | F20: 33 | G20: X1 | J20: X1 | P20: ="https://docs.google.com/forms/d/e/1FAIpQLSeZ-R1GrWlAPkfaThGqxeTj0QTtrARw4rroxIIepf2kipn1nw/formResponse?usp=pp_url&entry.1313582257="&C20&"&entry.1578404635=Hadir" -> https://docs.google.com/forms/d/e/1FAIpQLSeZ-R1GrWlAPkfaThGqxeTj0QTtrARw4rroxIIepf2kipn1nw/formResponse?usp=pp_url&entry.1313582257=0094631117 / 252610224&entry.1578404635=Hadir | Q20: https://quickchart.io/qr?size=250&text=https%3A%2F%2Fdocs.google.com%2Fforms%2Fd%2Fe%2F1FAIpQLSeZ-R1GrWlAPkfaThGqxeTj0QTtrARw4rroxIIepf2kipn1nw%2FformResponse%3Fusp%3Dpp_url%26entry.1313582257%3D0094631117%20%2F%20252610224%26entry.1578404635%3DHadir | R20: 15IXPQVUuOt8H540EqjLVe6zzkm15WpLl | S20: https://drive.google.com/file/d/15IXPQVUuOt8H540EqjLVe6zzkm15WpLl/view?usp=drivesdk | T20: =HYPERLINK("https://drive.google.com/file/d/15IXPQVUuOt8H540EqjLVe6zzkm15WpLl/view?usp=drivesdk","33 - X1 - Gwenna Irene Winata - P") -> 33 - X1 - Gwenna Irene Winata - P | U20: Document successfully created; Document successfully merged; PDF created; Manually run by skycircle.id@gmail.com; Timestamp: Nov 7 2025 2:53 AM | W20: =COUNTIFS('Form Presensi SCC'!$B:$B, IF($C20<>0, TEXT($C20, "0000000000"), $D20), 'Form Presensi SCC'!$C:$C, "Hadir") -> 0 | X20: =MAXIFS($W:$W, $H:$H, $H20) -> 0 | Y20: =(W20/X20)*100% -> #DIV/0!
A21: 20 | B21: 20 | C21: 0092679798 / 252610239 | D21: Jasmine Zahira Ramadhani - P | E21: P | F21: 33 | G21: X1 | J21: X1 | P21: ="https://docs.google.com/forms/d/e/1FAIpQLSeZ-R1GrWlAPkfaThGqxeTj0QTtrARw4rroxIIepf2kipn1nw/formResponse?usp=pp_url&entry.1313582257="&C21&"&entry.1578404635=Hadir" -> https://docs.google.com/forms/d/e/1FAIpQLSeZ-R1GrWlAPkfaThGqxeTj0QTtrARw4rroxIIepf2kipn1nw/formResponse?usp=pp_url&entry.1313582257=0092679798 / 252610239&entry.1578404635=Hadir | Q21: https://quickchart.io/qr?size=250&text=https%3A%2F%2Fdocs.google.com%2Fforms%2Fd%2Fe%2F1FAIpQLSeZ-R1GrWlAPkfaThGqxeTj0QTtrARw4rroxIIepf2kipn1nw%2FformResponse%3Fusp%3Dpp_url%26entry.1313582257%3D0092679798%20%2F%20252610239%26entry.1578404635%3DHadir | R21: 1EGzdBFstUsXDWTMpSUXHrpW133xlD9yz | S21: https://drive.google.com/file/d/1EGzdBFstUsXDWTMpSUXHrpW133xlD9yz/view?usp=drivesdk | T21: =HYPERLINK("https://drive.google.com/file/d/1EGzdBFstUsXDWTMpSUXHrpW133xlD9yz/view?usp=drivesdk","33 - X1 - Jasmine Zahira Ramadhani - P") -> 33 - X1 - Jasmine Zahira Ramadhani - P | U21: Document successfully created; Document successfully merged; PDF created; Manually run by skycircle.id@gmail.com; Timestamp: Nov 7 2025 2:53 AM | W21: =COUNTIFS('Form Presensi SCC'!$B:$B, IF($C21<>0, TEXT($C21, "0000000000"), $D21), 'Form Presensi SCC'!$C:$C, "Hadir") -> 2 | X21: =MAXIFS($W:$W, $H:$H, $H21) -> 0 | Y21: =(W21/X21)*100% -> #DIV/0!
A22: 21 | B22: 21 | C22: 0109256207 / 252610244 | D22: Jesslyn Quinn Gabrielle Sitorus - P | E22: P | F22: 33 | G22: X1 | J22: X1 | P22: ="https://docs.google.com/forms/d/e/1FAIpQLSeZ-R1GrWlAPkfaThGqxeTj0QTtrARw4rroxIIepf2kipn1nw/formResponse?usp=pp_url&entry.1313582257="&C22&"&entry.1578404635=Hadir" -> https://docs.google.com/forms/d/e/1FAIpQLSeZ-R1GrWlAPkfaThGqxeTj0QTtrARw4rroxIIepf2kipn1nw/formResponse?usp=pp_url&entry.1313582257=0109256207 / 252610244&entry.1578404635=Hadir | Q22: https://quickchart.io/qr?size=250&text=https%3A%2F%2Fdocs.google.com%2Fforms%2Fd%2Fe%2F1FAIpQLSeZ-R1GrWlAPkfaThGqxeTj0QTtrARw4rroxIIepf2kipn1nw%2FformResponse%3Fusp%3Dpp_url%26entry.1313582257%3D0109256207%20%2F%20252610244%26entry.1578404635%3DHadir | R22: 12uQAsBzgjDVCNB2aXCt2Qqlq8_hb85oB | S22: https://drive.google.com/file/d/12uQAsBzgjDVCNB2aXCt2Qqlq8_hb85oB/view?usp=drivesdk | T22: =HYPERLINK("https://drive.google.com/file/d/12uQAsBzgjDVCNB2aXCt2Qqlq8_hb85oB/view?usp=drivesdk","33 - X1 - Jesslyn Quinn Gabrielle Sitorus - P") -> 33 - X1 - Jesslyn Quinn Gabrielle Sitorus - P | U22: Document successfully created; Document successfully merged; PDF created; Manually run by skycircle.id@gmail.com; Timestamp: Nov 7 2025 2:53 AM | W22: =COUNTIFS('Form Presensi SCC'!$B:$B, IF($C22<>0, TEXT($C22, "0000000000"), $D22), 'Form Presensi SCC'!$C:$C, "Hadir") -> 0 | X22: =MAXIFS($W:$W, $H:$H, $H22) -> 0 | Y22: =(W22/X22)*100% -> #DIV/0!
A23: 22 | B23: 22 | C23: 0103648473 / 252610246 | D23: Jihan Al Hasya - P | E23: P | F23: 33 | G23: X1 | J23: X1 | P23: ="https://docs.google.com/forms/d/e/1FAIpQLSeZ-R1GrWlAPkfaThGqxeTj0QTtrARw4rroxIIepf2kipn1nw/formResponse?usp=pp_url&entry.1313582257="&C23&"&entry.1578404635=Hadir" -> https://docs.google.com/forms/d/e/1FAIpQLSeZ-R1GrWlAPkfaThGqxeTj0QTtrARw4rroxIIepf2kipn1nw/formResponse?usp=pp_url&entry.1313582257=0103648473 / 252610246&entry.1578404635=Hadir | Q23: https://quickchart.io/qr?size=250&text=https%3A%2F%2Fdocs.google.com%2Fforms%2Fd%2Fe%2F1FAIpQLSeZ-R1GrWlAPkfaThGqxeTj0QTtrARw4rroxIIepf2kipn1nw%2FformResponse%3Fusp%3Dpp_url%26entry.1313582257%3D0103648473%20%2F%20252610246%26entry.1578404635%3DHadir | R23: 1HOHvM3vFSGTw7CrqlBE9JjKk3PveT9N4 | S23: https://drive.google.com/file/d/1HOHvM3vFSGTw7CrqlBE9JjKk3PveT9N4/view?usp=drivesdk | T23: =HYPERLINK("https://drive.google.com/file/d/1HOHvM3vFSGTw7CrqlBE9JjKk3PveT9N4/view?usp=drivesdk","33 - X1 - Jihan Al Hasya - P") -> 33 - X1 - Jihan Al Hasya - P | U23: Document successfully created; Document successfully merged; PDF created; Manually run by skycircle.id@gmail.com; Timestamp: Nov 7 2025 2:53 AM | W23: =COUNTIFS('Form Presensi SCC'!$B:$B, IF($C23<>0, TEXT($C23, "0000000000"), $D23), 'Form Presensi SCC'!$C:$C, "Hadir") -> 0 | X23: =MAXIFS($W:$W, $H:$H, $H23) -> 0 | Y23: =(W23/X23)*100% -> #DIV/0!
A24: 23 | B24: 23 | C24: 0108537666 / 252610250 | D24: Johanes Satria Yudha - L | E24: L | F24: 33 | G24: X1 | J24: X1 | P24: ="https://docs.google.com/forms/d/e/1FAIpQLSeZ-R1GrWlAPkfaThGqxeTj0QTtrARw4rroxIIepf2kipn1nw/formResponse?usp=pp_url&entry.1313582257="&C24&"&entry.1578404635=Hadir" -> https://docs.google.com/forms/d/e/1FAIpQLSeZ-R1GrWlAPkfaThGqxeTj0QTtrARw4rroxIIepf2kipn1nw/formResponse?usp=pp_url&entry.1313582257=0108537666 / 252610250&entry.1578404635=Hadir | Q24: https://quickchart.io/qr?size=250&text=https%3A%2F%2Fdocs.google.com%2Fforms%2Fd%2Fe%2F1FAIpQLSeZ-R1GrWlAPkfaThGqxeTj0QTtrARw4rroxIIepf2kipn1nw%2FformResponse%3Fusp%3Dpp_url%26entry.1313582257%3D0108537666%20%2F%20252610250%26entry.1578404635%3DHadir | R24: 12UktbM36EnKr45A3BRaTHCnYcQKipFoh | S24: https://drive.google.com/file/d/12UktbM36EnKr45A3BRaTHCnYcQKipFoh/view?usp=drivesdk | T24: =HYPERLINK("https://drive.google.com/file/d/12UktbM36EnKr45A3BRaTHCnYcQKipFoh/view?usp=drivesdk","33 - X1 - Johanes Satria Yudha - L") -> 33 - X1 - Johanes Satria Yudha - L | U24: Document successfully created; Document successfully merged; PDF created; Manually run by skycircle.id@gmail.com; Timestamp: Nov 7 2025 2:54 AM | W24: =COUNTIFS('Form Presensi SCC'!$B:$B, IF($C24<>0, TEXT($C24, "0000000000"), $D24), 'Form Presensi SCC'!$C:$C, "Hadir") -> 0 | X24: =MAXIFS($W:$W, $H:$H, $H24) -> 0 | Y24: =(W24/X24)*100% -> #DIV/0!
A25: 24 | B25: 24 | C25: 0098409943 / 252610304 | D25: Kariswan Wahyudi - L | E25: L | F25: 33 | G25: X1 | J25: X1 | P25: ="https://docs.google.com/forms/d/e/1FAIpQLSeZ-R1GrWlAPkfaThGqxeTj0QTtrARw4rroxIIepf2kipn1nw/formResponse?usp=pp_url&entry.1313582257="&C25&"&entry.1578404635=Hadir" -> https://docs.google.com/forms/d/e/1FAIpQLSeZ-R1GrWlAPkfaThGqxeTj0QTtrARw4rroxIIepf2kipn1nw/formResponse?usp=pp_url&entry.1313582257=0098409943 / 252610304&entry.1578404635=Hadir | Q25: https://quickchart.io/qr?size=250&text=https%3A%2F%2Fdocs.google.com%2Fforms%2Fd%2Fe%2F1FAIpQLSeZ-R1GrWlAPkfaThGqxeTj0QTtrARw4rroxIIepf2kipn1nw%2FformResponse%3Fusp%3Dpp_url%26entry.1313582257%3D0098409943%20%2F%20252610304%26entry.1578404635%3DHadir | R25: 136MyB6rX3s1kqMNIIeqtTu6JwDGBkWlO | S25: https://drive.google.com/file/d/136MyB6rX3s1kqMNIIeqtTu6JwDGBkWlO/view?usp=drivesdk | T25: =HYPERLINK("https://drive.google.com/file/d/136MyB6rX3s1kqMNIIeqtTu6JwDGBkWlO/view?usp=drivesdk","33 - X1 - Kariswan Wahyudi - L") -> 33 - X1 - Kariswan Wahyudi - L | U25: Document successfully created; Document successfully merged; PDF created; Manually run by skycircle.id@gmail.com; Timestamp: Nov 7 2025 2:54 AM | W25: =COUNTIFS('Form Presensi SCC'!$B:$B, IF($C25<>0, TEXT($C25, "0000000000"), $D25), 'Form Presensi SCC'!$C:$C, "Hadir") -> 0 | X25: =MAXIFS($W:$W, $H:$H, $H25) -> 0 | Y25: =(W25/X25)*100% -> #DIV/0!
A26: 25 | B26: 25 | C26: 0092985486 / 252610311 | D26: Maria Rica Stefany Demu - P | E26: P | F26: 33 | G26: X1 | J26: X1 | P26: ="https://docs.google.com/forms/d/e/1FAIpQLSeZ-R1GrWlAPkfaThGqxeTj0QTtrARw4rroxIIepf2kipn1nw/formResponse?usp=pp_url&entry.1313582257="&C26&"&entry.1578404635=Hadir" -> https://docs.google.com/forms/d/e/1FAIpQLSeZ-R1GrWlAPkfaThGqxeTj0QTtrARw4rroxIIepf2kipn1nw/formResponse?usp=pp_url&entry.1313582257=0092985486 / 252610311&entry.1578404635=Hadir | Q26: https://quickchart.io/qr?size=250&text=https%3A%2F%2Fdocs.google.com%2Fforms%2Fd%2Fe%2F1FAIpQLSeZ-R1GrWlAPkfaThGqxeTj0QTtrARw4rroxIIepf2kipn1nw%2FformResponse%3Fusp%3Dpp_url%26entry.1313582257%3D0092985486%20%2F%20252610311%26entry.1578404635%3DHadir | R26: 1SGFJCN2vvOney4NApARqhB73iCOgk7PP | S26: https://drive.google.com/file/d/1SGFJCN2vvOney4NApARqhB73iCOgk7PP/view?usp=drivesdk | T26: =HYPERLINK("https://drive.google.com/file/d/1SGFJCN2vvOney4NApARqhB73iCOgk7PP/view?usp=drivesdk","33 - X1 - Maria Rica Stefany Demu - P") -> 33 - X1 - Maria Rica Stefany Demu - P | U26: Document successfully created; Document successfully merged; PDF created; Manually run by skycircle.id@gmail.com; Timestamp: Nov 7 2025 2:54 AM | W26: =COUNTIFS('Form Presensi SCC'!$B:$B, IF($C26<>0, TEXT($C26, "0000000000"), $D26), 'Form Presensi SCC'!$C:$C, "Hadir") -> 0 | X26: =MAXIFS($W:$W, $H:$H, $H26) -> 0 | Y26: =(W26/X26)*100% -> #DIV/0!
A27: 26 | B27: 26 | C27: 0094677765 / 252610313 | D27: Melani Putri Triana - P | E27: P | F27: 33 | G27: X1 | J27: X1 | P27: ="https://docs.google.com/forms/d/e/1FAIpQLSeZ-R1GrWlAPkfaThGqxeTj0QTtrARw4rroxIIepf2kipn1nw/formResponse?usp=pp_url&entry.1313582257="&C27&"&entry.1578404635=Hadir" -> https://docs.google.com/forms/d/e/1FAIpQLSeZ-R1GrWlAPkfaThGqxeTj0QTtrARw4rroxIIepf2kipn1nw/formResponse?usp=pp_url&entry.1313582257=0094677765 / 252610313&entry.1578404635=Hadir | Q27: https://quickchart.io/qr?size=250&text=https%3A%2F%2Fdocs.google.com%2Fforms%2Fd%2Fe%2F1FAIpQLSeZ-R1GrWlAPkfaThGqxeTj0QTtrARw4rroxIIepf2kipn1nw%2FformResponse%3Fusp%3Dpp_url%26entry.1313582257%3D0094677765%20%2F%20252610313%26entry.1578404635%3DHadir | R27: 1nehMZH1FhrVr5ttGwQVfgvqeJrIzLhyT | S27: https://drive.google.com/file/d/1nehMZH1FhrVr5ttGwQVfgvqeJrIzLhyT/view?usp=drivesdk | T27: =HYPERLINK("https://drive.google.com/file/d/1nehMZH1FhrVr5ttGwQVfgvqeJrIzLhyT/view?usp=drivesdk","33 - X1 - Melani Putri Triana - P") -> 33 - X1 - Melani Putri Triana - P | U27: Document successfully created; Document successfully merged; PDF created; Manually run by skycircle.id@gmail.com; Timestamp: Nov 7 2025 2:54 AM | W27: =COUNTIFS('Form Presensi SCC'!$B:$B, IF($C27<>0, TEXT($C27, "0000000000"), $D27), 'Form Presensi SCC'!$C:$C, "Hadir") -> 1 | X27: =MAXIFS($W:$W, $H:$H, $H27) -> 0 | Y27: =(W27/X27)*100% -> #DIV/0!
A28: 27 | B28: 27 | C28: 0107959828 / 252610316 | D28: Michael Mazmur Hatorangan Hutabarat - L | E28: L | F28: 33 | G28: X1 | J28: X1 | P28: ="https://docs.google.com/forms/d/e/1FAIpQLSeZ-R1GrWlAPkfaThGqxeTj0QTtrARw4rroxIIepf2kipn1nw/formResponse?usp=pp_url&entry.1313582257="&C28&"&entry.1578404635=Hadir" -> https://docs.google.com/forms/d/e/1FAIpQLSeZ-R1GrWlAPkfaThGqxeTj0QTtrARw4rroxIIepf2kipn1nw/formResponse?usp=pp_url&entry.1313582257=0107959828 / 252610316&entry.1578404635=Hadir | Q28: https://quickchart.io/qr?size=250&text=https%3A%2F%2Fdocs.google.com%2Fforms%2Fd%2Fe%2F1FAIpQLSeZ-R1GrWlAPkfaThGqxeTj0QTtrARw4rroxIIepf2kipn1nw%2FformResponse%3Fusp%3Dpp_url%26entry.1313582257%3D0107959828%20%2F%20252610316%26entry.1578404635%3DHadir | R28: 1AxwkbKLziu4iXcBBFIxplfneQH4t6uJO | S28: https://drive.google.com/file/d/1AxwkbKLziu4iXcBBFIxplfneQH4t6uJO/view?usp=drivesdk | T28: =HYPERLINK("https://drive.google.com/file/d/1AxwkbKLziu4iXcBBFIxplfneQH4t6uJO/view?usp=drivesdk","33 - X1 - Michael Mazmur Hatorangan Hutabarat - L") -> 33 - X1 - Michael Mazmur Hatorangan Hutabarat - L | U28: Document successfully created; Document successfully merged; PDF created; Manually run by skycircle.id@gmail.com; Timestamp: Nov 7 2025 2:54 AM | W28: =COUNTIFS('Form Presensi SCC'!$B:$B, IF($C28<>0, TEXT($C28, "0000000000"), $D28), 'Form Presensi SCC'!$C:$C, "Hadir") -> 0 | X28: =MAXIFS($W:$W, $H:$H, $H28) -> 0 | Y28: =(W28/X28)*100% -> #DIV/0!
A29: 28 | B29: 28 | C29: 0092600602 / 252610330 | D29: Mochamad Nayaka Tuharea - L | E29: L | F29: 33 | G29: X1 | J29: X1 | P29: ="https://docs.google.com/forms/d/e/1FAIpQLSeZ-R1GrWlAPkfaThGqxeTj0QTtrARw4rroxIIepf2kipn1nw/formResponse?usp=pp_url&entry.1313582257="&C29&"&entry.1578404635=Hadir" -> https://docs.google.com/forms/d/e/1FAIpQLSeZ-R1GrWlAPkfaThGqxeTj0QTtrARw4rroxIIepf2kipn1nw/formResponse?usp=pp_url&entry.1313582257=0092600602 / 252610330&entry.1578404635=Hadir | Q29: https://quickchart.io/qr?size=250&text=https%3A%2F%2Fdocs.google.com%2Fforms%2Fd%2Fe%2F1FAIpQLSeZ-R1GrWlAPkfaThGqxeTj0QTtrARw4rroxIIepf2kipn1nw%2FformResponse%3Fusp%3Dpp_url%26entry.1313582257%3D0092600602%20%2F%20252610330%26entry.1578404635%3DHadir | R29: 1HdjxzTJ5BmtVS3ZKEvlKKC3LEql2q-BA | S29: https://drive.google.com/file/d/1HdjxzTJ5BmtVS3ZKEvlKKC3LEql2q-BA/view?usp=drivesdk | T29: =HYPERLINK("https://drive.google.com/file/d/1HdjxzTJ5BmtVS3ZKEvlKKC3LEql2q-BA/view?usp=drivesdk","33 - X1 - Mochamad Nayaka Tuharea - L") -> 33 - X1 - Mochamad Nayaka Tuharea - L | U29: Document successfully created; Document successfully merged; PDF created; Manually run by skycircle.id@gmail.com; Timestamp: Nov 7 2025 2:55 AM | W29: =COUNTIFS('Form Presensi SCC'!$B:$B, IF($C29<>0, TEXT($C29, "0000000000"), $D29), 'Form Presensi SCC'!$C:$C, "Hadir") -> 0 | X29: =MAXIFS($W:$W, $H:$H, $H29) -> 0 | Y29: =(W29/X29)*100% -> #DIV/0!
A30: 29 | B30: 29 | C30: 0108695912 / 252610334 | D30: Muhamad Septian Romadhon - L | E30: L | F30: 33 | G30: X1 | J30: X1 | P30: ="https://docs.google.com/forms/d/e/1FAIpQLSeZ-R1GrWlAPkfaThGqxeTj0QTtrARw4rroxIIepf2kipn1nw/formResponse?usp=pp_url&entry.1313582257="&C30&"&entry.1578404635=Hadir" -> https://docs.google.com/forms/d/e/1FAIpQLSeZ-R1GrWlAPkfaThGqxeTj0QTtrARw4rroxIIepf2kipn1nw/formResponse?usp=pp_url&entry.1313582257=0108695912 / 252610334&entry.1578404635=Hadir | Q30: https://quickchart.io/qr?size=250&text=https%3A%2F%2Fdocs.google.com%2Fforms%2Fd%2Fe%2F1FAIpQLSeZ-R1GrWlAPkfaThGqxeTj0QTtrARw4rroxIIepf2kipn1nw%2FformResponse%3Fusp%3Dpp_url%26entry.1313582257%3D0108695912%20%2F%20252610334%26entry.1578404635%3DHadir | R30: 1njzPNLi7sKr8WVYPxIbyQkQOSVUilGWD | S30: https://drive.google.com/file/d/1njzPNLi7sKr8WVYPxIbyQkQOSVUilGWD/view?usp=drivesdk | T30: =HYPERLINK("https://drive.google.com/file/d/1njzPNLi7sKr8WVYPxIbyQkQOSVUilGWD/view?usp=drivesdk","33 - X1 - Muhamad Septian Romadhon - L") -> 33 - X1 - Muhamad Septian Romadhon - L | U30: Document successfully created; Document successfully merged; PDF created; Manually run by skycircle.id@gmail.com; Timestamp: Nov 7 2025 2:55 AM | W30: =COUNTIFS('Form Presensi SCC'!$B:$B, IF($C30<>0, TEXT($C30, "0000000000"), $D30), 'Form Presensi SCC'!$C:$C, "Hadir") -> 0 | X30: =MAXIFS($W:$W, $H:$H, $H30) -> 0 | Y30: =(W30/X30)*100% -> #DIV/0!
A31: 30 | B31: 30 | C31: 0093126257 / 252610343 | D31: Muhammad Adrian Gianni Adam - L | E31: L | F31: 33 | G31: X1 | H31: 33 - XSUMEN BC | J31: X1 | P31: ="https://docs.google.com/forms/d/e/1FAIpQLSeZ-R1GrWlAPkfaThGqxeTj0QTtrARw4rroxIIepf2kipn1nw/formResponse?usp=pp_url&entry.1313582257="&C31&"&entry.1578404635=Hadir" -> https://docs.google.com/forms/d/e/1FAIpQLSeZ-R1GrWlAPkfaThGqxeTj0QTtrARw4rroxIIepf2kipn1nw/formResponse?usp=pp_url&entry.1313582257=0093126257 / 252610343&entry.1578404635=Hadir | Q31: https://quickchart.io/qr?size=250&text=https%3A%2F%2Fdocs.google.com%2Fforms%2Fd%2Fe%2F1FAIpQLSeZ-R1GrWlAPkfaThGqxeTj0QTtrARw4rroxIIepf2kipn1nw%2FformResponse%3Fusp%3Dpp_url%26entry.1313582257%3D0093126257%20%2F%20252610343%26entry.1578404635%3DHadir | R31: 1X8wfYY0OH5CW_UBHbmpxRFg3_EjS9P9F | S31: https://drive.google.com/file/d/1X8wfYY0OH5CW_UBHbmpxRFg3_EjS9P9F/view?usp=drivesdk | T31: =HYPERLINK("https://drive.google.com/file/d/1X8wfYY0OH5CW_UBHbmpxRFg3_EjS9P9F/view?usp=drivesdk","33 - X1 - Muhammad Adrian Gianni Adam - L") -> 33 - X1 - Muhammad Adrian Gianni Adam - L | U31: Document successfully created; Document successfully merged; PDF created; Manually run by skycircle.id@gmail.com; Timestamp: Nov 7 2025 2:55 AM | W31: =COUNTIFS('Form Presensi SCC'!$B:$B, IF($C31<>0, TEXT($C31, "0000000000"), $D31), 'Form Presensi SCC'!$C:$C, "Hadir") -> 0 | X31: =MAXIFS($W:$W, $H:$H, $H31) -> 3 | Y31: =(W31/X31)*100% -> 0
A32: 31 | B32: 31 | C32: 3104497802 / 252610351 | D32: Muhammad Chaerudin Ramdhani - L | E32: L | F32: 33 | G32: X1 | J32: X1 | P32: ="https://docs.google.com/forms/d/e/1FAIpQLSeZ-R1GrWlAPkfaThGqxeTj0QTtrARw4rroxIIepf2kipn1nw/formResponse?usp=pp_url&entry.1313582257="&C32&"&entry.1578404635=Hadir" -> https://docs.google.com/forms/d/e/1FAIpQLSeZ-R1GrWlAPkfaThGqxeTj0QTtrARw4rroxIIepf2kipn1nw/formResponse?usp=pp_url&entry.1313582257=3104497802 / 252610351&entry.1578404635=Hadir | Q32: https://quickchart.io/qr?size=250&text=https%3A%2F%2Fdocs.google.com%2Fforms%2Fd%2Fe%2F1FAIpQLSeZ-R1GrWlAPkfaThGqxeTj0QTtrARw4rroxIIepf2kipn1nw%2FformResponse%3Fusp%3Dpp_url%26entry.1313582257%3D3104497802%20%2F%20252610351%26entry.1578404635%3DHadir | R32: 1FK6nuT5kuh1PkAwodKSoBvRM2HMA8KS7 | S32: https://drive.google.com/file/d/1FK6nuT5kuh1PkAwodKSoBvRM2HMA8KS7/view?usp=drivesdk | T32: =HYPERLINK("https://drive.google.com/file/d/1FK6nuT5kuh1PkAwodKSoBvRM2HMA8KS7/view?usp=drivesdk","33 - X1 - Muhammad Chaerudin Ramdhani - L") -> 33 - X1 - Muhammad Chaerudin Ramdhani - L | U32: Document successfully created; Document successfully merged; PDF created; Manually run by skycircle.id@gmail.com; Timestamp: Nov 7 2025 2:55 AM | W32: =COUNTIFS('Form Presensi SCC'!$B:$B, IF($C32<>0, TEXT($C32, "0000000000"), $D32), 'Form Presensi SCC'!$C:$C, "Hadir") -> 0 | X32: =MAXIFS($W:$W, $H:$H, $H32) -> 0 | Y32: =(W32/X32)*100% -> #DIV/0!
A33: 32 | B33: 32 | C33: 0108107461 / 252610369 | D33: Muhammad Fathan Assidiq - L | E33: L | F33: 33 | G33: X1 | J33: X1 | P33: ="https://docs.google.com/forms/d/e/1FAIpQLSeZ-R1GrWlAPkfaThGqxeTj0QTtrARw4rroxIIepf2kipn1nw/formResponse?usp=pp_url&entry.1313582257="&C33&"&entry.1578404635=Hadir" -> https://docs.google.com/forms/d/e/1FAIpQLSeZ-R1GrWlAPkfaThGqxeTj0QTtrARw4rroxIIepf2kipn1nw/formResponse?usp=pp_url&entry.1313582257=0108107461 / 252610369&entry.1578404635=Hadir | Q33: https://quickchart.io/qr?size=250&text=https%3A%2F%2Fdocs.google.com%2Fforms%2Fd%2Fe%2F1FAIpQLSeZ-R1GrWlAPkfaThGqxeTj0QTtrARw4rroxIIepf2kipn1nw%2FformResponse%3Fusp%3Dpp_url%26entry.1313582257%3D0108107461%20%2F%20252610369%26entry.1578404635%3DHadir | R33: 1fHQJCzZK5CIHCmoVs_TFJCU_qKWVm8gt | S33: https://drive.google.com/file/d/1fHQJCzZK5CIHCmoVs_TFJCU_qKWVm8gt/view?usp=drivesdk | T33: =HYPERLINK("https://drive.google.com/file/d/1fHQJCzZK5CIHCmoVs_TFJCU_qKWVm8gt/view?usp=drivesdk","33 - X1 - Muhammad Fathan Assidiq - L") -> 33 - X1 - Muhammad Fathan Assidiq - L | U33: Document successfully created; Document successfully merged; PDF created; Manually run by skycircle.id@gmail.com; Timestamp: Nov 7 2025 2:55 AM | W33: =COUNTIFS('Form Presensi SCC'!$B:$B, IF($C33<>0, TEXT($C33, "0000000000"), $D33), 'Form Presensi SCC'!$C:$C, "Hadir") -> 0 | X33: =MAXIFS($W:$W, $H:$H, $H33) -> 0
A34: 33 | B34: 33 | C34: 0092807405 / 252610371 | D34: Muhammad Rodzul Amrullah - L | E34: L | F34: 33 | G34: X1 | J34: X1 | P34: ="https://docs.google.com/forms/d/e/1FAIpQLSeZ-R1GrWlAPkfaThGqxeTj0QTtrARw4rroxIIepf2kipn1nw/formResponse?usp=pp_url&entry.1313582257="&C34&"&entry.1578404635=Hadir" -> https://docs.google.com/forms/d/e/1FAIpQLSeZ-R1GrWlAPkfaThGqxeTj0QTtrARw4rroxIIepf2kipn1nw/formResponse?usp=pp_url&entry.1313582257=0092807405 / 252610371&entry.1578404635=Hadir | Q34: https://quickchart.io/qr?size=250&text=https%3A%2F%2Fdocs.google.com%2Fforms%2Fd%2Fe%2F1FAIpQLSeZ-R1GrWlAPkfaThGqxeTj0QTtrARw4rroxIIepf2kipn1nw%2FformResponse%3Fusp%3Dpp_url%26entry.1313582257%3D0092807405%20%2F%20252610371%26entry.1578404635%3DHadir | R34: 1B4JozJy9yq_amhwZfnrDmsiUaUaw9pS2 | S34: https://drive.google.com/file/d/1B4JozJy9yq_amhwZfnrDmsiUaUaw9pS2/view?usp=drivesdk | T34: =HYPERLINK("https://drive.google.com/file/d/1B4JozJy9yq_amhwZfnrDmsiUaUaw9pS2/view?usp=drivesdk","33 - X1 - Muhammad Rodzul Amrullah - L") -> 33 - X1 - Muhammad Rodzul Amrullah - L | U34: Document successfully created; Document successfully merged; PDF created; Manually run by skycircle.id@gmail.com; Timestamp: Nov 7 2025 2:56 AM | W34: =COUNTIFS('Form Presensi SCC'!$B:$B, IF($C34<>0, TEXT($C34, "0000000000"), $D34), 'Form Presensi SCC'!$C:$C, "Hadir") -> 0 | X34: =MAXIFS($W:$W, $H:$H, $H34) -> 0
A35: 34 | B35: 34 | C35: 0102300207 / 252610390 | D35: Nadya Salwa Altiara - P | E35: P | F35: 33 | G35: X1 | J35: X1 | P35: ="https://docs.google.com/forms/d/e/1FAIpQLSeZ-R1GrWlAPkfaThGqxeTj0QTtrARw4rroxIIepf2kipn1nw/formResponse?usp=pp_url&entry.1313582257="&C35&"&entry.1578404635=Hadir" -> https://docs.google.com/forms/d/e/1FAIpQLSeZ-R1GrWlAPkfaThGqxeTj0QTtrARw4rroxIIepf2kipn1nw/formResponse?usp=pp_url&entry.1313582257=0102300207 / 252610390&entry.1578404635=Hadir | Q35: https://quickchart.io/qr?size=250&text=https%3A%2F%2Fdocs.google.com%2Fforms%2Fd%2Fe%2F1FAIpQLSeZ-R1GrWlAPkfaThGqxeTj0QTtrARw4rroxIIepf2kipn1nw%2FformResponse%3Fusp%3Dpp_url%26entry.1313582257%3D0102300207%20%2F%20252610390%26entry.1578404635%3DHadir | R35: 1Fa_RZpZUSOiZLYYLI4c1YBUgjAxlPtVL | S35: https://drive.google.com/file/d/1Fa_RZpZUSOiZLYYLI4c1YBUgjAxlPtVL/view?usp=drivesdk | T35: =HYPERLINK("https://drive.google.com/file/d/1Fa_RZpZUSOiZLYYLI4c1YBUgjAxlPtVL/view?usp=drivesdk","33 - X1 - Nadya Salwa Altiara - P") -> 33 - X1 - Nadya Salwa Altiara - P | U35: Document successfully created; Document successfully merged; PDF created; Manually run by skycircle.id@gmail.com; Timestamp: Nov 7 2025 2:56 AM | W35: =COUNTIFS('Form Presensi SCC'!$B:$B, IF($C35<>0, TEXT($C35, "0000000000"), $D35), 'Form Presensi SCC'!$C:$C, "Hadir") -> 0
A36: 35 | B36: 35 | C36: 0097892166 / 252610393 | D36: Nailah Khoirunisa Arsanti - P | E36: P | F36: 33 | G36: X1 | J36: X1 | P36: ="https://docs.google.com/forms/d/e/1FAIpQLSeZ-R1GrWlAPkfaThGqxeTj0QTtrARw4rroxIIepf2kipn1nw/formResponse?usp=pp_url&entry.1313582257="&C36&"&entry.1578404635=Hadir" -> https://docs.google.com/forms/d/e/1FAIpQLSeZ-R1GrWlAPkfaThGqxeTj0QTtrARw4rroxIIepf2kipn1nw/formResponse?usp=pp_url&entry.1313582257=0097892166 / 252610393&entry.1578404635=Hadir | Q36: https://quickchart.io/qr?size=250&text=https%3A%2F%2Fdocs.google.com%2Fforms%2Fd%2Fe%2F1FAIpQLSeZ-R1GrWlAPkfaThGqxeTj0QTtrARw4rroxIIepf2kipn1nw%2FformResponse%3Fusp%3Dpp_url%26entry.1313582257%3D0097892166%20%2F%20252610393%26entry.1578404635%3DHadir | R36: 1BAAuTlBsqQ-JFYTZzc_oBG3dSG-nl41G | S36: https://drive.google.com/file/d/1BAAuTlBsqQ-JFYTZzc_oBG3dSG-nl41G/view?usp=drivesdk | T36: =HYPERLINK("https://drive.google.com/file/d/1BAAuTlBsqQ-JFYTZzc_oBG3dSG-nl41G/view?usp=drivesdk","33 - X1 - Nailah Khoirunisa Arsanti - P") -> 33 - X1 - Nailah Khoirunisa Arsanti - P | U36: Document successfully created; Document successfully merged; PDF created; Manually run by skycircle.id@gmail.com; Timestamp: Nov 7 2025 2:56 AM | W36: =COUNTIFS('Form Presensi SCC'!$B:$B, IF($C36<>0, TEXT($C36, "0000000000"), $D36), 'Form Presensi SCC'!$C:$C, "Hadir") -> 0
A37: 36 | B37: 36 | C37: 0097858274 / 252610423 | D37: Novyola Safitri - P | E37: P | F37: 33 | G37: X1 | J37: X1 | P37: ="https://docs.google.com/forms/d/e/1FAIpQLSeZ-R1GrWlAPkfaThGqxeTj0QTtrARw4rroxIIepf2kipn1nw/formResponse?usp=pp_url&entry.1313582257="&C37&"&entry.1578404635=Hadir" -> https://docs.google.com/forms/d/e/1FAIpQLSeZ-R1GrWlAPkfaThGqxeTj0QTtrARw4rroxIIepf2kipn1nw/formResponse?usp=pp_url&entry.1313582257=0097858274 / 252610423&entry.1578404635=Hadir | Q37: https://quickchart.io/qr?size=250&text=https%3A%2F%2Fdocs.google.com%2Fforms%2Fd%2Fe%2F1FAIpQLSeZ-R1GrWlAPkfaThGqxeTj0QTtrARw4rroxIIepf2kipn1nw%2FformResponse%3Fusp%3Dpp_url%26entry.1313582257%3D0097858274%20%2F%20252610423%26entry.1578404635%3DHadir | R37: 122ujRpdl36x6kaMiqL-5rkF40v2zMA3b | S37: https://drive.google.com/file/d/122ujRpdl36x6kaMiqL-5rkF40v2zMA3b/view?usp=drivesdk | T37: =HYPERLINK("https://drive.google.com/file/d/122ujRpdl36x6kaMiqL-5rkF40v2zMA3b/view?usp=drivesdk","33 - X1 - Novyola Safitri - P") -> 33 - X1 - Novyola Safitri - P | U37: Document successfully created; Document successfully merged; PDF created; Manually run by skycircle.id@gmail.com; Timestamp: Nov 7 2025 2:56 AM | W37: =COUNTIFS('Form Presensi SCC'!$B:$B, IF($C37<>0, TEXT($C37, "0000000000"), $D37), 'Form Presensi SCC'!$C:$C, "Hadir") -> 0
A38: 37 | B38: 37 | C38: 0093105045 / 252610424 | D38: Nur Alifah Silvia - P | E38: P | F38: 33 | G38: X1 | J38: X1 | P38: ="https://docs.google.com/forms/d/e/1FAIpQLSeZ-R1GrWlAPkfaThGqxeTj0QTtrARw4rroxIIepf2kipn1nw/formResponse?usp=pp_url&entry.1313582257="&C38&"&entry.1578404635=Hadir" -> https://docs.google.com/forms/d/e/1FAIpQLSeZ-R1GrWlAPkfaThGqxeTj0QTtrARw4rroxIIepf2kipn1nw/formResponse?usp=pp_url&entry.1313582257=0093105045 / 252610424&entry.1578404635=Hadir | Q38: https://quickchart.io/qr?size=250&text=https%3A%2F%2Fdocs.google.com%2Fforms%2Fd%2Fe%2F1FAIpQLSeZ-R1GrWlAPkfaThGqxeTj0QTtrARw4rroxIIepf2kipn1nw%2FformResponse%3Fusp%3Dpp_url%26entry.1313582257%3D0093105045%20%2F%20252610424%26entry.1578404635%3DHadir | R38: 1NkYk1mzO36BrpmFMNmWG0E23Kt180dcP | S38: https://drive.google.com/file/d/1NkYk1mzO36BrpmFMNmWG0E23Kt180dcP/view?usp=drivesdk | T38: =HYPERLINK("https://drive.google.com/file/d/1NkYk1mzO36BrpmFMNmWG0E23Kt180dcP/view?usp=drivesdk","33 - X1 - Nur Alifah Silvia - P") -> 33 - X1 - Nur Alifah Silvia - P | U38: Document successfully created; Document successfully merged; PDF created; Manually run by skycircle.id@gmail.com; Timestamp: Nov 7 2025 2:56 AM | W38: =COUNTIFS('Form Presensi SCC'!$B:$B, IF($C38<>0, TEXT($C38, "0000000000"), $D38), 'Form Presensi SCC'!$C:$C, "Hadir") -> 2
A39: 38 | B39: 38 | C39: 0095438030 / 252610436 | D39: Pungki Yustisia Pertiwi - L | E39: L | F39: 33 | G39: X1 | J39: X1 | P39: ="https://docs.google.com/forms/d/e/1FAIpQLSeZ-R1GrWlAPkfaThGqxeTj0QTtrARw4rroxIIepf2kipn1nw/formResponse?usp=pp_url&entry.1313582257="&C39&"&entry.1578404635=Hadir" -> https://docs.google.com/forms/d/e/1FAIpQLSeZ-R1GrWlAPkfaThGqxeTj0QTtrARw4rroxIIepf2kipn1nw/formResponse?usp=pp_url&entry.1313582257=0095438030 / 252610436&entry.1578404635=Hadir | Q39: https://quickchart.io/qr?size=250&text=https%3A%2F%2Fdocs.google.com%2Fforms%2Fd%2Fe%2F1FAIpQLSeZ-R1GrWlAPkfaThGqxeTj0QTtrARw4rroxIIepf2kipn1nw%2FformResponse%3Fusp%3Dpp_url%26entry.1313582257%3D0095438030%20%2F%20252610436%26entry.1578404635%3DHadir | R39: 1n8G_y0n2UNS1r9qU99EPhaluwpebdXU2 | S39: https://drive.google.com/file/d/1n8G_y0n2UNS1r9qU99EPhaluwpebdXU2/view?usp=drivesdk | T39: =HYPERLINK("https://drive.google.com/file/d/1n8G_y0n2UNS1r9qU99EPhaluwpebdXU2/view?usp=drivesdk","33 - X1 - Pungki Yustisia Pertiwi - L") -> 33 - X1 - Pungki Yustisia Pertiwi - L | U39: Document successfully created; Document successfully merged; PDF created; Manually run by skycircle.id@gmail.com; Timestamp: Nov 7 2025 2:56 AM | W39: =COUNTIFS('Form Presensi SCC'!$B:$B, IF($C39<>0, TEXT($C39, "0000000000"), $D39), 'Form Presensi SCC'!$C:$C, "Hadir") -> 1
A40: 39 | B40: 39 | C40: 0107914534 / 252610452 | D40: Raden Gathan Azaki Soesilo - L | E40: L | F40: 33 | G40: X1 | J40: X1 | P40: ="https://docs.google.com/forms/d/e/1FAIpQLSeZ-R1GrWlAPkfaThGqxeTj0QTtrARw4rroxIIepf2kipn1nw/formResponse?usp=pp_url&entry.1313582257="&C40&"&entry.1578404635=Hadir" -> https://docs.google.com/forms/d/e/1FAIpQLSeZ-R1GrWlAPkfaThGqxeTj0QTtrARw4rroxIIepf2kipn1nw/formResponse?usp=pp_url&entry.1313582257=0107914534 / 252610452&entry.1578404635=Hadir | Q40: https://quickchart.io/qr?size=250&text=https%3A%2F%2Fdocs.google.com%2Fforms%2Fd%2Fe%2F1FAIpQLSeZ-R1GrWlAPkfaThGqxeTj0QTtrARw4rroxIIepf2kipn1nw%2FformResponse%3Fusp%3Dpp_url%26entry.1313582257%3D0107914534%20%2F%20252610452%26entry.1578404635%3DHadir | R40: 1vyybGg2I_y0EeSocpKMdZZvnZmLckHie | S40: https://drive.google.com/file/d/1vyybGg2I_y0EeSocpKMdZZvnZmLckHie/view?usp=drivesdk | T40: =HYPERLINK("https://drive.google.com/file/d/1vyybGg2I_y0EeSocpKMdZZvnZmLckHie/view?usp=drivesdk","33 - X1 - Raden Gathan Azaki Soesilo - L") -> 33 - X1 - Raden Gathan Azaki Soesilo - L | U40: Document successfully created; Document successfully merged; PDF created; Manually run by skycircle.id@gmail.com; Timestamp: Nov 7 2025 2:56 AM | W40: =COUNTIFS('Form Presensi SCC'!$B:$B, IF($C40<>0, TEXT($C40, "0000000000"), $D40), 'Form Presensi SCC'!$C:$C, "Hadir") -> 0
A41: 40 | B41: 40 | C41: 0097963483 / 252610454 | D41: Raden Muhammad Rafi Wiranata - L | E41: L | F41: 33 | G41: X1 | J41: X1 | P41: ="https://docs.google.com/forms/d/e/1FAIpQLSeZ-R1GrWlAPkfaThGqxeTj0QTtrARw4rroxIIepf2kipn1nw/formResponse?usp=pp_url&entry.1313582257="&C41&"&entry.1578404635=Hadir" -> https://docs.google.com/forms/d/e/1FAIpQLSeZ-R1GrWlAPkfaThGqxeTj0QTtrARw4rroxIIepf2kipn1nw/formResponse?usp=pp_url&entry.1313582257=0097963483 / 252610454&entry.1578404635=Hadir | Q41: https://quickchart.io/qr?size=250&text=https%3A%2F%2Fdocs.google.com%2Fforms%2Fd%2Fe%2F1FAIpQLSeZ-R1GrWlAPkfaThGqxeTj0QTtrARw4rroxIIepf2kipn1nw%2FformResponse%3Fusp%3Dpp_url%26entry.1313582257%3D0097963483%20%2F%20252610454%26entry.1578404635%3DHadir | R41: 1UPHxh1IW7HIZJar99iSVkFIQLUsWyPzV | S41: https://drive.google.com/file/d/1UPHxh1IW7HIZJar99iSVkFIQLUsWyPzV/view?usp=drivesdk | T41: =HYPERLINK("https://drive.google.com/file/d/1UPHxh1IW7HIZJar99iSVkFIQLUsWyPzV/view?usp=drivesdk","33 - X1 - Raden Muhammad Rafi Wiranata - L") -> 33 - X1 - Raden Muhammad Rafi Wiranata - L | U41: Document successfully created; Document successfully merged; PDF created; Manually run by skycircle.id@gmail.com; Timestamp: Nov 7 2025 2:57 AM | W41: =COUNTIFS('Form Presensi SCC'!$B:$B, IF($C41<>0, TEXT($C41, "0000000000"), $D41), 'Form Presensi SCC'!$C:$C, "Hadir") -> 0
A42: 41 | B42: 41 | C42: 0092135851 / 252610476 | D42: Rayhan Ashabi - L | E42: L | F42: 33 | G42: X1 | J42: X1 | P42: ="https://docs.google.com/forms/d/e/1FAIpQLSeZ-R1GrWlAPkfaThGqxeTj0QTtrARw4rroxIIepf2kipn1nw/formResponse?usp=pp_url&entry.1313582257="&C42&"&entry.1578404635=Hadir" -> https://docs.google.com/forms/d/e/1FAIpQLSeZ-R1GrWlAPkfaThGqxeTj0QTtrARw4rroxIIepf2kipn1nw/formResponse?usp=pp_url&entry.1313582257=0092135851 / 252610476&entry.1578404635=Hadir | Q42: https://quickchart.io/qr?size=250&text=https%3A%2F%2Fdocs.google.com%2Fforms%2Fd%2Fe%2F1FAIpQLSeZ-R1GrWlAPkfaThGqxeTj0QTtrARw4rroxIIepf2kipn1nw%2FformResponse%3Fusp%3Dpp_url%26entry.1313582257%3D0092135851%20%2F%20252610476%26entry.1578404635%3DHadir | R42: 1r3GD1QzO045NUEebd-1uJ_YrkUVOjDM2 | S42: https://drive.google.com/file/d/1r3GD1QzO045NUEebd-1uJ_YrkUVOjDM2/view?usp=drivesdk | T42: =HYPERLINK("https://drive.google.com/file/d/1r3GD1QzO045NUEebd-1uJ_YrkUVOjDM2/view?usp=drivesdk","33 - X1 - Rayhan Ashabi - L") -> 33 - X1 - Rayhan Ashabi - L | U42: Document successfully created; Document successfully merged; PDF created; Manually run by skycircle.id@gmail.com; Timestamp: Nov 7 2025 2:57 AM | W42: =COUNTIFS('Form Presensi SCC'!$B:$B, IF($C42<>0, TEXT($C42, "0000000000"), $D42), 'Form Presensi SCC'!$C:$C, "Hadir") -> 0
A43: 42 | B43: 42 | C43: 0092605198 / 252610477 | D43: Rayhana Rizkya Al-Multazam - P | E43: P | F43: 33 | G43: X1 | J43: X1 | P43: ="https://docs.google.com/forms/d/e/1FAIpQLSeZ-R1GrWlAPkfaThGqxeTj0QTtrARw4rroxIIepf2kipn1nw/formResponse?usp=pp_url&entry.1313582257="&C43&"&entry.1578404635=Hadir" -> https://docs.google.com/forms/d/e/1FAIpQLSeZ-R1GrWlAPkfaThGqxeTj0QTtrARw4rroxIIepf2kipn1nw/formResponse?usp=pp_url&entry.1313582257=0092605198 / 252610477&entry.1578404635=Hadir | Q43: https://quickchart.io/qr?size=250&text=https%3A%2F%2Fdocs.google.com%2Fforms%2Fd%2Fe%2F1FAIpQLSeZ-R1GrWlAPkfaThGqxeTj0QTtrARw4rroxIIepf2kipn1nw%2FformResponse%3Fusp%3Dpp_url%26entry.1313582257%3D0092605198%20%2F%20252610477%26entry.1578404635%3DHadir | R43: 1JbcPYQ0l0vEtkx5ek4Kx6DAJuSIxAaGO | S43: https://drive.google.com/file/d/1JbcPYQ0l0vEtkx5ek4Kx6DAJuSIxAaGO/view?usp=drivesdk | T43: =HYPERLINK("https://drive.google.com/file/d/1JbcPYQ0l0vEtkx5ek4Kx6DAJuSIxAaGO/view?usp=drivesdk","33 - X1 - Rayhana Rizkya Al-Multazam - P") -> 33 - X1 - Rayhana Rizkya Al-Multazam - P | U43: Document successfully created; Document successfully merged; PDF created; Manually run by skycircle.id@gmail.com; Timestamp: Nov 7 2025 2:57 AM | W43: =COUNTIFS('Form Presensi SCC'!$B:$B, IF($C43<>0, TEXT($C43, "0000000000"), $D43), 'Form Presensi SCC'!$C:$C, "Hadir") -> 1
A44: 43 | B44: 43 | C44: 0103151970 / 252610489 | D44: Riffa Nugraha - P | E44: P | F44: 33 | G44: X1 | J44: X1 | P44: ="https://docs.google.com/forms/d/e/1FAIpQLSeZ-R1GrWlAPkfaThGqxeTj0QTtrARw4rroxIIepf2kipn1nw/formResponse?usp=pp_url&entry.1313582257="&C44&"&entry.1578404635=Hadir" -> https://docs.google.com/forms/d/e/1FAIpQLSeZ-R1GrWlAPkfaThGqxeTj0QTtrARw4rroxIIepf2kipn1nw/formResponse?usp=pp_url&entry.1313582257=0103151970 / 252610489&entry.1578404635=Hadir | Q44: https://quickchart.io/qr?size=250&text=https%3A%2F%2Fdocs.google.com%2Fforms%2Fd%2Fe%2F1FAIpQLSeZ-R1GrWlAPkfaThGqxeTj0QTtrARw4rroxIIepf2kipn1nw%2FformResponse%3Fusp%3Dpp_url%26entry.1313582257%3D0103151970%20%2F%20252610489%26entry.1578404635%3DHadir | R44: 1P_ZTXFd8PwAfiaGJvdH2bqIephNdGRUM | S44: https://drive.google.com/file/d/1P_ZTXFd8PwAfiaGJvdH2bqIephNdGRUM/view?usp=drivesdk | T44: =HYPERLINK("https://drive.google.com/file/d/1P_ZTXFd8PwAfiaGJvdH2bqIephNdGRUM/view?usp=drivesdk","33 - X1 - Riffa Nugraha - P") -> 33 - X1 - Riffa Nugraha - P | U44: Document successfully created; Document successfully merged; PDF created; Manually run by skycircle.id@gmail.com; Timestamp: Nov 7 2025 2:57 AM | W44: =COUNTIFS('Form Presensi SCC'!$B:$B, IF($C44<>0, TEXT($C44, "0000000000"), $D44), 'Form Presensi SCC'!$C:$C, "Hadir") -> 0
A45: 44 | B45: 44 | C45: 0097644165 / 252610508 | D45: Salsabila Zahwa Mulana - P | E45: P | F45: 33 | G45: X1 | J45: X1 | P45: ="https://docs.google.com/forms/d/e/1FAIpQLSeZ-R1GrWlAPkfaThGqxeTj0QTtrARw4rroxIIepf2kipn1nw/formResponse?usp=pp_url&entry.1313582257="&C45&"&entry.1578404635=Hadir" -> https://docs.google.com/forms/d/e/1FAIpQLSeZ-R1GrWlAPkfaThGqxeTj0QTtrARw4rroxIIepf2kipn1nw/formResponse?usp=pp_url&entry.1313582257=0097644165 / 252610508&entry.1578404635=Hadir | Q45: https://quickchart.io/qr?size=250&text=https%3A%2F%2Fdocs.google.com%2Fforms%2Fd%2Fe%2F1FAIpQLSeZ-R1GrWlAPkfaThGqxeTj0QTtrARw4rroxIIepf2kipn1nw%2FformResponse%3Fusp%3Dpp_url%26entry.1313582257%3D0097644165%20%2F%20252610508%26entry.1578404635%3DHadir | R45: 1jvfMZ9DFM2ChktrYbXoRfRskNFsqfx7r | S45: https://drive.google.com/file/d/1jvfMZ9DFM2ChktrYbXoRfRskNFsqfx7r/view?usp=drivesdk | T45: =HYPERLINK("https://drive.google.com/file/d/1jvfMZ9DFM2ChktrYbXoRfRskNFsqfx7r/view?usp=drivesdk","33 - X1 - Salsabila Zahwa Mulana - P") -> 33 - X1 - Salsabila Zahwa Mulana - P | U45: Document successfully created; Document successfully merged; PDF created; Manually run by skycircle.id@gmail.com; Timestamp: Nov 7 2025 2:57 AM | W45: =COUNTIFS('Form Presensi SCC'!$B:$B, IF($C45<>0, TEXT($C45, "0000000000"), $D45), 'Form Presensi SCC'!$C:$C, "Hadir") -> 1
A46: 45 | B46: 45 | C46: 0102657659 / 252610513 | D46: Shabira Ayatul Husna - P | E46: P | F46: 33 | G46: X1 | J46: X1 | P46: ="https://docs.google.com/forms/d/e/1FAIpQLSeZ-R1GrWlAPkfaThGqxeTj0QTtrARw4rroxIIepf2kipn1nw/formResponse?usp=pp_url&entry.1313582257="&C46&"&entry.1578404635=Hadir" -> https://docs.google.com/forms/d/e/1FAIpQLSeZ-R1GrWlAPkfaThGqxeTj0QTtrARw4rroxIIepf2kipn1nw/formResponse?usp=pp_url&entry.1313582257=0102657659 / 252610513&entry.1578404635=Hadir | Q46: https://quickchart.io/qr?size=250&text=https%3A%2F%2Fdocs.google.com%2Fforms%2Fd%2Fe%2F1FAIpQLSeZ-R1GrWlAPkfaThGqxeTj0QTtrARw4rroxIIepf2kipn1nw%2FformResponse%3Fusp%3Dpp_url%26entry.1313582257%3D0102657659%20%2F%20252610513%26entry.1578404635%3DHadir | R46: 18eppwSX6bUHvs7XyHW02LIyqngUPAuhZ | S46: https://drive.google.com/file/d/18eppwSX6bUHvs7XyHW02LIyqngUPAuhZ/view?usp=drivesdk | T46: =HYPERLINK("https://drive.google.com/file/d/18eppwSX6bUHvs7XyHW02LIyqngUPAuhZ/view?usp=drivesdk","33 - X1 - Shabira Ayatul Husna - P") -> 33 - X1 - Shabira Ayatul Husna - P | U46: Document successfully created; Document successfully merged; PDF created; Manually run by skycircle.id@gmail.com; Timestamp: Nov 7 2025 2:58 AM | W46: =COUNTIFS('Form Presensi SCC'!$B:$B, IF($C46<>0, TEXT($C46, "0000000000"), $D46), 'Form Presensi SCC'!$C:$C, "Hadir") -> 1
A47: 46 | B47: 46 | C47: 0111428850 / 252610564 | D47: Zavier Lamya Arkanominatha - L | E47: L | F47: 33 | G47: X1 | J47: X1 | P47: ="https://docs.google.com/forms/d/e/1FAIpQLSeZ-R1GrWlAPkfaThGqxeTj0QTtrARw4rroxIIepf2kipn1nw/formResponse?usp=pp_url&entry.1313582257="&C47&"&entry.1578404635=Hadir" -> https://docs.google.com/forms/d/e/1FAIpQLSeZ-R1GrWlAPkfaThGqxeTj0QTtrARw4rroxIIepf2kipn1nw/formResponse?usp=pp_url&entry.1313582257=0111428850 / 252610564&entry.1578404635=Hadir | Q47: https://quickchart.io/qr?size=250&text=https%3A%2F%2Fdocs.google.com%2Fforms%2Fd%2Fe%2F1FAIpQLSeZ-R1GrWlAPkfaThGqxeTj0QTtrARw4rroxIIepf2kipn1nw%2FformResponse%3Fusp%3Dpp_url%26entry.1313582257%3D0111428850%20%2F%20252610564%26entry.1578404635%3DHadir | R47: 1ddNVDpOFYbZ89yxUN2xd7tFu7kQZtx16 | S47: https://drive.google.com/file/d/1ddNVDpOFYbZ89yxUN2xd7tFu7kQZtx16/view?usp=drivesdk | T47: =HYPERLINK("https://drive.google.com/file/d/1ddNVDpOFYbZ89yxUN2xd7tFu7kQZtx16/view?usp=drivesdk","33 - X1 - Zavier Lamya Arkanominatha - L") -> 33 - X1 - Zavier Lamya Arkanominatha - L | U47: Document successfully created; Document successfully merged; PDF created; Manually run by skycircle.id@gmail.com; Timestamp: Nov 7 2025 2:58 AM | W47: =COUNTIFS('Form Presensi SCC'!$B:$B, IF($C47<>0, TEXT($C47, "0000000000"), $D47), 'Form Presensi SCC'!$C:$C, "Hadir") -> 0
A48: 47 | B48: 47 | C48: 0108505453 / 252610566 | D48: Zhafirah Dwi Fauziah - P | E48: P | F48: 33 | G48: X1 | J48: X1 | P48: ="https://docs.google.com/forms/d/e/1FAIpQLSeZ-R1GrWlAPkfaThGqxeTj0QTtrARw4rroxIIepf2kipn1nw/formResponse?usp=pp_url&entry.1313582257="&C48&"&entry.1578404635=Hadir" -> https://docs.google.com/forms/d/e/1FAIpQLSeZ-R1GrWlAPkfaThGqxeTj0QTtrARw4rroxIIepf2kipn1nw/formResponse?usp=pp_url&entry.1313582257=0108505453 / 252610566&entry.1578404635=Hadir | Q48: https://quickchart.io/qr?size=250&text=https%3A%2F%2Fdocs.google.com%2Fforms%2Fd%2Fe%2F1FAIpQLSeZ-R1GrWlAPkfaThGqxeTj0QTtrARw4rroxIIepf2kipn1nw%2FformResponse%3Fusp%3Dpp_url%26entry.1313582257%3D0108505453%20%2F%20252610566%26entry.1578404635%3DHadir | R48: 1_68U5tIsXqQIs3o-Tyb3Jl3CqL3Skxpb | S48: https://drive.google.com/file/d/1_68U5tIsXqQIs3o-Tyb3Jl3CqL3Skxpb/view?usp=drivesdk | T48: =HYPERLINK("https://drive.google.com/file/d/1_68U5tIsXqQIs3o-Tyb3Jl3CqL3Skxpb/view?usp=drivesdk","33 - X1 - Zhafirah Dwi Fauziah - P") -> 33 - X1 - Zhafirah Dwi Fauziah - P | U48: Document successfully created; Document successfully merged; PDF created; Manually run by skycircle.id@gmail.com; Timestamp: Nov 7 2025 2:58 AM | W48: =COUNTIFS('Form Presensi SCC'!$B:$B, IF($C48<>0, TEXT($C48, "0000000000"), $D48), 'Form Presensi SCC'!$C:$C, "Hadir") -> 0
A49: 48 | B49: 1 | C49: 0094216870 / 252610011 | D49: Adinda Syahira Hariyadi - P | E49: P | F49: 33 | G49: X2 | J49: X2 | P49: ="https://docs.google.com/forms/d/e/1FAIpQLSeZ-R1GrWlAPkfaThGqxeTj0QTtrARw4rroxIIepf2kipn1nw/formResponse?usp=pp_url&entry.1313582257="&C49&"&entry.1578404635=Hadir" -> https://docs.google.com/forms/d/e/1FAIpQLSeZ-R1GrWlAPkfaThGqxeTj0QTtrARw4rroxIIepf2kipn1nw/formResponse?usp=pp_url&entry.1313582257=0094216870 / 252610011&entry.1578404635=Hadir | Q49: https://quickchart.io/qr?size=250&text=https%3A%2F%2Fdocs.google.com%2Fforms%2Fd%2Fe%2F1FAIpQLSeZ-R1GrWlAPkfaThGqxeTj0QTtrARw4rroxIIepf2kipn1nw%2FformResponse%3Fusp%3Dpp_url%26entry.1313582257%3D0094216870%20%2F%20252610011%26entry.1578404635%3DHadir | R49: 1V3OSllgck0kjPQQvDJW61DGdtMqwoffT | S49: https://drive.google.com/file/d/1V3OSllgck0kjPQQvDJW61DGdtMqwoffT/view?usp=drivesdk | T49: =HYPERLINK("https://drive.google.com/file/d/1V3OSllgck0kjPQQvDJW61DGdtMqwoffT/view?usp=drivesdk","33 - X2 - Adinda Syahira Hariyadi - P") -> 33 - X2 - Adinda Syahira Hariyadi - P | U49: Document successfully created; Document successfully merged; PDF created; Manually run by skycircle.id@gmail.com; Timestamp: Nov 7 2025 2:58 AM | W49: =COUNTIFS('Form Presensi SCC'!$B:$B, IF($C49<>0, TEXT($C49, "0000000000"), $D49), 'Form Presensi SCC'!$C:$C, "Hadir") -> 0
A50: 49 | B50: 2 | C50: 0107760733 / 252610023 | D50: Aira Aulia Putri - P | E50: P | F50: 33 | G50: X2 | J50: X2 | P50: ="https://docs.google.com/forms/d/e/1FAIpQLSeZ-R1GrWlAPkfaThGqxeTj0QTtrARw4rroxIIepf2kipn1nw/formResponse?usp=pp_url&entry.1313582257="&C50&"&entry.1578404635=Hadir" -> https://docs.google.com/forms/d/e/1FAIpQLSeZ-R1GrWlAPkfaThGqxeTj0QTtrARw4rroxIIepf2kipn1nw/formResponse?usp=pp_url&entry.1313582257=0107760733 / 252610023&entry.1578404635=Hadir | Q50: https://quickchart.io/qr?size=250&text=https%3A%2F%2Fdocs.google.com%2Fforms%2Fd%2Fe%2F1FAIpQLSeZ-R1GrWlAPkfaThGqxeTj0QTtrARw4rroxIIepf2kipn1nw%2FformResponse%3Fusp%3Dpp_url%26entry.1313582257%3D0107760733%20%2F%20252610023%26entry.1578404635%3DHadir | R50: 1YjUv2pJ7KOeDnrfvFss9TfLP6PklCkR7 | S50: https://drive.google.com/file/d/1YjUv2pJ7KOeDnrfvFss9TfLP6PklCkR7/view?usp=drivesdk | T50: =HYPERLINK("https://drive.google.com/file/d/1YjUv2pJ7KOeDnrfvFss9TfLP6PklCkR7/view?usp=drivesdk","33 - X2 - Aira Aulia Putri - P") -> 33 - X2 - Aira Aulia Putri - P | U50: Document successfully created; Document successfully merged; PDF created; Manually run by skycircle.id@gmail.com; Timestamp: Nov 7 2025 2:58 AM | W50: =COUNTIFS('Form Presensi SCC'!$B:$B, IF($C50<>0, TEXT($C50, "0000000000"), $D50), 'Form Presensi SCC'!$C:$C, "Hadir") -> 0
A51: 50 | B51: 3 | C51: 0105130233 / 252610026 | D51: Aisha Faiha Dzakiyah - P | E51: P | F51: 33 | G51: X2 | J51: X2 | P51: ="https://docs.google.com/forms/d/e/1FAIpQLSeZ-R1GrWlAPkfaThGqxeTj0QTtrARw4rroxIIepf2kipn1nw/formResponse?usp=pp_url&entry.1313582257="&C51&"&entry.1578404635=Hadir" -> https://docs.google.com/forms/d/e/1FAIpQLSeZ-R1GrWlAPkfaThGqxeTj0QTtrARw4rroxIIepf2kipn1nw/formResponse?usp=pp_url&entry.1313582257=0105130233 / 252610026&entry.1578404635=Hadir | Q51: https://quickchart.io/qr?size=250&text=https%3A%2F%2Fdocs.google.com%2Fforms%2Fd%2Fe%2F1FAIpQLSeZ-R1GrWlAPkfaThGqxeTj0QTtrARw4rroxIIepf2kipn1nw%2FformResponse%3Fusp%3Dpp_url%26entry.1313582257%3D0105130233%20%2F%20252610026%26entry.1578404635%3DHadir | R51: 19oQC7k1F1Sjaf2Pr6LD5lI-Yf2rs0zAY | S51: https://drive.google.com/file/d/19oQC7k1F1Sjaf2Pr6LD5lI-Yf2rs0zAY/view?usp=drivesdk | T51: =HYPERLINK("https://drive.google.com/file/d/19oQC7k1F1Sjaf2Pr6LD5lI-Yf2rs0zAY/view?usp=drivesdk","33 - X2 - Aisha Faiha Dzakiyah - P") -> 33 - X2 - Aisha Faiha Dzakiyah - P | U51: Document successfully created; Document successfully merged; PDF created; Manually run by skycircle.id@gmail.com; Timestamp: Nov 7 2025 2:59 AM | W51: =COUNTIFS('Form Presensi SCC'!$B:$B, IF($C51<>0, TEXT($C51, "0000000000"), $D51), 'Form Presensi SCC'!$C:$C, "Hadir") -> 0
A52: 51 | B52: 4 | C52: 0104550133 / 252610039 | D52: Alifa Safa Salsabila - P | E52: P | F52: 33 | G52: X2 | J52: X2 | P52: ="https://docs.google.com/forms/d/e/1FAIpQLSeZ-R1GrWlAPkfaThGqxeTj0QTtrARw4rroxIIepf2kipn1nw/formResponse?usp=pp_url&entry.1313582257="&C52&"&entry.1578404635=Hadir" -> https://docs.google.com/forms/d/e/1FAIpQLSeZ-R1GrWlAPkfaThGqxeTj0QTtrARw4rroxIIepf2kipn1nw/formResponse?usp=pp_url&entry.1313582257=0104550133 / 252610039&entry.1578404635=Hadir | Q52: https://quickchart.io/qr?size=250&text=https%3A%2F%2Fdocs.google.com%2Fforms%2Fd%2Fe%2F1FAIpQLSeZ-R1GrWlAPkfaThGqxeTj0QTtrARw4rroxIIepf2kipn1nw%2FformResponse%3Fusp%3Dpp_url%26entry.1313582257%3D0104550133%20%2F%20252610039%26entry.1578404635%3DHadir | R52: 1nEPueYwyqo-f8dDwrk4qy3wFNq8GVL3O | S52: https://drive.google.com/file/d/1nEPueYwyqo-f8dDwrk4qy3wFNq8GVL3O/view?usp=drivesdk | T52: =HYPERLINK("https://drive.google.com/file/d/1nEPueYwyqo-f8dDwrk4qy3wFNq8GVL3O/view?usp=drivesdk","33 - X2 - Alifa Safa Salsabila - P") -> 33 - X2 - Alifa Safa Salsabila - P | U52: Document successfully created; Document successfully merged; PDF created; Manually run by skycircle.id@gmail.com; Timestamp: Nov 7 2025 2:59 AM | W52: =COUNTIFS('Form Presensi SCC'!$B:$B, IF($C52<>0, TEXT($C52, "0000000000"), $D52), 'Form Presensi SCC'!$C:$C, "Hadir") -> 0
A53: 52 | B53: 5 | C53: 0095372504 / 252610050 | D53: Alviana Dwie Putery - P | E53: P | F53: 33 | G53: X2 | J53: X2 | P53: ="https://docs.google.com/forms/d/e/1FAIpQLSeZ-R1GrWlAPkfaThGqxeTj0QTtrARw4rroxIIepf2kipn1nw/formResponse?usp=pp_url&entry.1313582257="&C53&"&entry.1578404635=Hadir" -> https://docs.google.com/forms/d/e/1FAIpQLSeZ-R1GrWlAPkfaThGqxeTj0QTtrARw4rroxIIepf2kipn1nw/formResponse?usp=pp_url&entry.1313582257=0095372504 / 252610050&entry.1578404635=Hadir | Q53: https://quickchart.io/qr?size=250&text=https%3A%2F%2Fdocs.google.com%2Fforms%2Fd%2Fe%2F1FAIpQLSeZ-R1GrWlAPkfaThGqxeTj0QTtrARw4rroxIIepf2kipn1nw%2FformResponse%3Fusp%3Dpp_url%26entry.1313582257%3D0095372504%20%2F%20252610050%26entry.1578404635%3DHadir | R53: 1_YSPZldf8E3yzBabNxKC3cTzD2e6-CbI | S53: https://drive.google.com/file/d/1_YSPZldf8E3yzBabNxKC3cTzD2e6-CbI/view?usp=drivesdk | T53: =HYPERLINK("https://drive.google.com/file/d/1_YSPZldf8E3yzBabNxKC3cTzD2e6-CbI/view?usp=drivesdk","33 - X2 - Alviana Dwie Putery - P") -> 33 - X2 - Alviana Dwie Putery - P | U53: Document successfully created; Document successfully merged; PDF created; Manually run by skycircle.id@gmail.com; Timestamp: Nov 7 2025 2:59 AM | W53: =COUNTIFS('Form Presensi SCC'!$B:$B, IF($C53<>0, TEXT($C53, "0000000000"), $D53), 'Form Presensi SCC'!$C:$C, "Hadir") -> 0
A54: 53 | B54: 6 | C54: 0105813396 / 252610052 | D54: Alyya Zahra Kusumadewi - P | E54: P | F54: 33 | G54: X2 | J54: X2 | P54: ="https://docs.google.com/forms/d/e/1FAIpQLSeZ-R1GrWlAPkfaThGqxeTj0QTtrARw4rroxIIepf2kipn1nw/formResponse?usp=pp_url&entry.1313582257="&C54&"&entry.1578404635=Hadir" -> https://docs.google.com/forms/d/e/1FAIpQLSeZ-R1GrWlAPkfaThGqxeTj0QTtrARw4rroxIIepf2kipn1nw/formResponse?usp=pp_url&entry.1313582257=0105813396 / 252610052&entry.1578404635=Hadir | Q54: https://quickchart.io/qr?size=250&text=https%3A%2F%2Fdocs.google.com%2Fforms%2Fd%2Fe%2F1FAIpQLSeZ-R1GrWlAPkfaThGqxeTj0QTtrARw4rroxIIepf2kipn1nw%2FformResponse%3Fusp%3Dpp_url%26entry.1313582257%3D0105813396%20%2F%20252610052%26entry.1578404635%3DHadir | R54: 1v7wvk3O0DJKty1fROoP0eASVLgj0R8qk | S54: https://drive.google.com/file/d/1v7wvk3O0DJKty1fROoP0eASVLgj0R8qk/view?usp=drivesdk | T54: =HYPERLINK("https://drive.google.com/file/d/1v7wvk3O0DJKty1fROoP0eASVLgj0R8qk/view?usp=drivesdk","33 - X2 - Alyya Zahra Kusumadewi - P") -> 33 - X2 - Alyya Zahra Kusumadewi - P | U54: Document successfully created; Document successfully merged; PDF created; Manually run by skycircle.id@gmail.com; Timestamp: Nov 7 2025 2:59 AM | W54: =COUNTIFS('Form Presensi SCC'!$B:$B, IF($C54<>0, TEXT($C54, "0000000000"), $D54), 'Form Presensi SCC'!$C:$C, "Hadir") -> 1
A55: 54 | B55: 7 | C55: 0109006152 / 252610058 | D55: Ammar Raziq Mahdiya - L | E55: L | F55: 33 | G55: X2 | J55: X2 | P55: ="https://docs.google.com/forms/d/e/1FAIpQLSeZ-R1GrWlAPkfaThGqxeTj0QTtrARw4rroxIIepf2kipn1nw/formResponse?usp=pp_url&entry.1313582257="&C55&"&entry.1578404635=Hadir" -> https://docs.google.com/forms/d/e/1FAIpQLSeZ-R1GrWlAPkfaThGqxeTj0QTtrARw4rroxIIepf2kipn1nw/formResponse?usp=pp_url&entry.1313582257=0109006152 / 252610058&entry.1578404635=Hadir | Q55: https://quickchart.io/qr?size=250&text=https%3A%2F%2Fdocs.google.com%2Fforms%2Fd%2Fe%2F1FAIpQLSeZ-R1GrWlAPkfaThGqxeTj0QTtrARw4rroxIIepf2kipn1nw%2FformResponse%3Fusp%3Dpp_url%26entry.1313582257%3D0109006152%20%2F%20252610058%26entry.1578404635%3DHadir | R55: 1d6QA5zp1Vi-nS8UnSa5r-4KbJfyjVHuT | S55: https://drive.google.com/file/d/1d6QA5zp1Vi-nS8UnSa5r-4KbJfyjVHuT/view?usp=drivesdk | T55: =HYPERLINK("https://drive.google.com/file/d/1d6QA5zp1Vi-nS8UnSa5r-4KbJfyjVHuT/view?usp=drivesdk","33 - X2 - Ammar Raziq Mahdiya - L") -> 33 - X2 - Ammar Raziq Mahdiya - L | U55: Document successfully created; Document successfully merged; PDF created; Manually run by skycircle.id@gmail.com; Timestamp: Nov 7 2025 2:59 AM | W55: =COUNTIFS('Form Presensi SCC'!$B:$B, IF($C55<>0, TEXT($C55, "0000000000"), $D55), 'Form Presensi SCC'!$C:$C, "Hadir") -> 0
A56: 55 | B56: 8 | C56: 0097211030 / 252610062 | D56: Andini Qoriyati Khaerani - P | E56: P | F56: 33 | G56: X2 | J56: X2 | P56: ="https://docs.google.com/forms/d/e/1FAIpQLSeZ-R1GrWlAPkfaThGqxeTj0QTtrARw4rroxIIepf2kipn1nw/formResponse?usp=pp_url&entry.1313582257="&C56&"&entry.1578404635=Hadir" -> https://docs.google.com/forms/d/e/1FAIpQLSeZ-R1GrWlAPkfaThGqxeTj0QTtrARw4rroxIIepf2kipn1nw/formResponse?usp=pp_url&entry.1313582257=0097211030 / 252610062&entry.1578404635=Hadir | Q56: https://quickchart.io/qr?size=250&text=https%3A%2F%2Fdocs.google.com%2Fforms%2Fd%2Fe%2F1FAIpQLSeZ-R1GrWlAPkfaThGqxeTj0QTtrARw4rroxIIepf2kipn1nw%2FformResponse%3Fusp%3Dpp_url%26entry.1313582257%3D0097211030%20%2F%20252610062%26entry.1578404635%3DHadir | R56: 1T8aWCbjMdk74BXIB8TCMBqnV86daV1up | S56: https://drive.google.com/file/d/1T8aWCbjMdk74BXIB8TCMBqnV86daV1up/view?usp=drivesdk | T56: =HYPERLINK("https://drive.google.com/file/d/1T8aWCbjMdk74BXIB8TCMBqnV86daV1up/view?usp=drivesdk","33 - X2 - Andini Qoriyati Khaerani - P") -> 33 - X2 - Andini Qoriyati Khaerani - P | U56: Document successfully created; Document successfully merged; PDF created; Manually run by skycircle.id@gmail.com; Timestamp: Nov 7 2025 2:59 AM | W56: =COUNTIFS('Form Presensi SCC'!$B:$B, IF($C56<>0, TEXT($C56, "0000000000"), $D56), 'Form Presensi SCC'!$C:$C, "Hadir") -> 0
A57: 56 | B57: 9 | C57: 3108667209 / 252610070 | D57: Aqeela Az Zahra - P | E57: P | F57: 33 | G57: X2 | J57: X2 | P57: ="https://docs.google.com/forms/d/e/1FAIpQLSeZ-R1GrWlAPkfaThGqxeTj0QTtrARw4rroxIIepf2kipn1nw/formResponse?usp=pp_url&entry.1313582257="&C57&"&entry.1578404635=Hadir" -> https://docs.google.com/forms/d/e/1FAIpQLSeZ-R1GrWlAPkfaThGqxeTj0QTtrARw4rroxIIepf2kipn1nw/formResponse?usp=pp_url&entry.1313582257=3108667209 / 252610070&entry.1578404635=Hadir | Q57: https://quickchart.io/qr?size=250&text=https%3A%2F%2Fdocs.google.com%2Fforms%2Fd%2Fe%2F1FAIpQLSeZ-R1GrWlAPkfaThGqxeTj0QTtrARw4rroxIIepf2kipn1nw%2FformResponse%3Fusp%3Dpp_url%26entry.1313582257%3D3108667209%20%2F%20252610070%26entry.1578404635%3DHadir | R57: 1bgI--588l7W0F6MH1pH5MFbys4-cObhL | S57: https://drive.google.com/file/d/1bgI--588l7W0F6MH1pH5MFbys4-cObhL/view?usp=drivesdk | T57: =HYPERLINK("https://drive.google.com/file/d/1bgI--588l7W0F6MH1pH5MFbys4-cObhL/view?usp=drivesdk","33 - X2 - Aqeela Az Zahra - P") -> 33 - X2 - Aqeela Az Zahra - P | U57: Document successfully created; Document successfully merged; PDF created; Manually run by skycircle.id@gmail.com; Timestamp: Nov 7 2025 2:59 AM | W57: =COUNTIFS('Form Presensi SCC'!$B:$B, IF($C57<>0, TEXT($C57, "0000000000"), $D57), 'Form Presensi SCC'!$C:$C, "Hadir") -> 0
A58: 57 | B58: 10 | C58: 0109904498 / 252610075 | D58: Arfan Kristian Perlindungan Harefa - L | E58: L | F58: 33 | G58: X2 | J58: X2 | P58: ="https://docs.google.com/forms/d/e/1FAIpQLSeZ-R1GrWlAPkfaThGqxeTj0QTtrARw4rroxIIepf2kipn1nw/formResponse?usp=pp_url&entry.1313582257="&C58&"&entry.1578404635=Hadir" -> https://docs.google.com/forms/d/e/1FAIpQLSeZ-R1GrWlAPkfaThGqxeTj0QTtrARw4rroxIIepf2kipn1nw/formResponse?usp=pp_url&entry.1313582257=0109904498 / 252610075&entry.1578404635=Hadir | Q58: https://quickchart.io/qr?size=250&text=https%3A%2F%2Fdocs.google.com%2Fforms%2Fd%2Fe%2F1FAIpQLSeZ-R1GrWlAPkfaThGqxeTj0QTtrARw4rroxIIepf2kipn1nw%2FformResponse%3Fusp%3Dpp_url%26entry.1313582257%3D0109904498%20%2F%20252610075%26entry.1578404635%3DHadir | R58: 1IbqYvnCOf4uirVZuOV4dwHfnsRXQ21sf | S58: https://drive.google.com/file/d/1IbqYvnCOf4uirVZuOV4dwHfnsRXQ21sf/view?usp=drivesdk | T58: =HYPERLINK("https://drive.google.com/file/d/1IbqYvnCOf4uirVZuOV4dwHfnsRXQ21sf/view?usp=drivesdk","33 - X2 - Arfan Kristian Perlindungan Harefa - L") -> 33 - X2 - Arfan Kristian Perlindungan Harefa - L | U58: Document successfully created; Document successfully merged; PDF created; Manually run by skycircle.id@gmail.com; Timestamp: Nov 7 2025 3:00 AM | W58: =COUNTIFS('Form Presensi SCC'!$B:$B, IF($C58<>0, TEXT($C58, "0000000000"), $D58), 'Form Presensi SCC'!$C:$C, "Hadir") -> 0
A59: 58 | B59: 11 | C59: 0098513542 / 252610084 | D59: Ashiila Rindu Dwi Laufli - P | E59: P | F59: 33 | G59: X2 | J59: X2 | P59: ="https://docs.google.com/forms/d/e/1FAIpQLSeZ-R1GrWlAPkfaThGqxeTj0QTtrARw4rroxIIepf2kipn1nw/formResponse?usp=pp_url&entry.1313582257="&C59&"&entry.1578404635=Hadir" -> https://docs.google.com/forms/d/e/1FAIpQLSeZ-R1GrWlAPkfaThGqxeTj0QTtrARw4rroxIIepf2kipn1nw/formResponse?usp=pp_url&entry.1313582257=0098513542 / 252610084&entry.1578404635=Hadir | Q59: https://quickchart.io/qr?size=250&text=https%3A%2F%2Fdocs.google.com%2Fforms%2Fd%2Fe%2F1FAIpQLSeZ-R1GrWlAPkfaThGqxeTj0QTtrARw4rroxIIepf2kipn1nw%2FformResponse%3Fusp%3Dpp_url%26entry.1313582257%3D0098513542%20%2F%20252610084%26entry.1578404635%3DHadir | R59: 1rjgwiGoXrvzhzLXFC2-MjxPDWMU-J86k | S59: https://drive.google.com/file/d/1rjgwiGoXrvzhzLXFC2-MjxPDWMU-J86k/view?usp=drivesdk | T59: =HYPERLINK("https://drive.google.com/file/d/1rjgwiGoXrvzhzLXFC2-MjxPDWMU-J86k/view?usp=drivesdk","33 - X2 - Ashiila Rindu Dwi Laufli - P") -> 33 - X2 - Ashiila Rindu Dwi Laufli - P | U59: Document successfully created; Document successfully merged; PDF created; Manually run by skycircle.id@gmail.com; Timestamp: Nov 7 2025 3:00 AM | W59: =COUNTIFS('Form Presensi SCC'!$B:$B, IF($C59<>0, TEXT($C59, "0000000000"), $D59), 'Form Presensi SCC'!$C:$C, "Hadir") -> 0
A60: 59 | B60: 12 | C60: 0106376916 / 252610090 | D60: Atharrayhan Abimanyu Pratama - P | E60: P | F60: 33 | G60: X2 | J60: X2 | P60: ="https://docs.google.com/forms/d/e/1FAIpQLSeZ-R1GrWlAPkfaThGqxeTj0QTtrARw4rroxIIepf2kipn1nw/formResponse?usp=pp_url&entry.1313582257="&C60&"&entry.1578404635=Hadir" -> https://docs.google.com/forms/d/e/1FAIpQLSeZ-R1GrWlAPkfaThGqxeTj0QTtrARw4rroxIIepf2kipn1nw/formResponse?usp=pp_url&entry.1313582257=0106376916 / 252610090&entry.1578404635=Hadir | Q60: https://quickchart.io/qr?size=250&text=https%3A%2F%2Fdocs.google.com%2Fforms%2Fd%2Fe%2F1FAIpQLSeZ-R1GrWlAPkfaThGqxeTj0QTtrARw4rroxIIepf2kipn1nw%2FformResponse%3Fusp%3Dpp_url%26entry.1313582257%3D0106376916%20%2F%20252610090%26entry.1578404635%3DHadir | R60: 1ubg9Wzmya8Nhedu7v_56BBXlaGmVy9gb | S60: https://drive.google.com/file/d/1ubg9Wzmya8Nhedu7v_56BBXlaGmVy9gb/view?usp=drivesdk | T60: =HYPERLINK("https://drive.google.com/file/d/1ubg9Wzmya8Nhedu7v_56BBXlaGmVy9gb/view?usp=drivesdk","33 - X2 - Atharrayhan Abimanyu Pratama - P") -> 33 - X2 - Atharrayhan Abimanyu Pratama - P | U60: Document successfully created; Document successfully merged; PDF created; Manually run by skycircle.id@gmail.com; Timestamp: Nov 7 2025 3:00 AM | W60: =COUNTIFS('Form Presensi SCC'!$B:$B, IF($C60<>0, TEXT($C60, "0000000000"), $D60), 'Form Presensi SCC'!$C:$C, "Hadir") -> 0
A61: 60 | B61: 13 | C61: 0105797314 / 252610102 | D61: Aurelly Diana Zulkarnaen - P | E61: P | F61: 33 | G61: X2 | J61: X2 | P61: ="https://docs.google.com/forms/d/e/1FAIpQLSeZ-R1GrWlAPkfaThGqxeTj0QTtrARw4rroxIIepf2kipn1nw/formResponse?usp=pp_url&entry.1313582257="&C61&"&entry.1578404635=Hadir" -> https://docs.google.com/forms/d/e/1FAIpQLSeZ-R1GrWlAPkfaThGqxeTj0QTtrARw4rroxIIepf2kipn1nw/formResponse?usp=pp_url&entry.1313582257=0105797314 / 252610102&entry.1578404635=Hadir | Q61: https://quickchart.io/qr?size=250&text=https%3A%2F%2Fdocs.google.com%2Fforms%2Fd%2Fe%2F1FAIpQLSeZ-R1GrWlAPkfaThGqxeTj0QTtrARw4rroxIIepf2kipn1nw%2FformResponse%3Fusp%3Dpp_url%26entry.1313582257%3D0105797314%20%2F%20252610102%26entry.1578404635%3DHadir | R61: 1nkWWYZxxxqEYNl-74LFssFZcXX-uDpl_ | S61: https://drive.google.com/file/d/1nkWWYZxxxqEYNl-74LFssFZcXX-uDpl_/view?usp=drivesdk | T61: =HYPERLINK("https://drive.google.com/file/d/1nkWWYZxxxqEYNl-74LFssFZcXX-uDpl_/view?usp=drivesdk","33 - X2 - Aurelly Diana Zulkarnaen - P") -> 33 - X2 - Aurelly Diana Zulkarnaen - P | U61: Document successfully created; Document successfully merged; PDF created; Manually run by skycircle.id@gmail.com; Timestamp: Nov 7 2025 3:00 AM | W61: =COUNTIFS('Form Presensi SCC'!$B:$B, IF($C61<>0, TEXT($C61, "0000000000"), $D61), 'Form Presensi SCC'!$C:$C, "Hadir") -> 0
A62: 61 | B62: 14 | C62: 0102731314 / 252610124 | D62: Bima Adyatma Ilmiawan - L | E62: L | F62: 33 | G62: X2 | J62: X2 | P62: ="https://docs.google.com/forms/d/e/1FAIpQLSeZ-R1GrWlAPkfaThGqxeTj0QTtrARw4rroxIIepf2kipn1nw/formResponse?usp=pp_url&entry.1313582257="&C62&"&entry.1578404635=Hadir" -> https://docs.google.com/forms/d/e/1FAIpQLSeZ-R1GrWlAPkfaThGqxeTj0QTtrARw4rroxIIepf2kipn1nw/formResponse?usp=pp_url&entry.1313582257=0102731314 / 252610124&entry.1578404635=Hadir | Q62: https://quickchart.io/qr?size=250&text=https%3A%2F%2Fdocs.google.com%2Fforms%2Fd%2Fe%2F1FAIpQLSeZ-R1GrWlAPkfaThGqxeTj0QTtrARw4rroxIIepf2kipn1nw%2FformResponse%3Fusp%3Dpp_url%26entry.1313582257%3D0102731314%20%2F%20252610124%26entry.1578404635%3DHadir | R62: 1YOs4LBHSXwwreL_T8Tbh6G3pgiJ2yTpc | S62: https://drive.google.com/file/d/1YOs4LBHSXwwreL_T8Tbh6G3pgiJ2yTpc/view?usp=drivesdk | T62: =HYPERLINK("https://drive.google.com/file/d/1YOs4LBHSXwwreL_T8Tbh6G3pgiJ2yTpc/view?usp=drivesdk","33 - X2 - Bima Adyatma Ilmiawan - L") -> 33 - X2 - Bima Adyatma Ilmiawan - L | U62: Document successfully created; Document successfully merged; PDF created; Manually run by skycircle.id@gmail.com; Timestamp: Nov 7 2025 3:00 AM | W62: =COUNTIFS('Form Presensi SCC'!$B:$B, IF($C62<>0, TEXT($C62, "0000000000"), $D62), 'Form Presensi SCC'!$C:$C, "Hadir") -> 0
A63: 62 | B63: 15 | C63: 0092794157 / 252610139 | D63: Cinta Cludia Putri - P | E63: P | F63: 33 | G63: X2 | J63: X2 | P63: ="https://docs.google.com/forms/d/e/1FAIpQLSeZ-R1GrWlAPkfaThGqxeTj0QTtrARw4rroxIIepf2kipn1nw/formResponse?usp=pp_url&entry.1313582257="&C63&"&entry.1578404635=Hadir" -> https://docs.google.com/forms/d/e/1FAIpQLSeZ-R1GrWlAPkfaThGqxeTj0QTtrARw4rroxIIepf2kipn1nw/formResponse?usp=pp_url&entry.1313582257=0092794157 / 252610139&entry.1578404635=Hadir | Q63: https://quickchart.io/qr?size=250&text=https%3A%2F%2Fdocs.google.com%2Fforms%2Fd%2Fe%2F1FAIpQLSeZ-R1GrWlAPkfaThGqxeTj0QTtrARw4rroxIIepf2kipn1nw%2FformResponse%3Fusp%3Dpp_url%26entry.1313582257%3D0092794157%20%2F%20252610139%26entry.1578404635%3DHadir | R63: 1xtFbmUx3DpIkVo8HmV8a8ij_v5h0c5H4 | S63: https://drive.google.com/file/d/1xtFbmUx3DpIkVo8HmV8a8ij_v5h0c5H4/view?usp=drivesdk | T63: =HYPERLINK("https://drive.google.com/file/d/1xtFbmUx3DpIkVo8HmV8a8ij_v5h0c5H4/view?usp=drivesdk","33 - X2 - Cinta Cludia Putri - P") -> 33 - X2 - Cinta Cludia Putri - P | U63: Document successfully created; Document successfully merged; PDF created; Manually run by skycircle.id@gmail.com; Timestamp: Nov 7 2025 3:00 AM | W63: =COUNTIFS('Form Presensi SCC'!$B:$B, IF($C63<>0, TEXT($C63, "0000000000"), $D63), 'Form Presensi SCC'!$C:$C, "Hadir") -> 1
A64: 63 | B64: 16 | C64: 0106384221 / 252610145 | D64: Dafsyah Arifa Putra - L | E64: L | F64: 33 | G64: X2 | J64: X2 | P64: ="https://docs.google.com/forms/d/e/1FAIpQLSeZ-R1GrWlAPkfaThGqxeTj0QTtrARw4rroxIIepf2kipn1nw/formResponse?usp=pp_url&entry.1313582257="&C64&"&entry.1578404635=Hadir" -> https://docs.google.com/forms/d/e/1FAIpQLSeZ-R1GrWlAPkfaThGqxeTj0QTtrARw4rroxIIepf2kipn1nw/formResponse?usp=pp_url&entry.1313582257=0106384221 / 252610145&entry.1578404635=Hadir | Q64: https://quickchart.io/qr?size=250&text=https%3A%2F%2Fdocs.google.com%2Fforms%2Fd%2Fe%2F1FAIpQLSeZ-R1GrWlAPkfaThGqxeTj0QTtrARw4rroxIIepf2kipn1nw%2FformResponse%3Fusp%3Dpp_url%26entry.1313582257%3D0106384221%20%2F%20252610145%26entry.1578404635%3DHadir | R64: 1Aa9oBtmISDIuHdQbVZCyfOLlYEq1Zl1W | S64: https://drive.google.com/file/d/1Aa9oBtmISDIuHdQbVZCyfOLlYEq1Zl1W/view?usp=drivesdk | T64: =HYPERLINK("https://drive.google.com/file/d/1Aa9oBtmISDIuHdQbVZCyfOLlYEq1Zl1W/view?usp=drivesdk","33 - X2 - Dafsyah Arifa Putra - L") -> 33 - X2 - Dafsyah Arifa Putra - L | U64: Document successfully created; Document successfully merged; PDF created; Manually run by skycircle.id@gmail.com; Timestamp: Nov 7 2025 3:00 AM | W64: =COUNTIFS('Form Presensi SCC'!$B:$B, IF($C64<>0, TEXT($C64, "0000000000"), $D64), 'Form Presensi SCC'!$C:$C, "Hadir") -> 0
A65: 64 | B65: 17 | C65: 3104617391 / 252610153 | D65: Denisa Azka Putri - P | E65: P | F65: 33 | G65: X2 | J65: X2 | P65: ="https://docs.google.com/forms/d/e/1FAIpQLSeZ-R1GrWlAPkfaThGqxeTj0QTtrARw4rroxIIepf2kipn1nw/formResponse?usp=pp_url&entry.1313582257="&C65&"&entry.1578404635=Hadir" -> https://docs.google.com/forms/d/e/1FAIpQLSeZ-R1GrWlAPkfaThGqxeTj0QTtrARw4rroxIIepf2kipn1nw/formResponse?usp=pp_url&entry.1313582257=3104617391 / 252610153&entry.1578404635=Hadir | Q65: https://quickchart.io/qr?size=250&text=https%3A%2F%2Fdocs.google.com%2Fforms%2Fd%2Fe%2F1FAIpQLSeZ-R1GrWlAPkfaThGqxeTj0QTtrARw4rroxIIepf2kipn1nw%2FformResponse%3Fusp%3Dpp_url%26entry.1313582257%3D3104617391%20%2F%20252610153%26entry.1578404635%3DHadir | R65: 1XSTtBC7yMjTHBgtpGpPpDoj-cPr5OVl- | S65: https://drive.google.com/file/d/1XSTtBC7yMjTHBgtpGpPpDoj-cPr5OVl-/view?usp=drivesdk | T65: =HYPERLINK("https://drive.google.com/file/d/1XSTtBC7yMjTHBgtpGpPpDoj-cPr5OVl-/view?usp=drivesdk","33 - X2 - Denisa Azka Putri - P") -> 33 - X2 - Denisa Azka Putri - P | U65: Document successfully created; Document successfully merged; PDF created; Manually run by skycircle.id@gmail.com; Timestamp: Nov 7 2025 3:01 AM | W65: =COUNTIFS('Form Presensi SCC'!$B:$B, IF($C65<>0, TEXT($C65, "0000000000"), $D65), 'Form Presensi SCC'!$C:$C, "Hadir") -> 1
A66: 65 | B66: 18 | C66: 0098157268 / 252610154 | D66: Devani Keyla Noris - P | E66: P | F66: 33 | G66: X2 | J66: X2 | P66: ="https://docs.google.com/forms/d/e/1FAIpQLSeZ-R1GrWlAPkfaThGqxeTj0QTtrARw4rroxIIepf2kipn1nw/formResponse?usp=pp_url&entry.1313582257="&C66&"&entry.1578404635=Hadir" -> https://docs.google.com/forms/d/e/1FAIpQLSeZ-R1GrWlAPkfaThGqxeTj0QTtrARw4rroxIIepf2kipn1nw/formResponse?usp=pp_url&entry.1313582257=0098157268 / 252610154&entry.1578404635=Hadir | Q66: https://quickchart.io/qr?size=250&text=https%3A%2F%2Fdocs.google.com%2Fforms%2Fd%2Fe%2F1FAIpQLSeZ-R1GrWlAPkfaThGqxeTj0QTtrARw4rroxIIepf2kipn1nw%2FformResponse%3Fusp%3Dpp_url%26entry.1313582257%3D0098157268%20%2F%20252610154%26entry.1578404635%3DHadir | R66: 1eiVnEYJDS-u1qKnxLAayn_TUeFJOzTFd | S66: https://drive.google.com/file/d/1eiVnEYJDS-u1qKnxLAayn_TUeFJOzTFd/view?usp=drivesdk | T66: =HYPERLINK("https://drive.google.com/file/d/1eiVnEYJDS-u1qKnxLAayn_TUeFJOzTFd/view?usp=drivesdk","33 - X2 - Devani Keyla Noris - P") -> 33 - X2 - Devani Keyla Noris - P | U66: Document successfully created; Document successfully merged; PDF created; Manually run by skycircle.id@gmail.com; Timestamp: Nov 7 2025 3:01 AM | W66: =COUNTIFS('Form Presensi SCC'!$B:$B, IF($C66<>0, TEXT($C66, "0000000000"), $D66), 'Form Presensi SCC'!$C:$C, "Hadir") -> 0
A67: 66 | B67: 19 | C67: 0099675945 / 252610164 | D67: Dimas Putra Pribadi - L | E67: L | F67: 33 | G67: X2 | J67: X2 | P67: ="https://docs.google.com/forms/d/e/1FAIpQLSeZ-R1GrWlAPkfaThGqxeTj0QTtrARw4rroxIIepf2kipn1nw/formResponse?usp=pp_url&entry.1313582257="&C67&"&entry.1578404635=Hadir" -> https://docs.google.com/forms/d/e/1FAIpQLSeZ-R1GrWlAPkfaThGqxeTj0QTtrARw4rroxIIepf2kipn1nw/formResponse?usp=pp_url&entry.1313582257=0099675945 / 252610164&entry.1578404635=Hadir | Q67: https://quickchart.io/qr?size=250&text=https%3A%2F%2Fdocs.google.com%2Fforms%2Fd%2Fe%2F1FAIpQLSeZ-R1GrWlAPkfaThGqxeTj0QTtrARw4rroxIIepf2kipn1nw%2FformResponse%3Fusp%3Dpp_url%26entry.1313582257%3D0099675945%20%2F%20252610164%26entry.1578404635%3DHadir | R67: 1tl2zyEISP7Dq3RLetB3PGrISTGkXd_MA | S67: https://drive.google.com/file/d/1tl2zyEISP7Dq3RLetB3PGrISTGkXd_MA/view?usp=drivesdk | T67: =HYPERLINK("https://drive.google.com/file/d/1tl2zyEISP7Dq3RLetB3PGrISTGkXd_MA/view?usp=drivesdk","33 - X2 - Dimas Putra Pribadi - L") -> 33 - X2 - Dimas Putra Pribadi - L | U67: Document successfully created; Document successfully merged; PDF created; Manually run by skycircle.id@gmail.com; Timestamp: Nov 7 2025 3:01 AM | W67: =COUNTIFS('Form Presensi SCC'!$B:$B, IF($C67<>0, TEXT($C67, "0000000000"), $D67), 'Form Presensi SCC'!$C:$C, "Hadir") -> 0
A68: 67 | B68: 20 | C68: 0104532267 / 252610180 | D68: Elvio Dyahyu Yusanto - L | E68: L | F68: 33 | G68: X2 | J68: X2 | P68: ="https://docs.google.com/forms/d/e/1FAIpQLSeZ-R1GrWlAPkfaThGqxeTj0QTtrARw4rroxIIepf2kipn1nw/formResponse?usp=pp_url&entry.1313582257="&C68&"&entry.1578404635=Hadir" -> https://docs.google.com/forms/d/e/1FAIpQLSeZ-R1GrWlAPkfaThGqxeTj0QTtrARw4rroxIIepf2kipn1nw/formResponse?usp=pp_url&entry.1313582257=0104532267 / 252610180&entry.1578404635=Hadir | Q68: https://quickchart.io/qr?size=250&text=https%3A%2F%2Fdocs.google.com%2Fforms%2Fd%2Fe%2F1FAIpQLSeZ-R1GrWlAPkfaThGqxeTj0QTtrARw4rroxIIepf2kipn1nw%2FformResponse%3Fusp%3Dpp_url%26entry.1313582257%3D0104532267%20%2F%20252610180%26entry.1578404635%3DHadir | R68: 10ssq1wm8KUnqliKzed2wq1UlH-tV83v0 | S68: https://drive.google.com/file/d/10ssq1wm8KUnqliKzed2wq1UlH-tV83v0/view?usp=drivesdk | T68: =HYPERLINK("https://drive.google.com/file/d/10ssq1wm8KUnqliKzed2wq1UlH-tV83v0/view?usp=drivesdk","33 - X2 - Elvio Dyahyu Yusanto - L") -> 33 - X2 - Elvio Dyahyu Yusanto - L | U68: Document successfully created; Document successfully merged; PDF created; Manually run by skycircle.id@gmail.com; Timestamp: Nov 7 2025 3:01 AM | W68: =COUNTIFS('Form Presensi SCC'!$B:$B, IF($C68<>0, TEXT($C68, "0000000000"), $D68), 'Form Presensi SCC'!$C:$C, "Hadir") -> 0
A69: 68 | B69: 21 | C69: 0097593921 / 252610181 | D69: Enisye Putri Zeliawati Limpong - P | E69: P | F69: 33 | G69: X2 | J69: X2 | P69: ="https://docs.google.com/forms/d/e/1FAIpQLSeZ-R1GrWlAPkfaThGqxeTj0QTtrARw4rroxIIepf2kipn1nw/formResponse?usp=pp_url&entry.1313582257="&C69&"&entry.1578404635=Hadir" -> https://docs.google.com/forms/d/e/1FAIpQLSeZ-R1GrWlAPkfaThGqxeTj0QTtrARw4rroxIIepf2kipn1nw/formResponse?usp=pp_url&entry.1313582257=0097593921 / 252610181&entry.1578404635=Hadir | Q69: https://quickchart.io/qr?size=250&text=https%3A%2F%2Fdocs.google.com%2Fforms%2Fd%2Fe%2F1FAIpQLSeZ-R1GrWlAPkfaThGqxeTj0QTtrARw4rroxIIepf2kipn1nw%2FformResponse%3Fusp%3Dpp_url%26entry.1313582257%3D0097593921%20%2F%20252610181%26entry.1578404635%3DHadir | R69: 1HGsLAhXQiLtRkeaWyWRfG_2bF-Bla9QE | S69: https://drive.google.com/file/d/1HGsLAhXQiLtRkeaWyWRfG_2bF-Bla9QE/view?usp=drivesdk | T69: =HYPERLINK("https://drive.google.com/file/d/1HGsLAhXQiLtRkeaWyWRfG_2bF-Bla9QE/view?usp=drivesdk","33 - X2 - Enisye Putri Zeliawati Limpong - P") -> 33 - X2 - Enisye Putri Zeliawati Limpong - P | U69: Document successfully created; Document successfully merged; PDF created; Manually run by skycircle.id@gmail.com; Timestamp: Nov 7 2025 3:01 AM | W69: =COUNTIFS('Form Presensi SCC'!$B:$B, IF($C69<>0, TEXT($C69, "0000000000"), $D69), 'Form Presensi SCC'!$C:$C, "Hadir") -> 0
A70: 69 | B70: 22 | C70: 0106157075 / 252610185 | D70: Fabian Ahza Hidayat - L | E70: L | F70: 33 | G70: X2 | J70: X2 | P70: ="https://docs.google.com/forms/d/e/1FAIpQLSeZ-R1GrWlAPkfaThGqxeTj0QTtrARw4rroxIIepf2kipn1nw/formResponse?usp=pp_url&entry.1313582257="&C70&"&entry.1578404635=Hadir" -> https://docs.google.com/forms/d/e/1FAIpQLSeZ-R1GrWlAPkfaThGqxeTj0QTtrARw4rroxIIepf2kipn1nw/formResponse?usp=pp_url&entry.1313582257=0106157075 / 252610185&entry.1578404635=Hadir | Q70: https://quickchart.io/qr?size=250&text=https%3A%2F%2Fdocs.google.com%2Fforms%2Fd%2Fe%2F1FAIpQLSeZ-R1GrWlAPkfaThGqxeTj0QTtrARw4rroxIIepf2kipn1nw%2FformResponse%3Fusp%3Dpp_url%26entry.1313582257%3D0106157075%20%2F%20252610185%26entry.1578404635%3DHadir | R70: 1Mt7hr5HATywHoOrEiSMOPviObVfd6qEX | S70: https://drive.google.com/file/d/1Mt7hr5HATywHoOrEiSMOPviObVfd6qEX/view?usp=drivesdk | T70: =HYPERLINK("https://drive.google.com/file/d/1Mt7hr5HATywHoOrEiSMOPviObVfd6qEX/view?usp=drivesdk","33 - X2 - Fabian Ahza Hidayat - L") -> 33 - X2 - Fabian Ahza Hidayat - L | U70: Document successfully created; Document successfully merged; PDF created; Manually run by skycircle.id@gmail.com; Timestamp: Nov 7 2025 3:02 AM | W70: =COUNTIFS('Form Presensi SCC'!$B:$B, IF($C70<>0, TEXT($C70, "0000000000"), $D70), 'Form Presensi SCC'!$C:$C, "Hadir") -> 0
A71: 70 | B71: 23 | C71: 0104141415 / 252610186 | D71: Fadhilah Raisa Kamilati - P | E71: P | F71: 33 | G71: X2 | J71: X2 | P71: ="https://docs.google.com/forms/d/e/1FAIpQLSeZ-R1GrWlAPkfaThGqxeTj0QTtrARw4rroxIIepf2kipn1nw/formResponse?usp=pp_url&entry.1313582257="&C71&"&entry.1578404635=Hadir" -> https://docs.google.com/forms/d/e/1FAIpQLSeZ-R1GrWlAPkfaThGqxeTj0QTtrARw4rroxIIepf2kipn1nw/formResponse?usp=pp_url&entry.1313582257=0104141415 / 252610186&entry.1578404635=Hadir | Q71: https://quickchart.io/qr?size=250&text=https%3A%2F%2Fdocs.google.com%2Fforms%2Fd%2Fe%2F1FAIpQLSeZ-R1GrWlAPkfaThGqxeTj0QTtrARw4rroxIIepf2kipn1nw%2FformResponse%3Fusp%3Dpp_url%26entry.1313582257%3D0104141415%20%2F%20252610186%26entry.1578404635%3DHadir | R71: 1122cdxXYNmiwkRWsKNX3qQeJZRIzNxyQ | S71: https://drive.google.com/file/d/1122cdxXYNmiwkRWsKNX3qQeJZRIzNxyQ/view?usp=drivesdk | T71: =HYPERLINK("https://drive.google.com/file/d/1122cdxXYNmiwkRWsKNX3qQeJZRIzNxyQ/view?usp=drivesdk","33 - X2 - Fadhilah Raisa Kamilati - P") -> 33 - X2 - Fadhilah Raisa Kamilati - P | U71: Document successfully created; Document successfully merged; PDF created; Manually run by skycircle.id@gmail.com; Timestamp: Nov 7 2025 3:02 AM | W71: =COUNTIFS('Form Presensi SCC'!$B:$B, IF($C71<>0, TEXT($C71, "0000000000"), $D71), 'Form Presensi SCC'!$C:$C, "Hadir") -> 0
A72: 71 | B72: 24 | C72: 0105606050 / 252610238 | D72: Jasmine Makayla Putri Arvani - P | E72: P | F72: 33 | G72: X2 | J72: X2 | P72: ="https://docs.google.com/forms/d/e/1FAIpQLSeZ-R1GrWlAPkfaThGqxeTj0QTtrARw4rroxIIepf2kipn1nw/formResponse?usp=pp_url&entry.1313582257="&C72&"&entry.1578404635=Hadir" -> https://docs.google.com/forms/d/e/1FAIpQLSeZ-R1GrWlAPkfaThGqxeTj0QTtrARw4rroxIIepf2kipn1nw/formResponse?usp=pp_url&entry.1313582257=0105606050 / 252610238&entry.1578404635=Hadir | Q72: https://quickchart.io/qr?size=250&text=https%3A%2F%2Fdocs.google.com%2Fforms%2Fd%2Fe%2F1FAIpQLSeZ-R1GrWlAPkfaThGqxeTj0QTtrARw4rroxIIepf2kipn1nw%2FformResponse%3Fusp%3Dpp_url%26entry.1313582257%3D0105606050%20%2F%20252610238%26entry.1578404635%3DHadir | R72: 19llijfO1x_OiR6TCXHYoUcxcvUX1RD2B | S72: https://drive.google.com/file/d/19llijfO1x_OiR6TCXHYoUcxcvUX1RD2B/view?usp=drivesdk | T72: =HYPERLINK("https://drive.google.com/file/d/19llijfO1x_OiR6TCXHYoUcxcvUX1RD2B/view?usp=drivesdk","33 - X2 - Jasmine Makayla Putri Arvani - P") -> 33 - X2 - Jasmine Makayla Putri Arvani - P | U72: Document successfully created; Document successfully merged; PDF created; Manually run by skycircle.id@gmail.com; Timestamp: Nov 7 2025 3:02 AM | W72: =COUNTIFS('Form Presensi SCC'!$B:$B, IF($C72<>0, TEXT($C72, "0000000000"), $D72), 'Form Presensi SCC'!$C:$C, "Hadir") -> 0
A73: 72 | B73: 25 | C73: 0094564578 / 252610277 | D73: Khalid Ahmad Ghazali - L | E73: L | F73: 33 | G73: X2 | J73: X2 | P73: ="https://docs.google.com/forms/d/e/1FAIpQLSeZ-R1GrWlAPkfaThGqxeTj0QTtrARw4rroxIIepf2kipn1nw/formResponse?usp=pp_url&entry.1313582257="&C73&"&entry.1578404635=Hadir" -> https://docs.google.com/forms/d/e/1FAIpQLSeZ-R1GrWlAPkfaThGqxeTj0QTtrARw4rroxIIepf2kipn1nw/formResponse?usp=pp_url&entry.1313582257=0094564578 / 252610277&entry.1578404635=Hadir | Q73: https://quickchart.io/qr?size=250&text=https%3A%2F%2Fdocs.google.com%2Fforms%2Fd%2Fe%2F1FAIpQLSeZ-R1GrWlAPkfaThGqxeTj0QTtrARw4rroxIIepf2kipn1nw%2FformResponse%3Fusp%3Dpp_url%26entry.1313582257%3D0094564578%20%2F%20252610277%26entry.1578404635%3DHadir | R73: 1lj-0qEARLf03Uk2YJvolOl8cRZCvAUUM | S73: https://drive.google.com/file/d/1lj-0qEARLf03Uk2YJvolOl8cRZCvAUUM/view?usp=drivesdk | T73: =HYPERLINK("https://drive.google.com/file/d/1lj-0qEARLf03Uk2YJvolOl8cRZCvAUUM/view?usp=drivesdk","33 - X2 - Khalid Ahmad Ghazali - L") -> 33 - X2 - Khalid Ahmad Ghazali - L | U73: Document successfully created; Document successfully merged; PDF created; Manually run by skycircle.id@gmail.com; Timestamp: Nov 7 2025 3:02 AM | W73: =COUNTIFS('Form Presensi SCC'!$B:$B, IF($C73<>0, TEXT($C73, "0000000000"), $D73), 'Form Presensi SCC'!$C:$C, "Hadir") -> 0
A74: 73 | B74: 26 | C74: 0103261879 / 252610280 | D74: Khansa Aulia Damtsa Hylmi - P | E74: P | F74: 33 | G74: X2 | J74: X2 | P74: ="https://docs.google.com/forms/d/e/1FAIpQLSeZ-R1GrWlAPkfaThGqxeTj0QTtrARw4rroxIIepf2kipn1nw/formResponse?usp=pp_url&entry.1313582257="&C74&"&entry.1578404635=Hadir" -> https://docs.google.com/forms/d/e/1FAIpQLSeZ-R1GrWlAPkfaThGqxeTj0QTtrARw4rroxIIepf2kipn1nw/formResponse?usp=pp_url&entry.1313582257=0103261879 / 252610280&entry.1578404635=Hadir | Q74: https://quickchart.io/qr?size=250&text=https%3A%2F%2Fdocs.google.com%2Fforms%2Fd%2Fe%2F1FAIpQLSeZ-R1GrWlAPkfaThGqxeTj0QTtrARw4rroxIIepf2kipn1nw%2FformResponse%3Fusp%3Dpp_url%26entry.1313582257%3D0103261879%20%2F%20252610280%26entry.1578404635%3DHadir | R74: 1S0DIpk1zAe7Fjqb1ZBi4UMB34MVxxEG7 | S74: https://drive.google.com/file/d/1S0DIpk1zAe7Fjqb1ZBi4UMB34MVxxEG7/view?usp=drivesdk | T74: =HYPERLINK("https://drive.google.com/file/d/1S0DIpk1zAe7Fjqb1ZBi4UMB34MVxxEG7/view?usp=drivesdk","33 - X2 - Khansa Aulia Damtsa Hylmi - P") -> 33 - X2 - Khansa Aulia Damtsa Hylmi - P | U74: Document successfully created; Document successfully merged; PDF created; Manually run by skycircle.id@gmail.com; Timestamp: Nov 7 2025 3:02 AM | W74: =COUNTIFS('Form Presensi SCC'!$B:$B, IF($C74<>0, TEXT($C74, "0000000000"), $D74), 'Form Presensi SCC'!$C:$C, "Hadir") -> 0
A75: 74 | B75: 27 | C75: 0109361118 / 252610290 | D75: Lionel Boanerges Raffles Simangunsong - L | E75: L | F75: 33 | G75: X2 | J75: X2 | P75: ="https://docs.google.com/forms/d/e/1FAIpQLSeZ-R1GrWlAPkfaThGqxeTj0QTtrARw4rroxIIepf2kipn1nw/formResponse?usp=pp_url&entry.1313582257="&C75&"&entry.1578404635=Hadir" -> https://docs.google.com/forms/d/e/1FAIpQLSeZ-R1GrWlAPkfaThGqxeTj0QTtrARw4rroxIIepf2kipn1nw/formResponse?usp=pp_url&entry.1313582257=0109361118 / 252610290&entry.1578404635=Hadir | Q75: https://quickchart.io/qr?size=250&text=https%3A%2F%2Fdocs.google.com%2Fforms%2Fd%2Fe%2F1FAIpQLSeZ-R1GrWlAPkfaThGqxeTj0QTtrARw4rroxIIepf2kipn1nw%2FformResponse%3Fusp%3Dpp_url%26entry.1313582257%3D0109361118%20%2F%20252610290%26entry.1578404635%3DHadir | R75: 1QFVfyKQvRrMeZhti0dM6odyFh5acCmk1 | S75: https://drive.google.com/file/d/1QFVfyKQvRrMeZhti0dM6odyFh5acCmk1/view?usp=drivesdk | T75: =HYPERLINK("https://drive.google.com/file/d/1QFVfyKQvRrMeZhti0dM6odyFh5acCmk1/view?usp=drivesdk","33 - X2 - Lionel Boanerges Raffles Simangunsong - L") -> 33 - X2 - Lionel Boanerges Raffles Simangunsong - L | U75: Document successfully created; Document successfully merged; PDF created; Manually run by skycircle.id@gmail.com; Timestamp: Nov 7 2025 3:02 AM | W75: =COUNTIFS('Form Presensi SCC'!$B:$B, IF($C75<>0, TEXT($C75, "0000000000"), $D75), 'Form Presensi SCC'!$C:$C, "Hadir") -> 0
A76: 75 | B76: 28 | C76: 0092576905 / 252610302 | D76: Mardiansyah Isman - L | E76: L | F76: 33 | G76: X2 | J76: X2 | P76: ="https://docs.google.com/forms/d/e/1FAIpQLSeZ-R1GrWlAPkfaThGqxeTj0QTtrARw4rroxIIepf2kipn1nw/formResponse?usp=pp_url&entry.1313582257="&C76&"&entry.1578404635=Hadir" -> https://docs.google.com/forms/d/e/1FAIpQLSeZ-R1GrWlAPkfaThGqxeTj0QTtrARw4rroxIIepf2kipn1nw/formResponse?usp=pp_url&entry.1313582257=0092576905 / 252610302&entry.1578404635=Hadir | Q76: https://quickchart.io/qr?size=250&text=https%3A%2F%2Fdocs.google.com%2Fforms%2Fd%2Fe%2F1FAIpQLSeZ-R1GrWlAPkfaThGqxeTj0QTtrARw4rroxIIepf2kipn1nw%2FformResponse%3Fusp%3Dpp_url%26entry.1313582257%3D0092576905%20%2F%20252610302%26entry.1578404635%3DHadir | R76: 1FBCcFFzew30fnKWESTG8pwP5UaeUOYzI | S76: https://drive.google.com/file/d/1FBCcFFzew30fnKWESTG8pwP5UaeUOYzI/view?usp=drivesdk | T76: =HYPERLINK("https://drive.google.com/file/d/1FBCcFFzew30fnKWESTG8pwP5UaeUOYzI/view?usp=drivesdk","33 - X2 - Mardiansyah Isman - L") -> 33 - X2 - Mardiansyah Isman - L | U76: Document successfully created; Document successfully merged; PDF created; Manually run by skycircle.id@gmail.com; Timestamp: Nov 7 2025 3:03 AM | W76: =COUNTIFS('Form Presensi SCC'!$B:$B, IF($C76<>0, TEXT($C76, "0000000000"), $D76), 'Form Presensi SCC'!$C:$C, "Hadir") -> 0
A77: 76 | B77: 29 | C77: 0099605205 / 252610319 | D77: Mohammad Haikal - L | E77: L | F77: 33 | G77: X2 | J77: X2 | P77: ="https://docs.google.com/forms/d/e/1FAIpQLSeZ-R1GrWlAPkfaThGqxeTj0QTtrARw4rroxIIepf2kipn1nw/formResponse?usp=pp_url&entry.1313582257="&C77&"&entry.1578404635=Hadir" -> https://docs.google.com/forms/d/e/1FAIpQLSeZ-R1GrWlAPkfaThGqxeTj0QTtrARw4rroxIIepf2kipn1nw/formResponse?usp=pp_url&entry.1313582257=0099605205 / 252610319&entry.1578404635=Hadir | Q77: https://quickchart.io/qr?size=250&text=https%3A%2F%2Fdocs.google.com%2Fforms%2Fd%2Fe%2F1FAIpQLSeZ-R1GrWlAPkfaThGqxeTj0QTtrARw4rroxIIepf2kipn1nw%2FformResponse%3Fusp%3Dpp_url%26entry.1313582257%3D0099605205%20%2F%20252610319%26entry.1578404635%3DHadir | R77: 1VgpFNvSnqkG0JdF2i9DT5MidKi8sDBio | S77: https://drive.google.com/file/d/1VgpFNvSnqkG0JdF2i9DT5MidKi8sDBio/view?usp=drivesdk | T77: =HYPERLINK("https://drive.google.com/file/d/1VgpFNvSnqkG0JdF2i9DT5MidKi8sDBio/view?usp=drivesdk","33 - X2 - Mohammad Haikal - L") -> 33 - X2 - Mohammad Haikal - L | U77: Document successfully created; Document successfully merged; PDF created; Manually run by skycircle.id@gmail.com; Timestamp: Nov 7 2025 3:03 AM | W77: =COUNTIFS('Form Presensi SCC'!$B:$B, IF($C77<>0, TEXT($C77, "0000000000"), $D77), 'Form Presensi SCC'!$C:$C, "Hadir") -> 0
A78: 77 | B78: 30 | C78: 0108384400 / 252610320 | D78: Mohammad Irshad Faizanshah - L | E78: L | F78: 33 | G78: X2 | H78: 33 - XSUMEN BC | J78: X2 | P78: ="https://docs.google.com/forms/d/e/1FAIpQLSeZ-R1GrWlAPkfaThGqxeTj0QTtrARw4rroxIIepf2kipn1nw/formResponse?usp=pp_url&entry.1313582257="&C78&"&entry.1578404635=Hadir" -> https://docs.google.com/forms/d/e/1FAIpQLSeZ-R1GrWlAPkfaThGqxeTj0QTtrARw4rroxIIepf2kipn1nw/formResponse?usp=pp_url&entry.1313582257=0108384400 / 252610320&entry.1578404635=Hadir | Q78: https://quickchart.io/qr?size=250&text=https%3A%2F%2Fdocs.google.com%2Fforms%2Fd%2Fe%2F1FAIpQLSeZ-R1GrWlAPkfaThGqxeTj0QTtrARw4rroxIIepf2kipn1nw%2FformResponse%3Fusp%3Dpp_url%26entry.1313582257%3D0108384400%20%2F%20252610320%26entry.1578404635%3DHadir | R78: 1FWZnG5ZJn-6tfik7MX824aPxBgHrzdC2 | S78: https://drive.google.com/file/d/1FWZnG5ZJn-6tfik7MX824aPxBgHrzdC2/view?usp=drivesdk | T78: =HYPERLINK("https://drive.google.com/file/d/1FWZnG5ZJn-6tfik7MX824aPxBgHrzdC2/view?usp=drivesdk","33 - X2 - Mohammad Irshad Faizanshah - L") -> 33 - X2 - Mohammad Irshad Faizanshah - L | U78: Document successfully created; Document successfully merged; PDF created; Manually run by skycircle.id@gmail.com; Timestamp: Nov 7 2025 3:03 AM | W78: =COUNTIFS('Form Presensi SCC'!$B:$B, IF($C78<>0, TEXT($C78, "0000000000"), $D78), 'Form Presensi SCC'!$C:$C, "Hadir") -> 2
A79: 78 | B79: 31 | C79: 0098087445 / 252610332 | D79: Muhamad Thoriq Al Rasyad - L | E79: L | F79: 33 | G79: X2 | J79: X2 | P79: ="https://docs.google.com/forms/d/e/1FAIpQLSeZ-R1GrWlAPkfaThGqxeTj0QTtrARw4rroxIIepf2kipn1nw/formResponse?usp=pp_url&entry.1313582257="&C79&"&entry.1578404635=Hadir" -> https://docs.google.com/forms/d/e/1FAIpQLSeZ-R1GrWlAPkfaThGqxeTj0QTtrARw4rroxIIepf2kipn1nw/formResponse?usp=pp_url&entry.1313582257=0098087445 / 252610332&entry.1578404635=Hadir | Q79: https://quickchart.io/qr?size=250&text=https%3A%2F%2Fdocs.google.com%2Fforms%2Fd%2Fe%2F1FAIpQLSeZ-R1GrWlAPkfaThGqxeTj0QTtrARw4rroxIIepf2kipn1nw%2FformResponse%3Fusp%3Dpp_url%26entry.1313582257%3D0098087445%20%2F%20252610332%26entry.1578404635%3DHadir | R79: 1jPGSdHHSUCxrT7ggYS3amvbPqIAsOs4f | S79: https://drive.google.com/file/d/1jPGSdHHSUCxrT7ggYS3amvbPqIAsOs4f/view?usp=drivesdk | T79: =HYPERLINK("https://drive.google.com/file/d/1jPGSdHHSUCxrT7ggYS3amvbPqIAsOs4f/view?usp=drivesdk","33 - X2 - Muhamad Thoriq Al Rasyad - L") -> 33 - X2 - Muhamad Thoriq Al Rasyad - L | U79: Document successfully created; Document successfully merged; PDF created; Manually run by skycircle.id@gmail.com; Timestamp: Nov 7 2025 3:03 AM | W79: =COUNTIFS('Form Presensi SCC'!$B:$B, IF($C79<>0, TEXT($C79, "0000000000"), $D79), 'Form Presensi SCC'!$C:$C, "Hadir") -> 0
A80: 79 | B80: 32 | C80: 0108518402 / 252610336 | D80: Muhammad Akmaluddin - L | E80: L | F80: 33 | G80: X2 | J80: X2 | P80: ="https://docs.google.com/forms/d/e/1FAIpQLSeZ-R1GrWlAPkfaThGqxeTj0QTtrARw4rroxIIepf2kipn1nw/formResponse?usp=pp_url&entry.1313582257="&C80&"&entry.1578404635=Hadir" -> https://docs.google.com/forms/d/e/1FAIpQLSeZ-R1GrWlAPkfaThGqxeTj0QTtrARw4rroxIIepf2kipn1nw/formResponse?usp=pp_url&entry.1313582257=0108518402 / 252610336&entry.1578404635=Hadir | Q80: https://quickchart.io/qr?size=250&text=https%3A%2F%2Fdocs.google.com%2Fforms%2Fd%2Fe%2F1FAIpQLSeZ-R1GrWlAPkfaThGqxeTj0QTtrARw4rroxIIepf2kipn1nw%2FformResponse%3Fusp%3Dpp_url%26entry.1313582257%3D0108518402%20%2F%20252610336%26entry.1578404635%3DHadir | R80: 1Mv4FSvwX8_YPBvVtZIZgr6j-EXeMg3kx | S80: https://drive.google.com/file/d/1Mv4FSvwX8_YPBvVtZIZgr6j-EXeMg3kx/view?usp=drivesdk | T80: =HYPERLINK("https://drive.google.com/file/d/1Mv4FSvwX8_YPBvVtZIZgr6j-EXeMg3kx/view?usp=drivesdk","33 - X2 - Muhammad Akmaluddin - L") -> 33 - X2 - Muhammad Akmaluddin - L | U80: Document successfully created; Document successfully merged; PDF created; Manually run by skycircle.id@gmail.com; Timestamp: Nov 7 2025 3:03 AM | W80: =COUNTIFS('Form Presensi SCC'!$B:$B, IF($C80<>0, TEXT($C80, "0000000000"), $D80), 'Form Presensi SCC'!$C:$C, "Hadir") -> 0
A81: 80 | B81: 33 | C81: 0098345742 / 252610338 | D81: Muhammad Ariza Rizkya Irvan - L | E81: L | F81: 33 | G81: X2 | H81: 33 - XSUMEN BC | J81: X2 | P81: ="https://docs.google.com/forms/d/e/1FAIpQLSeZ-R1GrWlAPkfaThGqxeTj0QTtrARw4rroxIIepf2kipn1nw/formResponse?usp=pp_url&entry.1313582257="&C81&"&entry.1578404635=Hadir" -> https://docs.google.com/forms/d/e/1FAIpQLSeZ-R1GrWlAPkfaThGqxeTj0QTtrARw4rroxIIepf2kipn1nw/formResponse?usp=pp_url&entry.1313582257=0098345742 / 252610338&entry.1578404635=Hadir | Q81: https://quickchart.io/qr?size=250&text=https%3A%2F%2Fdocs.google.com%2Fforms%2Fd%2Fe%2F1FAIpQLSeZ-R1GrWlAPkfaThGqxeTj0QTtrARw4rroxIIepf2kipn1nw%2FformResponse%3Fusp%3Dpp_url%26entry.1313582257%3D0098345742%20%2F%20252610338%26entry.1578404635%3DHadir | R81: 1a8w_mMq0j719TO-dOQXvCzFmUsxKFfIa | S81: https://drive.google.com/file/d/1a8w_mMq0j719TO-dOQXvCzFmUsxKFfIa/view?usp=drivesdk | T81: =HYPERLINK("https://drive.google.com/file/d/1a8w_mMq0j719TO-dOQXvCzFmUsxKFfIa/view?usp=drivesdk","33 - X2 - Muhammad Ariza Rizkya Irvan - L") -> 33 - X2 - Muhammad Ariza Rizkya Irvan - L | U81: Document successfully created; Document successfully merged; PDF created; Manually run by skycircle.id@gmail.com; Timestamp: Nov 7 2025 3:03 AM | W81: =COUNTIFS('Form Presensi SCC'!$B:$B, IF($C81<>0, TEXT($C81, "0000000000"), $D81), 'Form Presensi SCC'!$C:$C, "Hadir") -> 2
A82: 81 | B82: 34 | C82: 0104535464 / 252610362 | D82: Muhammad Nazam Rizal - L | E82: L | F82: 33 | G82: X2 | J82: X2 | P82: ="https://docs.google.com/forms/d/e/1FAIpQLSeZ-R1GrWlAPkfaThGqxeTj0QTtrARw4rroxIIepf2kipn1nw/formResponse?usp=pp_url&entry.1313582257="&C82&"&entry.1578404635=Hadir" -> https://docs.google.com/forms/d/e/1FAIpQLSeZ-R1GrWlAPkfaThGqxeTj0QTtrARw4rroxIIepf2kipn1nw/formResponse?usp=pp_url&entry.1313582257=0104535464 / 252610362&entry.1578404635=Hadir | Q82: https://quickchart.io/qr?size=250&text=https%3A%2F%2Fdocs.google.com%2Fforms%2Fd%2Fe%2F1FAIpQLSeZ-R1GrWlAPkfaThGqxeTj0QTtrARw4rroxIIepf2kipn1nw%2FformResponse%3Fusp%3Dpp_url%26entry.1313582257%3D0104535464%20%2F%20252610362%26entry.1578404635%3DHadir | R82: 1ve7XxNjVjcZOKZeCYKw3Ly6jVPiSpPdg | S82: https://drive.google.com/file/d/1ve7XxNjVjcZOKZeCYKw3Ly6jVPiSpPdg/view?usp=drivesdk | T82: =HYPERLINK("https://drive.google.com/file/d/1ve7XxNjVjcZOKZeCYKw3Ly6jVPiSpPdg/view?usp=drivesdk","33 - X2 - Muhammad Nazam Rizal - L") -> 33 - X2 - Muhammad Nazam Rizal - L | U82: Document successfully created; Document successfully merged; PDF created; Manually run by skycircle.id@gmail.com; Timestamp: Nov 7 2025 3:04 AM | W82: =COUNTIFS('Form Presensi SCC'!$B:$B, IF($C82<>0, TEXT($C82, "0000000000"), $D82), 'Form Presensi SCC'!$C:$C, "Hadir") -> 0
A83: 82 | B83: 35 | C83: 3107410887 / 252610365 | D83: Muhammad Rasyad Mahdawi - L | E83: L | F83: 33 | G83: X2 | J83: X2 | P83: ="https://docs.google.com/forms/d/e/1FAIpQLSeZ-R1GrWlAPkfaThGqxeTj0QTtrARw4rroxIIepf2kipn1nw/formResponse?usp=pp_url&entry.1313582257="&C83&"&entry.1578404635=Hadir" -> https://docs.google.com/forms/d/e/1FAIpQLSeZ-R1GrWlAPkfaThGqxeTj0QTtrARw4rroxIIepf2kipn1nw/formResponse?usp=pp_url&entry.1313582257=3107410887 / 252610365&entry.1578404635=Hadir | Q83: https://quickchart.io/qr?size=250&text=https%3A%2F%2Fdocs.google.com%2Fforms%2Fd%2Fe%2F1FAIpQLSeZ-R1GrWlAPkfaThGqxeTj0QTtrARw4rroxIIepf2kipn1nw%2FformResponse%3Fusp%3Dpp_url%26entry.1313582257%3D3107410887%20%2F%20252610365%26entry.1578404635%3DHadir | R83: 1_2htkTdjA54d_tiYlz2OttpNezsuoFau | S83: https://drive.google.com/file/d/1_2htkTdjA54d_tiYlz2OttpNezsuoFau/view?usp=drivesdk | T83: =HYPERLINK("https://drive.google.com/file/d/1_2htkTdjA54d_tiYlz2OttpNezsuoFau/view?usp=drivesdk","33 - X2 - Muhammad Rasyad Mahdawi - L") -> 33 - X2 - Muhammad Rasyad Mahdawi - L | U83: Document successfully created; Document successfully merged; PDF created; Manually run by skycircle.id@gmail.com; Timestamp: Nov 7 2025 3:04 AM | W83: =COUNTIFS('Form Presensi SCC'!$B:$B, IF($C83<>0, TEXT($C83, "0000000000"), $D83), 'Form Presensi SCC'!$C:$C, "Hadir") -> 0
A84: 83 | B84: 36 | C84: 0093768427 / 252610416 | D84: Neng Rahmi Novianti - P | E84: P | F84: 33 | G84: X2 | J84: X2 | P84: ="https://docs.google.com/forms/d/e/1FAIpQLSeZ-R1GrWlAPkfaThGqxeTj0QTtrARw4rroxIIepf2kipn1nw/formResponse?usp=pp_url&entry.1313582257="&C84&"&entry.1578404635=Hadir" -> https://docs.google.com/forms/d/e/1FAIpQLSeZ-R1GrWlAPkfaThGqxeTj0QTtrARw4rroxIIepf2kipn1nw/formResponse?usp=pp_url&entry.1313582257=0093768427 / 252610416&entry.1578404635=Hadir | Q84: https://quickchart.io/qr?size=250&text=https%3A%2F%2Fdocs.google.com%2Fforms%2Fd%2Fe%2F1FAIpQLSeZ-R1GrWlAPkfaThGqxeTj0QTtrARw4rroxIIepf2kipn1nw%2FformResponse%3Fusp%3Dpp_url%26entry.1313582257%3D0093768427%20%2F%20252610416%26entry.1578404635%3DHadir | R84: 1hGDsuPkXeFwjEgbghl5DJn-wz8jmeykz | S84: https://drive.google.com/file/d/1hGDsuPkXeFwjEgbghl5DJn-wz8jmeykz/view?usp=drivesdk | T84: =HYPERLINK("https://drive.google.com/file/d/1hGDsuPkXeFwjEgbghl5DJn-wz8jmeykz/view?usp=drivesdk","33 - X2 - Neng Rahmi Novianti - P") -> 33 - X2 - Neng Rahmi Novianti - P | U84: Document successfully created; Document successfully merged; PDF created; Manually run by skycircle.id@gmail.com; Timestamp: Nov 7 2025 3:04 AM | W84: =COUNTIFS('Form Presensi SCC'!$B:$B, IF($C84<>0, TEXT($C84, "0000000000"), $D84), 'Form Presensi SCC'!$C:$C, "Hadir") -> 0
A85: 84 | B85: 37 | C85: 0103404970 / 252610419 | D85: Niesha Anindya Firstsaly - P | E85: P | F85: 33 | G85: X2 | J85: X2 | P85: ="https://docs.google.com/forms/d/e/1FAIpQLSeZ-R1GrWlAPkfaThGqxeTj0QTtrARw4rroxIIepf2kipn1nw/formResponse?usp=pp_url&entry.1313582257="&C85&"&entry.1578404635=Hadir" -> https://docs.google.com/forms/d/e/1FAIpQLSeZ-R1GrWlAPkfaThGqxeTj0QTtrARw4rroxIIepf2kipn1nw/formResponse?usp=pp_url&entry.1313582257=0103404970 / 252610419&entry.1578404635=Hadir | Q85: https://quickchart.io/qr?size=250&text=https%3A%2F%2Fdocs.google.com%2Fforms%2Fd%2Fe%2F1FAIpQLSeZ-R1GrWlAPkfaThGqxeTj0QTtrARw4rroxIIepf2kipn1nw%2FformResponse%3Fusp%3Dpp_url%26entry.1313582257%3D0103404970%20%2F%20252610419%26entry.1578404635%3DHadir | R85: 13T5Wlo8DikrQcBToEAP8YevgCXqH_lJ- | S85: https://drive.google.com/file/d/13T5Wlo8DikrQcBToEAP8YevgCXqH_lJ-/view?usp=drivesdk | T85: =HYPERLINK("https://drive.google.com/file/d/13T5Wlo8DikrQcBToEAP8YevgCXqH_lJ-/view?usp=drivesdk","33 - X2 - Niesha Anindya Firstsaly - P") -> 33 - X2 - Niesha Anindya Firstsaly - P | U85: Document successfully created; Document successfully merged; PDF created; Manually run by skycircle.id@gmail.com; Timestamp: Nov 7 2025 3:04 AM | W85: =COUNTIFS('Form Presensi SCC'!$B:$B, IF($C85<>0, TEXT($C85, "0000000000"), $D85), 'Form Presensi SCC'!$C:$C, "Hadir") -> 0
A86: 85 | B86: 38 | C86: 0102495325 / 252610431 | D86: Oryza Angelina Sitohang - P | E86: P | F86: 33 | G86: X2 | J86: X2 | P86: ="https://docs.google.com/forms/d/e/1FAIpQLSeZ-R1GrWlAPkfaThGqxeTj0QTtrARw4rroxIIepf2kipn1nw/formResponse?usp=pp_url&entry.1313582257="&C86&"&entry.1578404635=Hadir" -> https://docs.google.com/forms/d/e/1FAIpQLSeZ-R1GrWlAPkfaThGqxeTj0QTtrARw4rroxIIepf2kipn1nw/formResponse?usp=pp_url&entry.1313582257=0102495325 / 252610431&entry.1578404635=Hadir | Q86: https://quickchart.io/qr?size=250&text=https%3A%2F%2Fdocs.google.com%2Fforms%2Fd%2Fe%2F1FAIpQLSeZ-R1GrWlAPkfaThGqxeTj0QTtrARw4rroxIIepf2kipn1nw%2FformResponse%3Fusp%3Dpp_url%26entry.1313582257%3D0102495325%20%2F%20252610431%26entry.1578404635%3DHadir | R86: 1aqJvZMx08Hhs5OpfMzd7KuRiI2tPgY9f | S86: https://drive.google.com/file/d/1aqJvZMx08Hhs5OpfMzd7KuRiI2tPgY9f/view?usp=drivesdk | T86: =HYPERLINK("https://drive.google.com/file/d/1aqJvZMx08Hhs5OpfMzd7KuRiI2tPgY9f/view?usp=drivesdk","33 - X2 - Oryza Angelina Sitohang - P") -> 33 - X2 - Oryza Angelina Sitohang - P | U86: Document successfully created; Document successfully merged; PDF created; Manually run by skycircle.id@gmail.com; Timestamp: Nov 7 2025 3:04 AM | W86: =COUNTIFS('Form Presensi SCC'!$B:$B, IF($C86<>0, TEXT($C86, "0000000000"), $D86), 'Form Presensi SCC'!$C:$C, "Hadir") -> 0
A87: 86 | B87: 39 | C87: 0106276801 / 252610434 | D87: Priscillia Putri Viona - P | E87: P | F87: 33 | G87: X2 | J87: X2 | P87: ="https://docs.google.com/forms/d/e/1FAIpQLSeZ-R1GrWlAPkfaThGqxeTj0QTtrARw4rroxIIepf2kipn1nw/formResponse?usp=pp_url&entry.1313582257="&C87&"&entry.1578404635=Hadir" -> https://docs.google.com/forms/d/e/1FAIpQLSeZ-R1GrWlAPkfaThGqxeTj0QTtrARw4rroxIIepf2kipn1nw/formResponse?usp=pp_url&entry.1313582257=0106276801 / 252610434&entry.1578404635=Hadir | Q87: https://quickchart.io/qr?size=250&text=https%3A%2F%2Fdocs.google.com%2Fforms%2Fd%2Fe%2F1FAIpQLSeZ-R1GrWlAPkfaThGqxeTj0QTtrARw4rroxIIepf2kipn1nw%2FformResponse%3Fusp%3Dpp_url%26entry.1313582257%3D0106276801%20%2F%20252610434%26entry.1578404635%3DHadir | R87: 1EIjNN2hb4d42LNZP1n04LbMDi-sFOLQQ | S87: https://drive.google.com/file/d/1EIjNN2hb4d42LNZP1n04LbMDi-sFOLQQ/view?usp=drivesdk | T87: =HYPERLINK("https://drive.google.com/file/d/1EIjNN2hb4d42LNZP1n04LbMDi-sFOLQQ/view?usp=drivesdk","33 - X2 - Priscillia Putri Viona - P") -> 33 - X2 - Priscillia Putri Viona - P | U87: Document successfully created; Document successfully merged; PDF created; Manually run by skycircle.id@gmail.com; Timestamp: Nov 7 2025 3:04 AM | W87: =COUNTIFS('Form Presensi SCC'!$B:$B, IF($C87<>0, TEXT($C87, "0000000000"), $D87), 'Form Presensi SCC'!$C:$C, "Hadir") -> 0
A88: 87 | B88: 40 | C88: 0098833541 / 252610440 | D88: Qaniah Mardiyah Salsabila - P | E88: P | F88: 33 | G88: X2 | J88: X2 | P88: ="https://docs.google.com/forms/d/e/1FAIpQLSeZ-R1GrWlAPkfaThGqxeTj0QTtrARw4rroxIIepf2kipn1nw/formResponse?usp=pp_url&entry.1313582257="&C88&"&entry.1578404635=Hadir" -> https://docs.google.com/forms/d/e/1FAIpQLSeZ-R1GrWlAPkfaThGqxeTj0QTtrARw4rroxIIepf2kipn1nw/formResponse?usp=pp_url&entry.1313582257=0098833541 / 252610440&entry.1578404635=Hadir | Q88: https://quickchart.io/qr?size=250&text=https%3A%2F%2Fdocs.google.com%2Fforms%2Fd%2Fe%2F1FAIpQLSeZ-R1GrWlAPkfaThGqxeTj0QTtrARw4rroxIIepf2kipn1nw%2FformResponse%3Fusp%3Dpp_url%26entry.1313582257%3D0098833541%20%2F%20252610440%26entry.1578404635%3DHadir | R88: 1YqbE72Rba8kiOCHx-L-s7ZKnxt7sLYil | S88: https://drive.google.com/file/d/1YqbE72Rba8kiOCHx-L-s7ZKnxt7sLYil/view?usp=drivesdk | T88: =HYPERLINK("https://drive.google.com/file/d/1YqbE72Rba8kiOCHx-L-s7ZKnxt7sLYil/view?usp=drivesdk","33 - X2 - Qaniah Mardiyah Salsabila - P") -> 33 - X2 - Qaniah Mardiyah Salsabila - P | U88: Document successfully created; Document successfully merged; PDF created; Manually run by skycircle.id@gmail.com; Timestamp: Nov 7 2025 3:05 AM | W88: =COUNTIFS('Form Presensi SCC'!$B:$B, IF($C88<>0, TEXT($C88, "0000000000"), $D88), 'Form Presensi SCC'!$C:$C, "Hadir") -> 0
A89: 88 | B89: 41 | C89: 0095492963 / 252610467 | D89: Raisha Puri Lianti - P | E89: P | F89: 33 | G89: X2 | J89: X2 | P89: ="https://docs.google.com/forms/d/e/1FAIpQLSeZ-R1GrWlAPkfaThGqxeTj0QTtrARw4rroxIIepf2kipn1nw/formResponse?usp=pp_url&entry.1313582257="&C89&"&entry.1578404635=Hadir" -> https://docs.google.com/forms/d/e/1FAIpQLSeZ-R1GrWlAPkfaThGqxeTj0QTtrARw4rroxIIepf2kipn1nw/formResponse?usp=pp_url&entry.1313582257=0095492963 / 252610467&entry.1578404635=Hadir | Q89: https://quickchart.io/qr?size=250&text=https%3A%2F%2Fdocs.google.com%2Fforms%2Fd%2Fe%2F1FAIpQLSeZ-R1GrWlAPkfaThGqxeTj0QTtrARw4rroxIIepf2kipn1nw%2FformResponse%3Fusp%3Dpp_url%26entry.1313582257%3D0095492963%20%2F%20252610467%26entry.1578404635%3DHadir | R89: 1an54ZtND4ELlVVkjP5w_nYLw9h40qeDe | S89: https://drive.google.com/file/d/1an54ZtND4ELlVVkjP5w_nYLw9h40qeDe/view?usp=drivesdk | T89: =HYPERLINK("https://drive.google.com/file/d/1an54ZtND4ELlVVkjP5w_nYLw9h40qeDe/view?usp=drivesdk","33 - X2 - Raisha Puri Lianti - P") -> 33 - X2 - Raisha Puri Lianti - P | U89: Document successfully created; Document successfully merged; PDF created; Manually run by skycircle.id@gmail.com; Timestamp: Nov 7 2025 3:05 AM | W89: =COUNTIFS('Form Presensi SCC'!$B:$B, IF($C89<>0, TEXT($C89, "0000000000"), $D89), 'Form Presensi SCC'!$C:$C, "Hadir") -> 0
A90: 89 | B90: 42 | C90: 0091964566 / 252610474 | D90: Rasya Arkananta Mulya - P | E90: P | F90: 33 | G90: X2 | J90: X2 | P90: ="https://docs.google.com/forms/d/e/1FAIpQLSeZ-R1GrWlAPkfaThGqxeTj0QTtrARw4rroxIIepf2kipn1nw/formResponse?usp=pp_url&entry.1313582257="&C90&"&entry.1578404635=Hadir" -> https://docs.google.com/forms/d/e/1FAIpQLSeZ-R1GrWlAPkfaThGqxeTj0QTtrARw4rroxIIepf2kipn1nw/formResponse?usp=pp_url&entry.1313582257=0091964566 / 252610474&entry.1578404635=Hadir | Q90: https://quickchart.io/qr?size=250&text=https%3A%2F%2Fdocs.google.com%2Fforms%2Fd%2Fe%2F1FAIpQLSeZ-R1GrWlAPkfaThGqxeTj0QTtrARw4rroxIIepf2kipn1nw%2FformResponse%3Fusp%3Dpp_url%26entry.1313582257%3D0091964566%20%2F%20252610474%26entry.1578404635%3DHadir | R90: 1WT8LXOoms4rrcGrDM_wsFY7ojbx_Ijo5 | S90: https://drive.google.com/file/d/1WT8LXOoms4rrcGrDM_wsFY7ojbx_Ijo5/view?usp=drivesdk | T90: =HYPERLINK("https://drive.google.com/file/d/1WT8LXOoms4rrcGrDM_wsFY7ojbx_Ijo5/view?usp=drivesdk","33 - X2 - Rasya Arkananta Mulya - P") -> 33 - X2 - Rasya Arkananta Mulya - P | U90: Document successfully created; Document successfully merged; PDF created; Manually run by skycircle.id@gmail.com; Timestamp: Nov 7 2025 3:05 AM | W90: =COUNTIFS('Form Presensi SCC'!$B:$B, IF($C90<>0, TEXT($C90, "0000000000"), $D90), 'Form Presensi SCC'!$C:$C, "Hadir") -> 0
A91: 90 | B91: 43 | C91: 0092731928 / 252610497 | D91: Rusvi Putri Ingguan - P | E91: P | F91: 33 | G91: X2 | J91: X2 | P91: ="https://docs.google.com/forms/d/e/1FAIpQLSeZ-R1GrWlAPkfaThGqxeTj0QTtrARw4rroxIIepf2kipn1nw/formResponse?usp=pp_url&entry.1313582257="&C91&"&entry.1578404635=Hadir" -> https://docs.google.com/forms/d/e/1FAIpQLSeZ-R1GrWlAPkfaThGqxeTj0QTtrARw4rroxIIepf2kipn1nw/formResponse?usp=pp_url&entry.1313582257=0092731928 / 252610497&entry.1578404635=Hadir | Q91: https://quickchart.io/qr?size=250&text=https%3A%2F%2Fdocs.google.com%2Fforms%2Fd%2Fe%2F1FAIpQLSeZ-R1GrWlAPkfaThGqxeTj0QTtrARw4rroxIIepf2kipn1nw%2FformResponse%3Fusp%3Dpp_url%26entry.1313582257%3D0092731928%20%2F%20252610497%26entry.1578404635%3DHadir | R91: 1xRtPGj3IpGoaUcFmh_ulGNsxkidqiGNc | S91: https://drive.google.com/file/d/1xRtPGj3IpGoaUcFmh_ulGNsxkidqiGNc/view?usp=drivesdk | T91: =HYPERLINK("https://drive.google.com/file/d/1xRtPGj3IpGoaUcFmh_ulGNsxkidqiGNc/view?usp=drivesdk","33 - X2 - Rusvi Putri Ingguan - P") -> 33 - X2 - Rusvi Putri Ingguan - P | U91: Document successfully created; Document successfully merged; PDF created; Manually run by skycircle.id@gmail.com; Timestamp: Nov 7 2025 3:05 AM | W91: =COUNTIFS('Form Presensi SCC'!$B:$B, IF($C91<>0, TEXT($C91, "0000000000"), $D91), 'Form Presensi SCC'!$C:$C, "Hadir") -> 0
A92: 91 | B92: 44 | C92: 0105816582 / 252610498 | D92: Ruth Rafanela Syeby Siregar - P | E92: P | F92: 33 | G92: X2 | J92: X2 | P92: ="https://docs.google.com/forms/d/e/1FAIpQLSeZ-R1GrWlAPkfaThGqxeTj0QTtrARw4rroxIIepf2kipn1nw/formResponse?usp=pp_url&entry.1313582257="&C92&"&entry.1578404635=Hadir" -> https://docs.google.com/forms/d/e/1FAIpQLSeZ-R1GrWlAPkfaThGqxeTj0QTtrARw4rroxIIepf2kipn1nw/formResponse?usp=pp_url&entry.1313582257=0105816582 / 252610498&entry.1578404635=Hadir | Q92: https://quickchart.io/qr?size=250&text=https%3A%2F%2Fdocs.google.com%2Fforms%2Fd%2Fe%2F1FAIpQLSeZ-R1GrWlAPkfaThGqxeTj0QTtrARw4rroxIIepf2kipn1nw%2FformResponse%3Fusp%3Dpp_url%26entry.1313582257%3D0105816582%20%2F%20252610498%26entry.1578404635%3DHadir | R92: 1fj5EI8LOiP7Jss6avNQhFTK4HKM35NAj | S92: https://drive.google.com/file/d/1fj5EI8LOiP7Jss6avNQhFTK4HKM35NAj/view?usp=drivesdk | T92: =HYPERLINK("https://drive.google.com/file/d/1fj5EI8LOiP7Jss6avNQhFTK4HKM35NAj/view?usp=drivesdk","33 - X2 - Ruth Rafanela Syeby Siregar - P") -> 33 - X2 - Ruth Rafanela Syeby Siregar - P | U92: Document successfully created; Document successfully merged; PDF created; Manually run by skycircle.id@gmail.com; Timestamp: Nov 7 2025 3:05 AM | W92: =COUNTIFS('Form Presensi SCC'!$B:$B, IF($C92<>0, TEXT($C92, "0000000000"), $D92), 'Form Presensi SCC'!$C:$C, "Hadir") -> 0
A93: 92 | B93: 45 | C93: 0102751293 / 252610546 | D93: Titania Dwizita Shahla - P | E93: P | F93: 33 | G93: X2 | J93: X2 | P93: ="https://docs.google.com/forms/d/e/1FAIpQLSeZ-R1GrWlAPkfaThGqxeTj0QTtrARw4rroxIIepf2kipn1nw/formResponse?usp=pp_url&entry.1313582257="&C93&"&entry.1578404635=Hadir" -> https://docs.google.com/forms/d/e/1FAIpQLSeZ-R1GrWlAPkfaThGqxeTj0QTtrARw4rroxIIepf2kipn1nw/formResponse?usp=pp_url&entry.1313582257=0102751293 / 252610546&entry.1578404635=Hadir | Q93: https://quickchart.io/qr?size=250&text=https%3A%2F%2Fdocs.google.com%2Fforms%2Fd%2Fe%2F1FAIpQLSeZ-R1GrWlAPkfaThGqxeTj0QTtrARw4rroxIIepf2kipn1nw%2FformResponse%3Fusp%3Dpp_url%26entry.1313582257%3D0102751293%20%2F%20252610546%26entry.1578404635%3DHadir | R93: 1j_Fm7APbYWVcaZJAbYtE877IF9_6mFmS | S93: https://drive.google.com/file/d/1j_Fm7APbYWVcaZJAbYtE877IF9_6mFmS/view?usp=drivesdk | T93: =HYPERLINK("https://drive.google.com/file/d/1j_Fm7APbYWVcaZJAbYtE877IF9_6mFmS/view?usp=drivesdk","33 - X2 - Titania Dwizita Shahla - P") -> 33 - X2 - Titania Dwizita Shahla - P | U93: Document successfully created; Document successfully merged; PDF created; Manually run by skycircle.id@gmail.com; Timestamp: Nov 7 2025 3:05 AM | W93: =COUNTIFS('Form Presensi SCC'!$B:$B, IF($C93<>0, TEXT($C93, "0000000000"), $D93), 'Form Presensi SCC'!$C:$C, "Hadir") -> 0
A94: 93 | B94: 46 | C94: 0104292767 / 252610560 | D94: Zaidan Riziq Sakha - L | E94: L | F94: 33 | G94: X2 | J94: X2 | P94: ="https://docs.google.com/forms/d/e/1FAIpQLSeZ-R1GrWlAPkfaThGqxeTj0QTtrARw4rroxIIepf2kipn1nw/formResponse?usp=pp_url&entry.1313582257="&C94&"&entry.1578404635=Hadir" -> https://docs.google.com/forms/d/e/1FAIpQLSeZ-R1GrWlAPkfaThGqxeTj0QTtrARw4rroxIIepf2kipn1nw/formResponse?usp=pp_url&entry.1313582257=0104292767 / 252610560&entry.1578404635=Hadir | Q94: https://quickchart.io/qr?size=250&text=https%3A%2F%2Fdocs.google.com%2Fforms%2Fd%2Fe%2F1FAIpQLSeZ-R1GrWlAPkfaThGqxeTj0QTtrARw4rroxIIepf2kipn1nw%2FformResponse%3Fusp%3Dpp_url%26entry.1313582257%3D0104292767%20%2F%20252610560%26entry.1578404635%3DHadir | R94: 1eF31ddgIY7YKx2J102q7dDDXvg31shOJ | S94: https://drive.google.com/file/d/1eF31ddgIY7YKx2J102q7dDDXvg31shOJ/view?usp=drivesdk | T94: =HYPERLINK("https://drive.google.com/file/d/1eF31ddgIY7YKx2J102q7dDDXvg31shOJ/view?usp=drivesdk","33 - X2 - Zaidan Riziq Sakha - L") -> 33 - X2 - Zaidan Riziq Sakha - L | U94: Document successfully created; Document successfully merged; PDF created; Manually run by skycircle.id@gmail.com; Timestamp: Nov 7 2025 3:06 AM | W94: =COUNTIFS('Form Presensi SCC'!$B:$B, IF($C94<>0, TEXT($C94, "0000000000"), $D94), 'Form Presensi SCC'!$C:$C, "Hadir") -> 0
A95: 94 | B95: 47 | C95: 0096087965 / 252610563 | D95: Zalikhah Rasikhah Putri - P | E95: P | F95: 33 | G95: X2 | J95: X2 | P95: ="https://docs.google.com/forms/d/e/1FAIpQLSeZ-R1GrWlAPkfaThGqxeTj0QTtrARw4rroxIIepf2kipn1nw/formResponse?usp=pp_url&entry.1313582257="&C95&"&entry.1578404635=Hadir" -> https://docs.google.com/forms/d/e/1FAIpQLSeZ-R1GrWlAPkfaThGqxeTj0QTtrARw4rroxIIepf2kipn1nw/formResponse?usp=pp_url&entry.1313582257=0096087965 / 252610563&entry.1578404635=Hadir | Q95: https://quickchart.io/qr?size=250&text=https%3A%2F%2Fdocs.google.com%2Fforms%2Fd%2Fe%2F1FAIpQLSeZ-R1GrWlAPkfaThGqxeTj0QTtrARw4rroxIIepf2kipn1nw%2FformResponse%3Fusp%3Dpp_url%26entry.1313582257%3D0096087965%20%2F%20252610563%26entry.1578404635%3DHadir | R95: 1eDci1GGdCMVtl7FLexOWHR_nFxXWPsD- | S95: https://drive.google.com/file/d/1eDci1GGdCMVtl7FLexOWHR_nFxXWPsD-/view?usp=drivesdk | T95: =HYPERLINK("https://drive.google.com/file/d/1eDci1GGdCMVtl7FLexOWHR_nFxXWPsD-/view?usp=drivesdk","33 - X2 - Zalikhah Rasikhah Putri - P") -> 33 - X2 - Zalikhah Rasikhah Putri - P | U95: Document successfully created; Document successfully merged; PDF created; Manually run by skycircle.id@gmail.com; Timestamp: Nov 7 2025 3:06 AM | W95: =COUNTIFS('Form Presensi SCC'!$B:$B, IF($C95<>0, TEXT($C95, "0000000000"), $D95), 'Form Presensi SCC'!$C:$C, "Hadir") -> 0
A96: 95 | B96: 1 | C96: 0094703204 / 252610002 | D96: Abhinaya Zaidan Akbar - L | E96: L | F96: 33 | G96: X3 | J96: X3 | P96: ="https://docs.google.com/forms/d/e/1FAIpQLSeZ-R1GrWlAPkfaThGqxeTj0QTtrARw4rroxIIepf2kipn1nw/formResponse?usp=pp_url&entry.1313582257="&C96&"&entry.1578404635=Hadir" -> https://docs.google.com/forms/d/e/1FAIpQLSeZ-R1GrWlAPkfaThGqxeTj0QTtrARw4rroxIIepf2kipn1nw/formResponse?usp=pp_url&entry.1313582257=0094703204 / 252610002&entry.1578404635=Hadir | Q96: https://quickchart.io/qr?size=250&text=https%3A%2F%2Fdocs.google.com%2Fforms%2Fd%2Fe%2F1FAIpQLSeZ-R1GrWlAPkfaThGqxeTj0QTtrARw4rroxIIepf2kipn1nw%2FformResponse%3Fusp%3Dpp_url%26entry.1313582257%3D0094703204%20%2F%20252610002%26entry.1578404635%3DHadir | R96: 1Hf4gfenS4bZm4kS41cTWGCIuurz11NAy | S96: https://drive.google.com/file/d/1Hf4gfenS4bZm4kS41cTWGCIuurz11NAy/view?usp=drivesdk | T96: =HYPERLINK("https://drive.google.com/file/d/1Hf4gfenS4bZm4kS41cTWGCIuurz11NAy/view?usp=drivesdk","33 - X3 - Abhinaya Zaidan Akbar - L") -> 33 - X3 - Abhinaya Zaidan Akbar - L | U96: Document successfully created; Document successfully merged; PDF created; Manually run by skycircle.id@gmail.com; Timestamp: Nov 7 2025 3:06 AM | W96: =COUNTIFS('Form Presensi SCC'!$B:$B, IF($C96<>0, TEXT($C96, "0000000000"), $D96), 'Form Presensi SCC'!$C:$C, "Hadir") -> 0
A97: 96 | B97: 2 | C97: 0106941990 / 252610063 | D97: Andra Rakadityono - L | E97: L | F97: 33 | G97: X3 | J97: X3 | P97: ="https://docs.google.com/forms/d/e/1FAIpQLSeZ-R1GrWlAPkfaThGqxeTj0QTtrARw4rroxIIepf2kipn1nw/formResponse?usp=pp_url&entry.1313582257="&C97&"&entry.1578404635=Hadir" -> https://docs.google.com/forms/d/e/1FAIpQLSeZ-R1GrWlAPkfaThGqxeTj0QTtrARw4rroxIIepf2kipn1nw/formResponse?usp=pp_url&entry.1313582257=0106941990 / 252610063&entry.1578404635=Hadir | Q97: https://quickchart.io/qr?size=250&text=https%3A%2F%2Fdocs.google.com%2Fforms%2Fd%2Fe%2F1FAIpQLSeZ-R1GrWlAPkfaThGqxeTj0QTtrARw4rroxIIepf2kipn1nw%2FformResponse%3Fusp%3Dpp_url%26entry.1313582257%3D0106941990%20%2F%20252610063%26entry.1578404635%3DHadir | R97: 1r0Uot3PQK_VtpkxN4wMuNRBDxsHaIqyh | S97: https://drive.google.com/file/d/1r0Uot3PQK_VtpkxN4wMuNRBDxsHaIqyh/view?usp=drivesdk | T97: =HYPERLINK("https://drive.google.com/file/d/1r0Uot3PQK_VtpkxN4wMuNRBDxsHaIqyh/view?usp=drivesdk","33 - X3 - Andra Rakadityono - L") -> 33 - X3 - Andra Rakadityono - L | U97: Document successfully created; Document successfully merged; PDF created; Manually run by skycircle.id@gmail.com; Timestamp: Nov 7 2025 3:06 AM | W97: =COUNTIFS('Form Presensi SCC'!$B:$B, IF($C97<>0, TEXT($C97, "0000000000"), $D97), 'Form Presensi SCC'!$C:$C, "Hadir") -> 0
A98: 97 | B98: 3 | C98: 0109964803 / 252610065 | D98: Anjani Safira Salma - P | E98: P | F98: 33 | G98: X3 | J98: X3 | P98: ="https://docs.google.com/forms/d/e/1FAIpQLSeZ-R1GrWlAPkfaThGqxeTj0QTtrARw4rroxIIepf2kipn1nw/formResponse?usp=pp_url&entry.1313582257="&C98&"&entry.1578404635=Hadir" -> https://docs.google.com/forms/d/e/1FAIpQLSeZ-R1GrWlAPkfaThGqxeTj0QTtrARw4rroxIIepf2kipn1nw/formResponse?usp=pp_url&entry.1313582257=0109964803 / 252610065&entry.1578404635=Hadir | Q98: https://quickchart.io/qr?size=250&text=https%3A%2F%2Fdocs.google.com%2Fforms%2Fd%2Fe%2F1FAIpQLSeZ-R1GrWlAPkfaThGqxeTj0QTtrARw4rroxIIepf2kipn1nw%2FformResponse%3Fusp%3Dpp_url%26entry.1313582257%3D0109964803%20%2F%20252610065%26entry.1578404635%3DHadir | R98: 16IDNIjOuT97e_BIf9mhtsiaUCO_do3_w | S98: https://drive.google.com/file/d/16IDNIjOuT97e_BIf9mhtsiaUCO_do3_w/view?usp=drivesdk | T98: =HYPERLINK("https://drive.google.com/file/d/16IDNIjOuT97e_BIf9mhtsiaUCO_do3_w/view?usp=drivesdk","33 - X3 - Anjani Safira Salma - P") -> 33 - X3 - Anjani Safira Salma - P | U98: Document successfully created; Document successfully merged; PDF created; Manually run by skycircle.id@gmail.com; Timestamp: Nov 7 2025 3:06 AM | W98: =COUNTIFS('Form Presensi SCC'!$B:$B, IF($C98<>0, TEXT($C98, "0000000000"), $D98), 'Form Presensi SCC'!$C:$C, "Hadir") -> 0
A99: 98 | B99: 4 | C99: 0104084075 / 252610076 | D99: Ario Bimo Wicaksono - L | E99: L | F99: 33 | G99: X3 | J99: X3 | P99: ="https://docs.google.com/forms/d/e/1FAIpQLSeZ-R1GrWlAPkfaThGqxeTj0QTtrARw4rroxIIepf2kipn1nw/formResponse?usp=pp_url&entry.1313582257="&C99&"&entry.1578404635=Hadir" -> https://docs.google.com/forms/d/e/1FAIpQLSeZ-R1GrWlAPkfaThGqxeTj0QTtrARw4rroxIIepf2kipn1nw/formResponse?usp=pp_url&entry.1313582257=0104084075 / 252610076&entry.1578404635=Hadir | Q99: https://quickchart.io/qr?size=250&text=https%3A%2F%2Fdocs.google.com%2Fforms%2Fd%2Fe%2F1FAIpQLSeZ-R1GrWlAPkfaThGqxeTj0QTtrARw4rroxIIepf2kipn1nw%2FformResponse%3Fusp%3Dpp_url%26entry.1313582257%3D0104084075%20%2F%20252610076%26entry.1578404635%3DHadir | R99: 1xUTdnNysAyiY3Q6iXISSj5CnQ5WqI5qi | S99: https://drive.google.com/file/d/1xUTdnNysAyiY3Q6iXISSj5CnQ5WqI5qi/view?usp=drivesdk | T99: =HYPERLINK("https://drive.google.com/file/d/1xUTdnNysAyiY3Q6iXISSj5CnQ5WqI5qi/view?usp=drivesdk","33 - X3 - Ario Bimo Wicaksono - L") -> 33 - X3 - Ario Bimo Wicaksono - L | U99: Document successfully created; Document successfully merged; PDF created; Manually run by skycircle.id@gmail.com; Timestamp: Nov 7 2025 3:07 AM | W99: =COUNTIFS('Form Presensi SCC'!$B:$B, IF($C99<>0, TEXT($C99, "0000000000"), $D99), 'Form Presensi SCC'!$C:$C, "Hadir") -> 0
A100: 99 | B100: 5 | C100: 0098221239 / 252610079 | D100: Arman Firmansyah - L | E100: L | F100: 33 | G100: X3 | J100: X3 | P100: ="https://docs.google.com/forms/d/e/1FAIpQLSeZ-R1GrWlAPkfaThGqxeTj0QTtrARw4rroxIIepf2kipn1nw/formResponse?usp=pp_url&entry.1313582257="&C100&"&entry.1578404635=Hadir" -> https://docs.google.com/forms/d/e/1FAIpQLSeZ-R1GrWlAPkfaThGqxeTj0QTtrARw4rroxIIepf2kipn1nw/formResponse?usp=pp_url&entry.1313582257=0098221239 / 252610079&entry.1578404635=Hadir | Q100: https://quickchart.io/qr?size=250&text=https%3A%2F%2Fdocs.google.com%2Fforms%2Fd%2Fe%2F1FAIpQLSeZ-R1GrWlAPkfaThGqxeTj0QTtrARw4rroxIIepf2kipn1nw%2FformResponse%3Fusp%3Dpp_url%26entry.1313582257%3D0098221239%20%2F%20252610079%26entry.1578404635%3DHadir | R100: 174hoiIJg_jYMqpxnZt7Z4_QpRmJoUNzl | S100: https://drive.google.com/file/d/174hoiIJg_jYMqpxnZt7Z4_QpRmJoUNzl/view?usp=drivesdk | T100: =HYPERLINK("https://drive.google.com/file/d/174hoiIJg_jYMqpxnZt7Z4_QpRmJoUNzl/view?usp=drivesdk","33 - X3 - Arman Firmansyah - L") -> 33 - X3 - Arman Firmansyah - L | U100: Document successfully created; Document successfully merged; PDF created; Manually run by skycircle.id@gmail.com; Timestamp: Nov 7 2025 3:07 AM | W100: =COUNTIFS('Form Presensi SCC'!$B:$B, IF($C100<>0, TEXT($C100, "0000000000"), $D100), 'Form Presensi SCC'!$C:$C, "Hadir") -> 0
...

Sheet NVScriptsProperties
A1: autocratn | B1: autocratp
A2: updateTime | B2: "1.770120073809E12"
A3: dataSheetId | B3: "1.3051252E9"
A4: dataSheetName | B4: "Database Presensi SCC"
A5: v | B5: "5.1"

Sheet Database Presensi SCC_Lama
A1: Column 10 | B1: NO ABSEN | C1: NISN | D1: NIS | E1: NAMA | F1: L/P | G1: Angkatan | H1: Kelas TA | I1: Grup TA | J1: Mentor TA | K1: Kelas X | L1: Kelas XI | M1: Kelas XII | N1: Grup X | O1: Grup XI | P1: Grup XII | Q1: Link Presensi | R1: QR Code | S1: Merged Doc ID - Kartu QR Code | T1: Merged Doc URL - Kartu QR Code | U1: Link to merged Doc - Kartu QR Code | V1: Document Merge Status - Kartu QR Code
A2: 3 | B2: 1 | C2: 0 | D2: 252610008 | E2: Adhie Bramantyo Faqih | F2: L | G2: 33 | H2: =K2 -> X-1 | I2: =N2 -> 33 - BC X-1 | J2: =VLOOKUP(I2,'Database Grup SCC'!$B$2:$C1382,2,false) -> Rony | K2: X-1 | N2: 33 - BC X-1 | Q2: ="https://docs.google.com/forms/d/e/1FAIpQLSeZ-R1GrWlAPkfaThGqxeTj0QTtrARw4rroxIIepf2kipn1nw/formResponse?usp=pp_url&entry.1313582257="&C2&"&entry.1578404635=Hadir" -> https://docs.google.com/forms/d/e/1FAIpQLSeZ-R1GrWlAPkfaThGqxeTj0QTtrARw4rroxIIepf2kipn1nw/formResponse?usp=pp_url&entry.1313582257=0&entry.1578404635=Hadir | R2: {=IF(Q2:Q1382="","", "https://quickchart.io/qr?size=250&text=" & ENCODEURL(Q2:Q1382))} -> https://quickchart.io/qr?size=250&text=https%3A%2F%2Fdocs.google.com%2Fforms%2Fd%2Fe%2F1FAIpQLSeZ-R1GrWlAPkfaThGqxeTj0QTtrARw4rroxIIepf2kipn1nw%2FformResponse%3Fusp%3Dpp_url%26entry.1313582257%3D0%26entry.1578404635%3DHadir
A3: 4 | B3: 2 | C3: 3103201253 | D3: 252610048 | E3: Almira Dwi Safira | F3: P | G3: 33 | H3: =K3 -> X-1 | I3: =N3 -> 33 - GC1 X-1 | J3: =VLOOKUP(I3,'Database Grup SCC'!$B$2:$C1382,2,false) -> Syifa | K3: X-1 | N3: 33 - GC1 X-1 | Q3: ="https://docs.google.com/forms/d/e/1FAIpQLSeZ-R1GrWlAPkfaThGqxeTj0QTtrARw4rroxIIepf2kipn1nw/formResponse?usp=pp_url&entry.1313582257="&C3&"&entry.1578404635=Hadir" -> https://docs.google.com/forms/d/e/1FAIpQLSeZ-R1GrWlAPkfaThGqxeTj0QTtrARw4rroxIIepf2kipn1nw/formResponse?usp=pp_url&entry.1313582257=3103201253&entry.1578404635=Hadir | R3: https://quickchart.io/qr?size=250&text=https%3A%2F%2Fdocs.google.com%2Fforms%2Fd%2Fe%2F1FAIpQLSeZ-R1GrWlAPkfaThGqxeTj0QTtrARw4rroxIIepf2kipn1nw%2FformResponse%3Fusp%3Dpp_url%26entry.1313582257%3D3103201253%26entry.1578404635%3DHadir
A4: 5 | B4: 3 | C4: 0102149444 | D4: 252610053 | E4: Alzena Juneeta Talisha Theo | F4: P | G4: 33 | H4: =K4 -> X-1 | I4: =N4 -> 33 - GC1 X-1 | J4: =VLOOKUP(I4,'Database Grup SCC'!$B$2:$C1382,2,false) -> Syifa | K4: X-1 | N4: 33 - GC1 X-1 | Q4: ="https://docs.google.com/forms/d/e/1FAIpQLSeZ-R1GrWlAPkfaThGqxeTj0QTtrARw4rroxIIepf2kipn1nw/formResponse?usp=pp_url&entry.1313582257="&C4&"&entry.1578404635=Hadir" -> https://docs.google.com/forms/d/e/1FAIpQLSeZ-R1GrWlAPkfaThGqxeTj0QTtrARw4rroxIIepf2kipn1nw/formResponse?usp=pp_url&entry.1313582257=0102149444&entry.1578404635=Hadir | R4: https://quickchart.io/qr?size=250&text=https%3A%2F%2Fdocs.google.com%2Fforms%2Fd%2Fe%2F1FAIpQLSeZ-R1GrWlAPkfaThGqxeTj0QTtrARw4rroxIIepf2kipn1nw%2FformResponse%3Fusp%3Dpp_url%26entry.1313582257%3D0102149444%26entry.1578404635%3DHadir
A5: 6 | B5: 4 | C5: 0095992391 | D5: 252610082 | E5: Arya Aditya Gunawan | F5: L | G5: 33 | H5: =K5 -> X-1 | I5: =N5 -> 33 - BC X-1 | J5: =VLOOKUP(I5,'Database Grup SCC'!$B$2:$C1382,2,false) -> Rony | K5: X-1 | N5: 33 - BC X-1 | Q5: ="https://docs.google.com/forms/d/e/1FAIpQLSeZ-R1GrWlAPkfaThGqxeTj0QTtrARw4rroxIIepf2kipn1nw/formResponse?usp=pp_url&entry.1313582257="&C5&"&entry.1578404635=Hadir" -> https://docs.google.com/forms/d/e/1FAIpQLSeZ-R1GrWlAPkfaThGqxeTj0QTtrARw4rroxIIepf2kipn1nw/formResponse?usp=pp_url&entry.1313582257=0095992391&entry.1578404635=Hadir | R5: https://quickchart.io/qr?size=250&text=https%3A%2F%2Fdocs.google.com%2Fforms%2Fd%2Fe%2F1FAIpQLSeZ-R1GrWlAPkfaThGqxeTj0QTtrARw4rroxIIepf2kipn1nw%2FformResponse%3Fusp%3Dpp_url%26entry.1313582257%3D0095992391%26entry.1578404635%3DHadir
A6: 7 | B6: 5 | C6: 0106142601 | D6: 252610083 | E6: Aryasatia Pradipta | F6: P | G6: 33 | H6: =K6 -> X-1 | I6: =N6 -> 33 - GC1 X-1 | J6: =VLOOKUP(I6,'Database Grup SCC'!$B$2:$C1382,2,false) -> Syifa | K6: X-1 | N6: 33 - GC1 X-1 | Q6: ="https://docs.google.com/forms/d/e/1FAIpQLSeZ-R1GrWlAPkfaThGqxeTj0QTtrARw4rroxIIepf2kipn1nw/formResponse?usp=pp_url&entry.1313582257="&C6&"&entry.1578404635=Hadir" -> https://docs.google.com/forms/d/e/1FAIpQLSeZ-R1GrWlAPkfaThGqxeTj0QTtrARw4rroxIIepf2kipn1nw/formResponse?usp=pp_url&entry.1313582257=0106142601&entry.1578404635=Hadir | R6: https://quickchart.io/qr?size=250&text=https%3A%2F%2Fdocs.google.com%2Fforms%2Fd%2Fe%2F1FAIpQLSeZ-R1GrWlAPkfaThGqxeTj0QTtrARw4rroxIIepf2kipn1nw%2FformResponse%3Fusp%3Dpp_url%26entry.1313582257%3D0106142601%26entry.1578404635%3DHadir
A7: 8 | B7: 6 | C7: 0108104548 | D7: 252610087 | E7: Asyifa Diandra Bayu | F7: P | G7: 33 | H7: =K7 -> X-1 | I7: =N7 -> 33 - GC1 X-1 | J7: =VLOOKUP(I7,'Database Grup SCC'!$B$2:$C1382,2,false) -> Syifa | K7: X-1 | N7: 33 - GC1 X-1 | Q7: ="https://docs.google.com/forms/d/e/1FAIpQLSeZ-R1GrWlAPkfaThGqxeTj0QTtrARw4rroxIIepf2kipn1nw/formResponse?usp=pp_url&entry.1313582257="&C7&"&entry.1578404635=Hadir" -> https://docs.google.com/forms/d/e/1FAIpQLSeZ-R1GrWlAPkfaThGqxeTj0QTtrARw4rroxIIepf2kipn1nw/formResponse?usp=pp_url&entry.1313582257=0108104548&entry.1578404635=Hadir | R7: https://quickchart.io/qr?size=250&text=https%3A%2F%2Fdocs.google.com%2Fforms%2Fd%2Fe%2F1FAIpQLSeZ-R1GrWlAPkfaThGqxeTj0QTtrARw4rroxIIepf2kipn1nw%2FformResponse%3Fusp%3Dpp_url%26entry.1313582257%3D0108104548%26entry.1578404635%3DHadir
A8: 9 | B8: 7 | C8: 0103045473 | D8: 252610088 | E8: Asyifa Maulidia Salsabila | F8: P | G8: 33 | H8: =K8 -> X-1 | I8: =N8 -> 33 - GC1 X-1 | J8: =VLOOKUP(I8,'Database Grup SCC'!$B$2:$C1382,2,false) -> Syifa | K8: X-1 | N8: 33 - GC1 X-1 | Q8: ="https://docs.google.com/forms/d/e/1FAIpQLSeZ-R1GrWlAPkfaThGqxeTj0QTtrARw4rroxIIepf2kipn1nw/formResponse?usp=pp_url&entry.1313582257="&C8&"&entry.1578404635=Hadir" -> https://docs.google.com/forms/d/e/1FAIpQLSeZ-R1GrWlAPkfaThGqxeTj0QTtrARw4rroxIIepf2kipn1nw/formResponse?usp=pp_url&entry.1313582257=0103045473&entry.1578404635=Hadir | R8: https://quickchart.io/qr?size=250&text=https%3A%2F%2Fdocs.google.com%2Fforms%2Fd%2Fe%2F1FAIpQLSeZ-R1GrWlAPkfaThGqxeTj0QTtrARw4rroxIIepf2kipn1nw%2FformResponse%3Fusp%3Dpp_url%26entry.1313582257%3D0103045473%26entry.1578404635%3DHadir
A9: 10 | B9: 8 | C9: 0109105725 | D9: 252610100 | E9: Aurelia Langit Callysta | F9: P | G9: 33 | H9: =K9 -> X-1 | I9: =N9 -> 33 - GC1 X-1 | J9: =VLOOKUP(I9,'Database Grup SCC'!$B$2:$C1382,2,false) -> Syifa | K9: X-1 | N9: 33 - GC1 X-1 | Q9: ="https://docs.google.com/forms/d/e/1FAIpQLSeZ-R1GrWlAPkfaThGqxeTj0QTtrARw4rroxIIepf2kipn1nw/formResponse?usp=pp_url&entry.1313582257="&C9&"&entry.1578404635=Hadir" -> https://docs.google.com/forms/d/e/1FAIpQLSeZ-R1GrWlAPkfaThGqxeTj0QTtrARw4rroxIIepf2kipn1nw/formResponse?usp=pp_url&entry.1313582257=0109105725&entry.1578404635=Hadir | R9: https://quickchart.io/qr?size=250&text=https%3A%2F%2Fdocs.google.com%2Fforms%2Fd%2Fe%2F1FAIpQLSeZ-R1GrWlAPkfaThGqxeTj0QTtrARw4rroxIIepf2kipn1nw%2FformResponse%3Fusp%3Dpp_url%26entry.1313582257%3D0109105725%26entry.1578404635%3DHadir
A10: 11 | B10: 9 | C10: 0096394871 | D10: 252610101 | E10: Aurelia Septiani Putri | F10: P | G10: 33 | H10: =K10 -> X-1 | I10: =N10 -> 33 - GC1 X-1 | J10: =VLOOKUP(I10,'Database Grup SCC'!$B$2:$C1382,2,false) -> Syifa | K10: X-1 | N10: 33 - GC1 X-1 | Q10: ="https://docs.google.com/forms/d/e/1FAIpQLSeZ-R1GrWlAPkfaThGqxeTj0QTtrARw4rroxIIepf2kipn1nw/formResponse?usp=pp_url&entry.1313582257="&C10&"&entry.1578404635=Hadir" -> https://docs.google.com/forms/d/e/1FAIpQLSeZ-R1GrWlAPkfaThGqxeTj0QTtrARw4rroxIIepf2kipn1nw/formResponse?usp=pp_url&entry.1313582257=0096394871&entry.1578404635=Hadir | R10: https://quickchart.io/qr?size=250&text=https%3A%2F%2Fdocs.google.com%2Fforms%2Fd%2Fe%2F1FAIpQLSeZ-R1GrWlAPkfaThGqxeTj0QTtrARw4rroxIIepf2kipn1nw%2FformResponse%3Fusp%3Dpp_url%26entry.1313582257%3D0096394871%26entry.1578404635%3DHadir
A11: 12 | B11: 10 | C11: 0096477713 | D11: 252610122 | E11: Bilqis Anwar Thebe | F11: P | G11: 33 | H11: =K11 -> X-1 | I11: =N11 -> 33 - XSUMEN1 GC | J11: =VLOOKUP(I11,'Database Grup SCC'!$B$2:$C1382,2,false) -> Ayun | K11: X-1 | N11: 33 - XSUMEN1 GC | Q11: ="https://docs.google.com/forms/d/e/1FAIpQLSeZ-R1GrWlAPkfaThGqxeTj0QTtrARw4rroxIIepf2kipn1nw/formResponse?usp=pp_url&entry.1313582257="&C11&"&entry.1578404635=Hadir" -> https://docs.google.com/forms/d/e/1FAIpQLSeZ-R1GrWlAPkfaThGqxeTj0QTtrARw4rroxIIepf2kipn1nw/formResponse?usp=pp_url&entry.1313582257=0096477713&entry.1578404635=Hadir | R11: https://quickchart.io/qr?size=250&text=https%3A%2F%2Fdocs.google.com%2Fforms%2Fd%2Fe%2F1FAIpQLSeZ-R1GrWlAPkfaThGqxeTj0QTtrARw4rroxIIepf2kipn1nw%2FformResponse%3Fusp%3Dpp_url%26entry.1313582257%3D0096477713%26entry.1578404635%3DHadir
A12: 13 | B12: 11 | C12: 0106995291 | D12: 252610126 | E12: Bimo Armani Aulia Putra | F12: L | G12: 33 | H12: =K12 -> X-1 | I12: =N12 -> 33 - BC X-1 | J12: =VLOOKUP(I12,'Database Grup SCC'!$B$2:$C1382,2,false) -> Rony | K12: X-1 | N12: 33 - BC X-1 | Q12: ="https://docs.google.com/forms/d/e/1FAIpQLSeZ-R1GrWlAPkfaThGqxeTj0QTtrARw4rroxIIepf2kipn1nw/formResponse?usp=pp_url&entry.1313582257="&C12&"&entry.1578404635=Hadir" -> https://docs.google.com/forms/d/e/1FAIpQLSeZ-R1GrWlAPkfaThGqxeTj0QTtrARw4rroxIIepf2kipn1nw/formResponse?usp=pp_url&entry.1313582257=0106995291&entry.1578404635=Hadir | R12: https://quickchart.io/qr?size=250&text=https%3A%2F%2Fdocs.google.com%2Fforms%2Fd%2Fe%2F1FAIpQLSeZ-R1GrWlAPkfaThGqxeTj0QTtrARw4rroxIIepf2kipn1nw%2FformResponse%3Fusp%3Dpp_url%26entry.1313582257%3D0106995291%26entry.1578404635%3DHadir
A13: 14 | B13: 12 | C13: 0094126705 | D13: 252610130 | E13: Callysta Tuchi Solin | F13: P | G13: 33 | H13: =K13 -> X-1 | I13: =N13 -> 33 - GC1 X-1 | J13: =VLOOKUP(I13,'Database Grup SCC'!$B$2:$C1382,2,false) -> Syifa | K13: X-1 | N13: 33 - GC1 X-1 | Q13: ="https://docs.google.com/forms/d/e/1FAIpQLSeZ-R1GrWlAPkfaThGqxeTj0QTtrARw4rroxIIepf2kipn1nw/formResponse?usp=pp_url&entry.1313582257="&C13&"&entry.1578404635=Hadir" -> https://docs.google.com/forms/d/e/1FAIpQLSeZ-R1GrWlAPkfaThGqxeTj0QTtrARw4rroxIIepf2kipn1nw/formResponse?usp=pp_url&entry.1313582257=0094126705&entry.1578404635=Hadir | R13: https://quickchart.io/qr?size=250&text=https%3A%2F%2Fdocs.google.com%2Fforms%2Fd%2Fe%2F1FAIpQLSeZ-R1GrWlAPkfaThGqxeTj0QTtrARw4rroxIIepf2kipn1nw%2FformResponse%3Fusp%3Dpp_url%26entry.1313582257%3D0094126705%26entry.1578404635%3DHadir
A14: 15 | B14: 13 | C14: 0105914504 | D14: 252610171 | E14: Diwangkara Rizki Rabbani | F14: L | G14: 33 | H14: =K14 -> X-1 | I14: =N14 -> 33 - BC X-1 | J14: =VLOOKUP(I14,'Database Grup SCC'!$B$2:$C1382,2,false) -> Rony | K14: X-1 | N14: 33 - BC X-1 | Q14: ="https://docs.google.com/forms/d/e/1FAIpQLSeZ-R1GrWlAPkfaThGqxeTj0QTtrARw4rroxIIepf2kipn1nw/formResponse?usp=pp_url&entry.1313582257="&C14&"&entry.1578404635=Hadir" -> https://docs.google.com/forms/d/e/1FAIpQLSeZ-R1GrWlAPkfaThGqxeTj0QTtrARw4rroxIIepf2kipn1nw/formResponse?usp=pp_url&entry.1313582257=0105914504&entry.1578404635=Hadir | R14: https://quickchart.io/qr?size=250&text=https%3A%2F%2Fdocs.google.com%2Fforms%2Fd%2Fe%2F1FAIpQLSeZ-R1GrWlAPkfaThGqxeTj0QTtrARw4rroxIIepf2kipn1nw%2FformResponse%3Fusp%3Dpp_url%26entry.1313582257%3D0105914504%26entry.1578404635%3DHadir
A15: 16 | B15: 14 | C15: 0092097491 | D15: 252610175 | E15: Dzahra Miftahuljanah | F15: P | G15: 33 | H15: =K15 -> X-1 | I15: =N15 -> 33 - GC1 X-1 | J15: =VLOOKUP(I15,'Database Grup SCC'!$B$2:$C1382,2,false) -> Syifa | K15: X-1 | N15: 33 - GC1 X-1 | Q15: ="https://docs.google.com/forms/d/e/1FAIpQLSeZ-R1GrWlAPkfaThGqxeTj0QTtrARw4rroxIIepf2kipn1nw/formResponse?usp=pp_url&entry.1313582257="&C15&"&entry.1578404635=Hadir" -> https://docs.google.com/forms/d/e/1FAIpQLSeZ-R1GrWlAPkfaThGqxeTj0QTtrARw4rroxIIepf2kipn1nw/formResponse?usp=pp_url&entry.1313582257=0092097491&entry.1578404635=Hadir | R15: https://quickchart.io/qr?size=250&text=https%3A%2F%2Fdocs.google.com%2Fforms%2Fd%2Fe%2F1FAIpQLSeZ-R1GrWlAPkfaThGqxeTj0QTtrARw4rroxIIepf2kipn1nw%2FformResponse%3Fusp%3Dpp_url%26entry.1313582257%3D0092097491%26entry.1578404635%3DHadir
A16: 17 | B16: 15 | C16: 0102644442 | D16: 252610193 | E16: Fakhri Haikal Alvito Rachmat | F16: L | G16: 33 | H16: =K16 -> X-1 | I16: =N16 -> 33 - BC X-1 | J16: =VLOOKUP(I16,'Database Grup SCC'!$B$2:$C1382,2,false) -> Rony | K16: X-1 | N16: 33 - BC X-1 | Q16: ="https://docs.google.com/forms/d/e/1FAIpQLSeZ-R1GrWlAPkfaThGqxeTj0QTtrARw4rroxIIepf2kipn1nw/formResponse?usp=pp_url&entry.1313582257="&C16&"&entry.1578404635=Hadir" -> https://docs.google.com/forms/d/e/1FAIpQLSeZ-R1GrWlAPkfaThGqxeTj0QTtrARw4rroxIIepf2kipn1nw/formResponse?usp=pp_url&entry.1313582257=0102644442&entry.1578404635=Hadir | R16: https://quickchart.io/qr?size=250&text=https%3A%2F%2Fdocs.google.com%2Fforms%2Fd%2Fe%2F1FAIpQLSeZ-R1GrWlAPkfaThGqxeTj0QTtrARw4rroxIIepf2kipn1nw%2FformResponse%3Fusp%3Dpp_url%26entry.1313582257%3D0102644442%26entry.1578404635%3DHadir
A17: 18 | B17: 16 | C17: 0107657965 | D17: 252610202 | E17: Fathi Azzam Hawwari | F17: L | G17: 33 | H17: =K17 -> X-1 | I17: =N17 -> 33 - BC X-1 | J17: =VLOOKUP(I17,'Database Grup SCC'!$B$2:$C1382,2,false) -> Rony | K17: X-1 | N17: 33 - BC X-1 | Q17: ="https://docs.google.com/forms/d/e/1FAIpQLSeZ-R1GrWlAPkfaThGqxeTj0QTtrARw4rroxIIepf2kipn1nw/formResponse?usp=pp_url&entry.1313582257="&C17&"&entry.1578404635=Hadir" -> https://docs.google.com/forms/d/e/1FAIpQLSeZ-R1GrWlAPkfaThGqxeTj0QTtrARw4rroxIIepf2kipn1nw/formResponse?usp=pp_url&entry.1313582257=0107657965&entry.1578404635=Hadir | R17: https://quickchart.io/qr?size=250&text=https%3A%2F%2Fdocs.google.com%2Fforms%2Fd%2Fe%2F1FAIpQLSeZ-R1GrWlAPkfaThGqxeTj0QTtrARw4rroxIIepf2kipn1nw%2FformResponse%3Fusp%3Dpp_url%26entry.1313582257%3D0107657965%26entry.1578404635%3DHadir
A18: 19 | B18: 17 | C18: 0095023834 | D18: 252610206 | E18: Fatimah Aszahra | F18: P | G18: 33 | H18: =K18 -> X-1 | I18: =N18 -> 33 - GC1 X-1 | J18: =VLOOKUP(I18,'Database Grup SCC'!$B$2:$C1382,2,false) -> Syifa | K18: X-1 | N18: 33 - GC1 X-1 | Q18: ="https://docs.google.com/forms/d/e/1FAIpQLSeZ-R1GrWlAPkfaThGqxeTj0QTtrARw4rroxIIepf2kipn1nw/formResponse?usp=pp_url&entry.1313582257="&C18&"&entry.1578404635=Hadir" -> https://docs.google.com/forms/d/e/1FAIpQLSeZ-R1GrWlAPkfaThGqxeTj0QTtrARw4rroxIIepf2kipn1nw/formResponse?usp=pp_url&entry.1313582257=0095023834&entry.1578404635=Hadir | R18: https://quickchart.io/qr?size=250&text=https%3A%2F%2Fdocs.google.com%2Fforms%2Fd%2Fe%2F1FAIpQLSeZ-R1GrWlAPkfaThGqxeTj0QTtrARw4rroxIIepf2kipn1nw%2FformResponse%3Fusp%3Dpp_url%26entry.1313582257%3D0095023834%26entry.1578404635%3DHadir
A19: 20 | B19: 18 | C19: 0094631117 | D19: 252610224 | E19: Gwenna Irene Winata | F19: P | G19: 33 | H19: =K19 -> X-1 | I19: =N19 -> 33 - GC1 X-1 | J19: =VLOOKUP(I19,'Database Grup SCC'!$B$2:$C1382,2,false) -> Syifa | K19: X-1 | N19: 33 - GC1 X-1 | Q19: ="https://docs.google.com/forms/d/e/1FAIpQLSeZ-R1GrWlAPkfaThGqxeTj0QTtrARw4rroxIIepf2kipn1nw/formResponse?usp=pp_url&entry.1313582257="&C19&"&entry.1578404635=Hadir" -> https://docs.google.com/forms/d/e/1FAIpQLSeZ-R1GrWlAPkfaThGqxeTj0QTtrARw4rroxIIepf2kipn1nw/formResponse?usp=pp_url&entry.1313582257=0094631117&entry.1578404635=Hadir | R19: https://quickchart.io/qr?size=250&text=https%3A%2F%2Fdocs.google.com%2Fforms%2Fd%2Fe%2F1FAIpQLSeZ-R1GrWlAPkfaThGqxeTj0QTtrARw4rroxIIepf2kipn1nw%2FformResponse%3Fusp%3Dpp_url%26entry.1313582257%3D0094631117%26entry.1578404635%3DHadir
A20: 21 | B20: 19 | C20: 0092679798 | D20: 252610239 | E20: Jasmine Zahira Ramadhani | F20: P | G20: 33 | H20: =K20 -> X-1 | I20: =N20 -> 33 - GC2 X-1 | J20: =VLOOKUP(I20,'Database Grup SCC'!$B$2:$C1382,2,false) -> Oshe (XI) | K20: X-1 | N20: 33 - GC2 X-1 | Q20: ="https://docs.google.com/forms/d/e/1FAIpQLSeZ-R1GrWlAPkfaThGqxeTj0QTtrARw4rroxIIepf2kipn1nw/formResponse?usp=pp_url&entry.1313582257="&C20&"&entry.1578404635=Hadir" -> https://docs.google.com/forms/d/e/1FAIpQLSeZ-R1GrWlAPkfaThGqxeTj0QTtrARw4rroxIIepf2kipn1nw/formResponse?usp=pp_url&entry.1313582257=0092679798&entry.1578404635=Hadir | R20: https://quickchart.io/qr?size=250&text=https%3A%2F%2Fdocs.google.com%2Fforms%2Fd%2Fe%2F1FAIpQLSeZ-R1GrWlAPkfaThGqxeTj0QTtrARw4rroxIIepf2kipn1nw%2FformResponse%3Fusp%3Dpp_url%26entry.1313582257%3D0092679798%26entry.1578404635%3DHadir
A21: 22 | B21: 20 | C21: 0103648473 | D21: 252610246 | E21: Jihan Al Hasya | F21: P | G21: 33 | H21: =K21 -> X-1 | I21: =N21 -> 33 - GC2 X-1 | J21: =VLOOKUP(I21,'Database Grup SCC'!$B$2:$C1382,2,false) -> Oshe (XI) | K21: X-1 | N21: 33 - GC2 X-1 | Q21: ="https://docs.google.com/forms/d/e/1FAIpQLSeZ-R1GrWlAPkfaThGqxeTj0QTtrARw4rroxIIepf2kipn1nw/formResponse?usp=pp_url&entry.1313582257="&C21&"&entry.1578404635=Hadir" -> https://docs.google.com/forms/d/e/1FAIpQLSeZ-R1GrWlAPkfaThGqxeTj0QTtrARw4rroxIIepf2kipn1nw/formResponse?usp=pp_url&entry.1313582257=0103648473&entry.1578404635=Hadir | R21: https://quickchart.io/qr?size=250&text=https%3A%2F%2Fdocs.google.com%2Fforms%2Fd%2Fe%2F1FAIpQLSeZ-R1GrWlAPkfaThGqxeTj0QTtrARw4rroxIIepf2kipn1nw%2FformResponse%3Fusp%3Dpp_url%26entry.1313582257%3D0103648473%26entry.1578404635%3DHadir
A22: 23 | B22: 21 | C22: 0092985486 | D22: 252610311 | E22: Melani Putri Triana | F22: P | G22: 33 | H22: =K22 -> X-1 | I22: =N22 -> 33 - GC2 X-1 | J22: =VLOOKUP(I22,'Database Grup SCC'!$B$2:$C1382,2,false) -> Oshe (XI) | K22: X-1 | N22: 33 - GC2 X-1 | Q22: ="https://docs.google.com/forms/d/e/1FAIpQLSeZ-R1GrWlAPkfaThGqxeTj0QTtrARw4rroxIIepf2kipn1nw/formResponse?usp=pp_url&entry.1313582257="&C22&"&entry.1578404635=Hadir" -> https://docs.google.com/forms/d/e/1FAIpQLSeZ-R1GrWlAPkfaThGqxeTj0QTtrARw4rroxIIepf2kipn1nw/formResponse?usp=pp_url&entry.1313582257=0092985486&entry.1578404635=Hadir | R22: https://quickchart.io/qr?size=250&text=https%3A%2F%2Fdocs.google.com%2Fforms%2Fd%2Fe%2F1FAIpQLSeZ-R1GrWlAPkfaThGqxeTj0QTtrARw4rroxIIepf2kipn1nw%2FformResponse%3Fusp%3Dpp_url%26entry.1313582257%3D0092985486%26entry.1578404635%3DHadir
A23: 24 | B23: 22 | C23: 0107959828 | D23: 252610316 | E23: Mochamad Nayaka Tuharea | F23: L | G23: 33 | H23: =K23 -> X-1 | I23: =N23 -> 33 - BC X-1 | J23: =VLOOKUP(I23,'Database Grup SCC'!$B$2:$C1382,2,false) -> Rony | K23: X-1 | N23: 33 - BC X-1 | Q23: ="https://docs.google.com/forms/d/e/1FAIpQLSeZ-R1GrWlAPkfaThGqxeTj0QTtrARw4rroxIIepf2kipn1nw/formResponse?usp=pp_url&entry.1313582257="&C23&"&entry.1578404635=Hadir" -> https://docs.google.com/forms/d/e/1FAIpQLSeZ-R1GrWlAPkfaThGqxeTj0QTtrARw4rroxIIepf2kipn1nw/formResponse?usp=pp_url&entry.1313582257=0107959828&entry.1578404635=Hadir | R23: https://quickchart.io/qr?size=250&text=https%3A%2F%2Fdocs.google.com%2Fforms%2Fd%2Fe%2F1FAIpQLSeZ-R1GrWlAPkfaThGqxeTj0QTtrARw4rroxIIepf2kipn1nw%2FformResponse%3Fusp%3Dpp_url%26entry.1313582257%3D0107959828%26entry.1578404635%3DHadir
A24: 25 | B24: 23 | C24: 0092600602 | D24: 252610330 | E24: Muhamad Septian Romadhon | F24: L | G24: 33 | H24: =K24 -> X-1 | I24: =N24 -> 33 - BC X-1 | J24: =VLOOKUP(I24,'Database Grup SCC'!$B$2:$C1382,2,false) -> Rony | K24: X-1 | N24: 33 - BC X-1 | Q24: ="https://docs.google.com/forms/d/e/1FAIpQLSeZ-R1GrWlAPkfaThGqxeTj0QTtrARw4rroxIIepf2kipn1nw/formResponse?usp=pp_url&entry.1313582257="&C24&"&entry.1578404635=Hadir" -> https://docs.google.com/forms/d/e/1FAIpQLSeZ-R1GrWlAPkfaThGqxeTj0QTtrARw4rroxIIepf2kipn1nw/formResponse?usp=pp_url&entry.1313582257=0092600602&entry.1578404635=Hadir | R24: https://quickchart.io/qr?size=250&text=https%3A%2F%2Fdocs.google.com%2Fforms%2Fd%2Fe%2F1FAIpQLSeZ-R1GrWlAPkfaThGqxeTj0QTtrARw4rroxIIepf2kipn1nw%2FformResponse%3Fusp%3Dpp_url%26entry.1313582257%3D0092600602%26entry.1578404635%3DHadir
A25: 26 | B25: 24 | C25: 0108695912 | D25: 252610334 | E25: Muhammad Adrian Gianni Adam | F25: L | G25: 33 | H25: =K25 -> X-1 | I25: =N25 -> 33 - XSUMEN BC | J25: =VLOOKUP(I25,'Database Grup SCC'!$B$2:$C1382,2,false) -> Rekhsa | K25: X-1 | N25: 33 - XSUMEN BC | Q25: ="https://docs.google.com/forms/d/e/1FAIpQLSeZ-R1GrWlAPkfaThGqxeTj0QTtrARw4rroxIIepf2kipn1nw/formResponse?usp=pp_url&entry.1313582257="&C25&"&entry.1578404635=Hadir" -> https://docs.google.com/forms/d/e/1FAIpQLSeZ-R1GrWlAPkfaThGqxeTj0QTtrARw4rroxIIepf2kipn1nw/formResponse?usp=pp_url&entry.1313582257=0108695912&entry.1578404635=Hadir | R25: https://quickchart.io/qr?size=250&text=https%3A%2F%2Fdocs.google.com%2Fforms%2Fd%2Fe%2F1FAIpQLSeZ-R1GrWlAPkfaThGqxeTj0QTtrARw4rroxIIepf2kipn1nw%2FformResponse%3Fusp%3Dpp_url%26entry.1313582257%3D0108695912%26entry.1578404635%3DHadir
A26: 27 | B26: 25 | C26: 0093126257 | D26: 252610343 | E26: Muhammad Chaerudin Ramdhani | F26: L | G26: 33 | H26: =K26 -> X-1 | I26: =N26 -> 33 - BC X-1 | J26: =VLOOKUP(I26,'Database Grup SCC'!$B$2:$C1382,2,false) -> Rony | K26: X-1 | N26: 33 - BC X-1 | Q26: ="https://docs.google.com/forms/d/e/1FAIpQLSeZ-R1GrWlAPkfaThGqxeTj0QTtrARw4rroxIIepf2kipn1nw/formResponse?usp=pp_url&entry.1313582257="&C26&"&entry.1578404635=Hadir" -> https://docs.google.com/forms/d/e/1FAIpQLSeZ-R1GrWlAPkfaThGqxeTj0QTtrARw4rroxIIepf2kipn1nw/formResponse?usp=pp_url&entry.1313582257=0093126257&entry.1578404635=Hadir | R26: https://quickchart.io/qr?size=250&text=https%3A%2F%2Fdocs.google.com%2Fforms%2Fd%2Fe%2F1FAIpQLSeZ-R1GrWlAPkfaThGqxeTj0QTtrARw4rroxIIepf2kipn1nw%2FformResponse%3Fusp%3Dpp_url%26entry.1313582257%3D0093126257%26entry.1578404635%3DHadir
A27: 28 | B27: 26 | C27: 3104497802 | D27: 252610351 | E27: Muhammad Fathan Assidiq | F27: L | G27: 33 | H27: =K27 -> X-1 | I27: =N27 -> 33 - BC X-1 | J27: =VLOOKUP(I27,'Database Grup SCC'!$B$2:$C1382,2,false) -> Rony | K27: X-1 | N27: 33 - BC X-1 | Q27: ="https://docs.google.com/forms/d/e/1FAIpQLSeZ-R1GrWlAPkfaThGqxeTj0QTtrARw4rroxIIepf2kipn1nw/formResponse?usp=pp_url&entry.1313582257="&C27&"&entry.1578404635=Hadir" -> https://docs.google.com/forms/d/e/1FAIpQLSeZ-R1GrWlAPkfaThGqxeTj0QTtrARw4rroxIIepf2kipn1nw/formResponse?usp=pp_url&entry.1313582257=3104497802&entry.1578404635=Hadir | R27: https://quickchart.io/qr?size=250&text=https%3A%2F%2Fdocs.google.com%2Fforms%2Fd%2Fe%2F1FAIpQLSeZ-R1GrWlAPkfaThGqxeTj0QTtrARw4rroxIIepf2kipn1nw%2FformResponse%3Fusp%3Dpp_url%26entry.1313582257%3D3104497802%26entry.1578404635%3DHadir
A28: 29 | B28: 27 | C28: 0108107461 | D28: 252610369 | E28: Muhammad Rizky Aditya Putra Sukmawijayaguna | F28: L | G28: 33 | H28: =K28 -> X-1 | I28: =N28 -> 33 - BC X-1 | J28: =VLOOKUP(I28,'Database Grup SCC'!$B$2:$C1382,2,false) -> Rony | K28: X-1 | N28: 33 - BC X-1 | Q28: ="https://docs.google.com/forms/d/e/1FAIpQLSeZ-R1GrWlAPkfaThGqxeTj0QTtrARw4rroxIIepf2kipn1nw/formResponse?usp=pp_url&entry.1313582257="&C28&"&entry.1578404635=Hadir" -> https://docs.google.com/forms/d/e/1FAIpQLSeZ-R1GrWlAPkfaThGqxeTj0QTtrARw4rroxIIepf2kipn1nw/formResponse?usp=pp_url&entry.1313582257=0108107461&entry.1578404635=Hadir | R28: https://quickchart.io/qr?size=250&text=https%3A%2F%2Fdocs.google.com%2Fforms%2Fd%2Fe%2F1FAIpQLSeZ-R1GrWlAPkfaThGqxeTj0QTtrARw4rroxIIepf2kipn1nw%2FformResponse%3Fusp%3Dpp_url%26entry.1313582257%3D0108107461%26entry.1578404635%3DHadir
A29: 30 | B29: 28 | C29: 0092807405 | D29: 252610371 | E29: Muhammad Rodzul Amrullah | F29: L | G29: 33 | H29: =K29 -> X-1 | I29: =N29 -> 33 - BC X-1 | J29: =VLOOKUP(I29,'Database Grup SCC'!$B$2:$C1382,2,false) -> Rony | K29: X-1 | N29: 33 - BC X-1 | Q29: ="https://docs.google.com/forms/d/e/1FAIpQLSeZ-R1GrWlAPkfaThGqxeTj0QTtrARw4rroxIIepf2kipn1nw/formResponse?usp=pp_url&entry.1313582257="&C29&"&entry.1578404635=Hadir" -> https://docs.google.com/forms/d/e/1FAIpQLSeZ-R1GrWlAPkfaThGqxeTj0QTtrARw4rroxIIepf2kipn1nw/formResponse?usp=pp_url&entry.1313582257=0092807405&entry.1578404635=Hadir | R29: https://quickchart.io/qr?size=250&text=https%3A%2F%2Fdocs.google.com%2Fforms%2Fd%2Fe%2F1FAIpQLSeZ-R1GrWlAPkfaThGqxeTj0QTtrARw4rroxIIepf2kipn1nw%2FformResponse%3Fusp%3Dpp_url%26entry.1313582257%3D0092807405%26entry.1578404635%3DHadir
A30: 31 | B30: 29 | C30: 0102300207 | D30: 252610390 | E30: Nadya Salwa Altiara | F30: P | G30: 33 | H30: =K30 -> X-1 | I30: =N30 -> 33 - GC2 X-1 | J30: =VLOOKUP(I30,'Database Grup SCC'!$B$2:$C1382,2,false) -> Oshe (XI) | K30: X-1 | N30: 33 - GC2 X-1 | Q30: ="https://docs.google.com/forms/d/e/1FAIpQLSeZ-R1GrWlAPkfaThGqxeTj0QTtrARw4rroxIIepf2kipn1nw/formResponse?usp=pp_url&entry.1313582257="&C30&"&entry.1578404635=Hadir" -> https://docs.google.com/forms/d/e/1FAIpQLSeZ-R1GrWlAPkfaThGqxeTj0QTtrARw4rroxIIepf2kipn1nw/formResponse?usp=pp_url&entry.1313582257=0102300207&entry.1578404635=Hadir | R30: https://quickchart.io/qr?size=250&text=https%3A%2F%2Fdocs.google.com%2Fforms%2Fd%2Fe%2F1FAIpQLSeZ-R1GrWlAPkfaThGqxeTj0QTtrARw4rroxIIepf2kipn1nw%2FformResponse%3Fusp%3Dpp_url%26entry.1313582257%3D0102300207%26entry.1578404635%3DHadir
A31: 32 | B31: 30 | C31: 0097892166 | D31: 252610393 | E31: Nailah Khoirunisa Arsanti | F31: P | G31: 33 | H31: =K31 -> X-1 | I31: =N31 -> 33 - GC2 X-1 | J31: =VLOOKUP(I31,'Database Grup SCC'!$B$2:$C1382,2,false) -> Oshe (XI) | K31: X-1 | N31: 33 - GC2 X-1 | Q31: ="https://docs.google.com/forms/d/e/1FAIpQLSeZ-R1GrWlAPkfaThGqxeTj0QTtrARw4rroxIIepf2kipn1nw/formResponse?usp=pp_url&entry.1313582257="&C31&"&entry.1578404635=Hadir" -> https://docs.google.com/forms/d/e/1FAIpQLSeZ-R1GrWlAPkfaThGqxeTj0QTtrARw4rroxIIepf2kipn1nw/formResponse?usp=pp_url&entry.1313582257=0097892166&entry.1578404635=Hadir | R31: https://quickchart.io/qr?size=250&text=https%3A%2F%2Fdocs.google.com%2Fforms%2Fd%2Fe%2F1FAIpQLSeZ-R1GrWlAPkfaThGqxeTj0QTtrARw4rroxIIepf2kipn1nw%2FformResponse%3Fusp%3Dpp_url%26entry.1313582257%3D0097892166%26entry.1578404635%3DHadir
A32: 33 | B32: 31 | C32: 0097858274 | D32: 252610423 | E32: Novyola Safitri | F32: P | G32: 33 | H32: =K32 -> X-1 | I32: =N32 -> 33 - GC2 X-1 | J32: =VLOOKUP(I32,'Database Grup SCC'!$B$2:$C1382,2,false) -> Oshe (XI) | K32: X-1 | N32: 33 - GC2 X-1 | Q32: ="https://docs.google.com/forms/d/e/1FAIpQLSeZ-R1GrWlAPkfaThGqxeTj0QTtrARw4rroxIIepf2kipn1nw/formResponse?usp=pp_url&entry.1313582257="&C32&"&entry.1578404635=Hadir" -> https://docs.google.com/forms/d/e/1FAIpQLSeZ-R1GrWlAPkfaThGqxeTj0QTtrARw4rroxIIepf2kipn1nw/formResponse?usp=pp_url&entry.1313582257=0097858274&entry.1578404635=Hadir | R32: https://quickchart.io/qr?size=250&text=https%3A%2F%2Fdocs.google.com%2Fforms%2Fd%2Fe%2F1FAIpQLSeZ-R1GrWlAPkfaThGqxeTj0QTtrARw4rroxIIepf2kipn1nw%2FformResponse%3Fusp%3Dpp_url%26entry.1313582257%3D0097858274%26entry.1578404635%3DHadir
A33: 34 | B33: 32 | C33: 0093105045 | D33: 252610424 | E33: Nur Alifah Silvia | F33: P | G33: 33 | H33: =K33 -> X-1 | I33: =N33 -> 33 - GC2 X-1 | J33: =VLOOKUP(I33,'Database Grup SCC'!$B$2:$C1382,2,false) -> Oshe (XI) | K33: X-1 | N33: 33 - GC2 X-1 | Q33: ="https://docs.google.com/forms/d/e/1FAIpQLSeZ-R1GrWlAPkfaThGqxeTj0QTtrARw4rroxIIepf2kipn1nw/formResponse?usp=pp_url&entry.1313582257="&C33&"&entry.1578404635=Hadir" -> https://docs.google.com/forms/d/e/1FAIpQLSeZ-R1GrWlAPkfaThGqxeTj0QTtrARw4rroxIIepf2kipn1nw/formResponse?usp=pp_url&entry.1313582257=0093105045&entry.1578404635=Hadir | R33: https://quickchart.io/qr?size=250&text=https%3A%2F%2Fdocs.google.com%2Fforms%2Fd%2Fe%2F1FAIpQLSeZ-R1GrWlAPkfaThGqxeTj0QTtrARw4rroxIIepf2kipn1nw%2FformResponse%3Fusp%3Dpp_url%26entry.1313582257%3D0093105045%26entry.1578404635%3DHadir
A34: 35 | B34: 33 | C34: 0095438030 | D34: 252610436 | E34: Pungki Yustisia Pertiwi | F34: L | G34: 33 | H34: =K34 -> X-1 | I34: =N34 -> 33 - BC X-1 | J34: =VLOOKUP(I34,'Database Grup SCC'!$B$2:$C1382,2,false) -> Rony | K34: X-1 | N34: 33 - BC X-1 | Q34: ="https://docs.google.com/forms/d/e/1FAIpQLSeZ-R1GrWlAPkfaThGqxeTj0QTtrARw4rroxIIepf2kipn1nw/formResponse?usp=pp_url&entry.1313582257="&C34&"&entry.1578404635=Hadir" -> https://docs.google.com/forms/d/e/1FAIpQLSeZ-R1GrWlAPkfaThGqxeTj0QTtrARw4rroxIIepf2kipn1nw/formResponse?usp=pp_url&entry.1313582257=0095438030&entry.1578404635=Hadir | R34: https://quickchart.io/qr?size=250&text=https%3A%2F%2Fdocs.google.com%2Fforms%2Fd%2Fe%2F1FAIpQLSeZ-R1GrWlAPkfaThGqxeTj0QTtrARw4rroxIIepf2kipn1nw%2FformResponse%3Fusp%3Dpp_url%26entry.1313582257%3D0095438030%26entry.1578404635%3DHadir
A35: 36 | B35: 34 | C35: 0107914534 | D35: 252610452 | E35: Raden Gathan Azaki Soesilo | F35: L | G35: 33 | H35: =K35 -> X-1 | I35: =N35 -> 33 - BC X-1 | J35: =VLOOKUP(I35,'Database Grup SCC'!$B$2:$C1382,2,false) -> Rony | K35: X-1 | N35: 33 - BC X-1 | Q35: ="https://docs.google.com/forms/d/e/1FAIpQLSeZ-R1GrWlAPkfaThGqxeTj0QTtrARw4rroxIIepf2kipn1nw/formResponse?usp=pp_url&entry.1313582257="&C35&"&entry.1578404635=Hadir" -> https://docs.google.com/forms/d/e/1FAIpQLSeZ-R1GrWlAPkfaThGqxeTj0QTtrARw4rroxIIepf2kipn1nw/formResponse?usp=pp_url&entry.1313582257=0107914534&entry.1578404635=Hadir | R35: https://quickchart.io/qr?size=250&text=https%3A%2F%2Fdocs.google.com%2Fforms%2Fd%2Fe%2F1FAIpQLSeZ-R1GrWlAPkfaThGqxeTj0QTtrARw4rroxIIepf2kipn1nw%2FformResponse%3Fusp%3Dpp_url%26entry.1313582257%3D0107914534%26entry.1578404635%3DHadir
A36: 37 | B36: 35 | C36: 0097963483 | D36: 252610454 | E36: Raden Muhammad Rafi Wiranata | F36: L | G36: 33 | H36: =K36 -> X-1 | I36: =N36 -> 33 - BC X-1 | J36: =VLOOKUP(I36,'Database Grup SCC'!$B$2:$C1382,2,false) -> Rony | K36: X-1 | N36: 33 - BC X-1 | Q36: ="https://docs.google.com/forms/d/e/1FAIpQLSeZ-R1GrWlAPkfaThGqxeTj0QTtrARw4rroxIIepf2kipn1nw/formResponse?usp=pp_url&entry.1313582257="&C36&"&entry.1578404635=Hadir" -> https://docs.google.com/forms/d/e/1FAIpQLSeZ-R1GrWlAPkfaThGqxeTj0QTtrARw4rroxIIepf2kipn1nw/formResponse?usp=pp_url&entry.1313582257=0097963483&entry.1578404635=Hadir | R36: https://quickchart.io/qr?size=250&text=https%3A%2F%2Fdocs.google.com%2Fforms%2Fd%2Fe%2F1FAIpQLSeZ-R1GrWlAPkfaThGqxeTj0QTtrARw4rroxIIepf2kipn1nw%2FformResponse%3Fusp%3Dpp_url%26entry.1313582257%3D0097963483%26entry.1578404635%3DHadir
A37: 38 | B37: 36 | C37: 0092135851 | D37: 252610476 | E37: Rayhan Ashabi | F37: L | G37: 33 | H37: =K37 -> X-1 | I37: =N37 -> 33 - BC X-1 | J37: =VLOOKUP(I37,'Database Grup SCC'!$B$2:$C1382,2,false) -> Rony | K37: X-1 | N37: 33 - BC X-1 | Q37: ="https://docs.google.com/forms/d/e/1FAIpQLSeZ-R1GrWlAPkfaThGqxeTj0QTtrARw4rroxIIepf2kipn1nw/formResponse?usp=pp_url&entry.1313582257="&C37&"&entry.1578404635=Hadir" -> https://docs.google.com/forms/d/e/1FAIpQLSeZ-R1GrWlAPkfaThGqxeTj0QTtrARw4rroxIIepf2kipn1nw/formResponse?usp=pp_url&entry.1313582257=0092135851&entry.1578404635=Hadir | R37: https://quickchart.io/qr?size=250&text=https%3A%2F%2Fdocs.google.com%2Fforms%2Fd%2Fe%2F1FAIpQLSeZ-R1GrWlAPkfaThGqxeTj0QTtrARw4rroxIIepf2kipn1nw%2FformResponse%3Fusp%3Dpp_url%26entry.1313582257%3D0092135851%26entry.1578404635%3DHadir
A38: 39 | B38: 37 | C38: 0092605198 | D38: 252610477 | E38: Rayhana Rizkya Al-Multazam | F38: P | G38: 33 | H38: =K38 -> X-1 | I38: =N38 -> 33 - XSUMEN1 GC | J38: =VLOOKUP(I38,'Database Grup SCC'!$B$2:$C1382,2,false) -> Ayun | K38: X-1 | N38: 33 - XSUMEN1 GC | Q38: ="https://docs.google.com/forms/d/e/1FAIpQLSeZ-R1GrWlAPkfaThGqxeTj0QTtrARw4rroxIIepf2kipn1nw/formResponse?usp=pp_url&entry.1313582257="&C38&"&entry.1578404635=Hadir" -> https://docs.google.com/forms/d/e/1FAIpQLSeZ-R1GrWlAPkfaThGqxeTj0QTtrARw4rroxIIepf2kipn1nw/formResponse?usp=pp_url&entry.1313582257=0092605198&entry.1578404635=Hadir | R38: https://quickchart.io/qr?size=250&text=https%3A%2F%2Fdocs.google.com%2Fforms%2Fd%2Fe%2F1FAIpQLSeZ-R1GrWlAPkfaThGqxeTj0QTtrARw4rroxIIepf2kipn1nw%2FformResponse%3Fusp%3Dpp_url%26entry.1313582257%3D0092605198%26entry.1578404635%3DHadir
A39: 40 | B39: 38 | C39: 0103151970 | D39: 252610489 | E39: Riffa Nugraha | F39: P | G39: 33 | H39: =K39 -> X-1 | I39: =N39 -> 33 - GC2 X-1 | J39: =VLOOKUP(I39,'Database Grup SCC'!$B$2:$C1382,2,false) -> Oshe (XI) | K39: X-1 | N39: 33 - GC2 X-1 | Q39: ="https://docs.google.com/forms/d/e/1FAIpQLSeZ-R1GrWlAPkfaThGqxeTj0QTtrARw4rroxIIepf2kipn1nw/formResponse?usp=pp_url&entry.1313582257="&C39&"&entry.1578404635=Hadir" -> https://docs.google.com/forms/d/e/1FAIpQLSeZ-R1GrWlAPkfaThGqxeTj0QTtrARw4rroxIIepf2kipn1nw/formResponse?usp=pp_url&entry.1313582257=0103151970&entry.1578404635=Hadir | R39: https://quickchart.io/qr?size=250&text=https%3A%2F%2Fdocs.google.com%2Fforms%2Fd%2Fe%2F1FAIpQLSeZ-R1GrWlAPkfaThGqxeTj0QTtrARw4rroxIIepf2kipn1nw%2FformResponse%3Fusp%3Dpp_url%26entry.1313582257%3D0103151970%26entry.1578404635%3DHadir
A40: 41 | B40: 39 | C40: 0097644165 | D40: 252610508 | E40: Salsabila Zahwa Mulana | F40: P | G40: 33 | H40: =K40 -> X-1 | I40: =N40 -> 33 - GC2 X-1 | J40: =VLOOKUP(I40,'Database Grup SCC'!$B$2:$C1382,2,false) -> Oshe (XI) | K40: X-1 | N40: 33 - GC2 X-1 | Q40: ="https://docs.google.com/forms/d/e/1FAIpQLSeZ-R1GrWlAPkfaThGqxeTj0QTtrARw4rroxIIepf2kipn1nw/formResponse?usp=pp_url&entry.1313582257="&C40&"&entry.1578404635=Hadir" -> https://docs.google.com/forms/d/e/1FAIpQLSeZ-R1GrWlAPkfaThGqxeTj0QTtrARw4rroxIIepf2kipn1nw/formResponse?usp=pp_url&entry.1313582257=0097644165&entry.1578404635=Hadir | R40: https://quickchart.io/qr?size=250&text=https%3A%2F%2Fdocs.google.com%2Fforms%2Fd%2Fe%2F1FAIpQLSeZ-R1GrWlAPkfaThGqxeTj0QTtrARw4rroxIIepf2kipn1nw%2FformResponse%3Fusp%3Dpp_url%26entry.1313582257%3D0097644165%26entry.1578404635%3DHadir
A41: 42 | B41: 40 | C41: 0102657659 | D41: 252610513 | E41: Shabira Ayatul Husna | F41: P | G41: 33 | H41: =K41 -> X-1 | I41: =N41 -> 33 - GC2 X-1 | J41: =VLOOKUP(I41,'Database Grup SCC'!$B$2:$C1382,2,false) -> Oshe (XI) | K41: X-1 | N41: 33 - GC2 X-1 | Q41: ="https://docs.google.com/forms/d/e/1FAIpQLSeZ-R1GrWlAPkfaThGqxeTj0QTtrARw4rroxIIepf2kipn1nw/formResponse?usp=pp_url&entry.1313582257="&C41&"&entry.1578404635=Hadir" -> https://docs.google.com/forms/d/e/1FAIpQLSeZ-R1GrWlAPkfaThGqxeTj0QTtrARw4rroxIIepf2kipn1nw/formResponse?usp=pp_url&entry.1313582257=0102657659&entry.1578404635=Hadir | R41: https://quickchart.io/qr?size=250&text=https%3A%2F%2Fdocs.google.com%2Fforms%2Fd%2Fe%2F1FAIpQLSeZ-R1GrWlAPkfaThGqxeTj0QTtrARw4rroxIIepf2kipn1nw%2FformResponse%3Fusp%3Dpp_url%26entry.1313582257%3D0102657659%26entry.1578404635%3DHadir
A42: 43 | B42: 41 | C42: 0111428850 | D42: 252610564 | E42: Zavier Lamya Arkanominatha | F42: L | G42: 33 | H42: =K42 -> X-1 | I42: =N42 -> 33 - BC X-1 | J42: =VLOOKUP(I42,'Database Grup SCC'!$B$2:$C1382,2,false) -> Rony | K42: X-1 | N42: 33 - BC X-1 | Q42: ="https://docs.google.com/forms/d/e/1FAIpQLSeZ-R1GrWlAPkfaThGqxeTj0QTtrARw4rroxIIepf2kipn1nw/formResponse?usp=pp_url&entry.1313582257="&C42&"&entry.1578404635=Hadir" -> https://docs.google.com/forms/d/e/1FAIpQLSeZ-R1GrWlAPkfaThGqxeTj0QTtrARw4rroxIIepf2kipn1nw/formResponse?usp=pp_url&entry.1313582257=0111428850&entry.1578404635=Hadir | R42: https://quickchart.io/qr?size=250&text=https%3A%2F%2Fdocs.google.com%2Fforms%2Fd%2Fe%2F1FAIpQLSeZ-R1GrWlAPkfaThGqxeTj0QTtrARw4rroxIIepf2kipn1nw%2FformResponse%3Fusp%3Dpp_url%26entry.1313582257%3D0111428850%26entry.1578404635%3DHadir
A43: 44 | B43: 42 | C43: 0108505453 | D43: 252610566 | E43: Zhafirah Dwi Fauziah | F43: P | G43: 33 | H43: =K43 -> X-1 | I43: =N43 -> 33 - GC2 X-1 | J43: =VLOOKUP(I43,'Database Grup SCC'!$B$2:$C1382,2,false) -> Oshe (XI) | K43: X-1 | N43: 33 - GC2 X-1 | Q43: ="https://docs.google.com/forms/d/e/1FAIpQLSeZ-R1GrWlAPkfaThGqxeTj0QTtrARw4rroxIIepf2kipn1nw/formResponse?usp=pp_url&entry.1313582257="&C43&"&entry.1578404635=Hadir" -> https://docs.google.com/forms/d/e/1FAIpQLSeZ-R1GrWlAPkfaThGqxeTj0QTtrARw4rroxIIepf2kipn1nw/formResponse?usp=pp_url&entry.1313582257=0108505453&entry.1578404635=Hadir | R43: https://quickchart.io/qr?size=250&text=https%3A%2F%2Fdocs.google.com%2Fforms%2Fd%2Fe%2F1FAIpQLSeZ-R1GrWlAPkfaThGqxeTj0QTtrARw4rroxIIepf2kipn1nw%2FformResponse%3Fusp%3Dpp_url%26entry.1313582257%3D0108505453%26entry.1578404635%3DHadir
A44: 52 | B44: 1 | C44: 0094216870 | D44: 252610011 | E44: Adinda Syahira Hariyadi | F44: P | G44: 33 | H44: =K44 -> X-2 | I44: =N44 -> 33 - GC1 X-2 | J44: =VLOOKUP(I44,'Database Grup SCC'!$B$2:$C1382,2,false) -> Rania (XII) | K44: X-2 | N44: 33 - GC1 X-2 | Q44: ="https://docs.google.com/forms/d/e/1FAIpQLSeZ-R1GrWlAPkfaThGqxeTj0QTtrARw4rroxIIepf2kipn1nw/formResponse?usp=pp_url&entry.1313582257="&C44&"&entry.1578404635=Hadir" -> https://docs.google.com/forms/d/e/1FAIpQLSeZ-R1GrWlAPkfaThGqxeTj0QTtrARw4rroxIIepf2kipn1nw/formResponse?usp=pp_url&entry.1313582257=0094216870&entry.1578404635=Hadir | R44: https://quickchart.io/qr?size=250&text=https%3A%2F%2Fdocs.google.com%2Fforms%2Fd%2Fe%2F1FAIpQLSeZ-R1GrWlAPkfaThGqxeTj0QTtrARw4rroxIIepf2kipn1nw%2FformResponse%3Fusp%3Dpp_url%26entry.1313582257%3D0094216870%26entry.1578404635%3DHadir
A45: 53 | B45: 2 | C45: 0107760733 | D45: 252610023 | E45: Aira Aulia Putri | F45: P | G45: 33 | H45: =K45 -> X-2 | I45: =N45 -> 33 - XSUMEN2 GC | J45: =VLOOKUP(I45,'Database Grup SCC'!$B$2:$C1382,2,false) -> Iqlima | K45: X-2 | N45: 33 - XSUMEN2 GC | Q45: ="https://docs.google.com/forms/d/e/1FAIpQLSeZ-R1GrWlAPkfaThGqxeTj0QTtrARw4rroxIIepf2kipn1nw/formResponse?usp=pp_url&entry.1313582257="&C45&"&entry.1578404635=Hadir" -> https://docs.google.com/forms/d/e/1FAIpQLSeZ-R1GrWlAPkfaThGqxeTj0QTtrARw4rroxIIepf2kipn1nw/formResponse?usp=pp_url&entry.1313582257=0107760733&entry.1578404635=Hadir | R45: https://quickchart.io/qr?size=250&text=https%3A%2F%2Fdocs.google.com%2Fforms%2Fd%2Fe%2F1FAIpQLSeZ-R1GrWlAPkfaThGqxeTj0QTtrARw4rroxIIepf2kipn1nw%2FformResponse%3Fusp%3Dpp_url%26entry.1313582257%3D0107760733%26entry.1578404635%3DHadir
A46: 54 | B46: 3 | C46: 0105130233 | D46: 252610026 | E46: Aisha Faiha Dzakiyah | F46: P | G46: 33 | H46: =K46 -> X-2 | I46: =N46 -> 33 - GC1 X-2 | J46: =VLOOKUP(I46,'Database Grup SCC'!$B$2:$C1382,2,false) -> Rania (XII) | K46: X-2 | N46: 33 - GC1 X-2 | Q46: ="https://docs.google.com/forms/d/e/1FAIpQLSeZ-R1GrWlAPkfaThGqxeTj0QTtrARw4rroxIIepf2kipn1nw/formResponse?usp=pp_url&entry.1313582257="&C46&"&entry.1578404635=Hadir" -> https://docs.google.com/forms/d/e/1FAIpQLSeZ-R1GrWlAPkfaThGqxeTj0QTtrARw4rroxIIepf2kipn1nw/formResponse?usp=pp_url&entry.1313582257=0105130233&entry.1578404635=Hadir | R46: https://quickchart.io/qr?size=250&text=https%3A%2F%2Fdocs.google.com%2Fforms%2Fd%2Fe%2F1FAIpQLSeZ-R1GrWlAPkfaThGqxeTj0QTtrARw4rroxIIepf2kipn1nw%2FformResponse%3Fusp%3Dpp_url%26entry.1313582257%3D0105130233%26entry.1578404635%3DHadir
A47: 55 | B47: 4 | C47: 0104550133 | D47: 252610039 | E47: Alifa Safa Salsabila | F47: P | G47: 33 | H47: =K47 -> X-2 | I47: =N47 -> 33 - GC1 X-2 | J47: =VLOOKUP(I47,'Database Grup SCC'!$B$2:$C1382,2,false) -> Rania (XII) | K47: X-2 | N47: 33 - GC1 X-2 | Q47: ="https://docs.google.com/forms/d/e/1FAIpQLSeZ-R1GrWlAPkfaThGqxeTj0QTtrARw4rroxIIepf2kipn1nw/formResponse?usp=pp_url&entry.1313582257="&C47&"&entry.1578404635=Hadir" -> https://docs.google.com/forms/d/e/1FAIpQLSeZ-R1GrWlAPkfaThGqxeTj0QTtrARw4rroxIIepf2kipn1nw/formResponse?usp=pp_url&entry.1313582257=0104550133&entry.1578404635=Hadir | R47: https://quickchart.io/qr?size=250&text=https%3A%2F%2Fdocs.google.com%2Fforms%2Fd%2Fe%2F1FAIpQLSeZ-R1GrWlAPkfaThGqxeTj0QTtrARw4rroxIIepf2kipn1nw%2FformResponse%3Fusp%3Dpp_url%26entry.1313582257%3D0104550133%26entry.1578404635%3DHadir
A48: 56 | B48: 5 | C48: 0095372504 | D48: 252610050 | E48: Alviana Dwie Putery | F48: P | G48: 33 | H48: =K48 -> X-2 | I48: =N48 -> 33 - GC1 X-2 | J48: =VLOOKUP(I48,'Database Grup SCC'!$B$2:$C1382,2,false) -> Rania (XII) | K48: X-2 | N48: 33 - GC1 X-2 | Q48: ="https://docs.google.com/forms/d/e/1FAIpQLSeZ-R1GrWlAPkfaThGqxeTj0QTtrARw4rroxIIepf2kipn1nw/formResponse?usp=pp_url&entry.1313582257="&C48&"&entry.1578404635=Hadir" -> https://docs.google.com/forms/d/e/1FAIpQLSeZ-R1GrWlAPkfaThGqxeTj0QTtrARw4rroxIIepf2kipn1nw/formResponse?usp=pp_url&entry.1313582257=0095372504&entry.1578404635=Hadir | R48: https://quickchart.io/qr?size=250&text=https%3A%2F%2Fdocs.google.com%2Fforms%2Fd%2Fe%2F1FAIpQLSeZ-R1GrWlAPkfaThGqxeTj0QTtrARw4rroxIIepf2kipn1nw%2FformResponse%3Fusp%3Dpp_url%26entry.1313582257%3D0095372504%26entry.1578404635%3DHadir
A49: 57 | B49: 6 | C49: 0105813396 | D49: 252610052 | E49: Alyya Zahra Kusumadewi | F49: P | G49: 33 | H49: =K49 -> X-2 | I49: =N49 -> 33 - XSUMEN1 GC | J49: =VLOOKUP(I49,'Database Grup SCC'!$B$2:$C1382,2,false) -> Ayun | K49: X-2 | N49: 33 - XSUMEN1 GC | Q49: ="https://docs.google.com/forms/d/e/1FAIpQLSeZ-R1GrWlAPkfaThGqxeTj0QTtrARw4rroxIIepf2kipn1nw/formResponse?usp=pp_url&entry.1313582257="&C49&"&entry.1578404635=Hadir" -> https://docs.google.com/forms/d/e/1FAIpQLSeZ-R1GrWlAPkfaThGqxeTj0QTtrARw4rroxIIepf2kipn1nw/formResponse?usp=pp_url&entry.1313582257=0105813396&entry.1578404635=Hadir | R49: https://quickchart.io/qr?size=250&text=https%3A%2F%2Fdocs.google.com%2Fforms%2Fd%2Fe%2F1FAIpQLSeZ-R1GrWlAPkfaThGqxeTj0QTtrARw4rroxIIepf2kipn1nw%2FformResponse%3Fusp%3Dpp_url%26entry.1313582257%3D0105813396%26entry.1578404635%3DHadir
A50: 58 | B50: 7 | C50: 0109006152 | D50: 252610058 | E50: Ammar Raziq Mahdiya | F50: L | G50: 33 | H50: =K50 -> X-2 | I50: =N50 -> 33 - BC X-2 | J50: =VLOOKUP(I50,'Database Grup SCC'!$B$2:$C1382,2,false) -> Joko | K50: X-2 | N50: 33 - BC X-2 | Q50: ="https://docs.google.com/forms/d/e/1FAIpQLSeZ-R1GrWlAPkfaThGqxeTj0QTtrARw4rroxIIepf2kipn1nw/formResponse?usp=pp_url&entry.1313582257="&C50&"&entry.1578404635=Hadir" -> https://docs.google.com/forms/d/e/1FAIpQLSeZ-R1GrWlAPkfaThGqxeTj0QTtrARw4rroxIIepf2kipn1nw/formResponse?usp=pp_url&entry.1313582257=0109006152&entry.1578404635=Hadir | R50: https://quickchart.io/qr?size=250&text=https%3A%2F%2Fdocs.google.com%2Fforms%2Fd%2Fe%2F1FAIpQLSeZ-R1GrWlAPkfaThGqxeTj0QTtrARw4rroxIIepf2kipn1nw%2FformResponse%3Fusp%3Dpp_url%26entry.1313582257%3D0109006152%26entry.1578404635%3DHadir
A51: 59 | B51: 8 | C51: 0097211030 | D51: 252610062 | E51: Andini Qoriyati Khaerani | F51: P | G51: 33 | H51: =K51 -> X-2 | I51: =N51 -> 33 - GC1 X-2 | J51: =VLOOKUP(I51,'Database Grup SCC'!$B$2:$C1382,2,false) -> Rania (XII) | K51: X-2 | N51: 33 - GC1 X-2 | Q51: ="https://docs.google.com/forms/d/e/1FAIpQLSeZ-R1GrWlAPkfaThGqxeTj0QTtrARw4rroxIIepf2kipn1nw/formResponse?usp=pp_url&entry.1313582257="&C51&"&entry.1578404635=Hadir" -> https://docs.google.com/forms/d/e/1FAIpQLSeZ-R1GrWlAPkfaThGqxeTj0QTtrARw4rroxIIepf2kipn1nw/formResponse?usp=pp_url&entry.1313582257=0097211030&entry.1578404635=Hadir | R51: https://quickchart.io/qr?size=250&text=https%3A%2F%2Fdocs.google.com%2Fforms%2Fd%2Fe%2F1FAIpQLSeZ-R1GrWlAPkfaThGqxeTj0QTtrARw4rroxIIepf2kipn1nw%2FformResponse%3Fusp%3Dpp_url%26entry.1313582257%3D0097211030%26entry.1578404635%3DHadir
A52: 60 | B52: 9 | C52: 3108667209 | D52: 252610070 | E52: Aqeela Az Zahra | F52: P | G52: 33 | H52: =K52 -> X-2 | I52: =N52 -> 33 - GC1 X-2 | J52: =VLOOKUP(I52,'Database Grup SCC'!$B$2:$C1382,2,false) -> Rania (XII) | K52: X-2 | N52: 33 - GC1 X-2 | Q52: ="https://docs.google.com/forms/d/e/1FAIpQLSeZ-R1GrWlAPkfaThGqxeTj0QTtrARw4rroxIIepf2kipn1nw/formResponse?usp=pp_url&entry.1313582257="&C52&"&entry.1578404635=Hadir" -> https://docs.google.com/forms/d/e/1FAIpQLSeZ-R1GrWlAPkfaThGqxeTj0QTtrARw4rroxIIepf2kipn1nw/formResponse?usp=pp_url&entry.1313582257=3108667209&entry.1578404635=Hadir | R52: https://quickchart.io/qr?size=250&text=https%3A%2F%2Fdocs.google.com%2Fforms%2Fd%2Fe%2F1FAIpQLSeZ-R1GrWlAPkfaThGqxeTj0QTtrARw4rroxIIepf2kipn1nw%2FformResponse%3Fusp%3Dpp_url%26entry.1313582257%3D3108667209%26entry.1578404635%3DHadir
A53: 61 | B53: 10 | C53: 0098513542 | D53: 252610084 | E53: Ashiila Rindu Dwi Laufli | F53: P | G53: 33 | H53: =K53 -> X-2 | I53: =N53 -> 33 - GC1 X-2 | J53: =VLOOKUP(I53,'Database Grup SCC'!$B$2:$C1382,2,false) -> Rania (XII) | K53: X-2 | N53: 33 - GC1 X-2 | Q53: ="https://docs.google.com/forms/d/e/1FAIpQLSeZ-R1GrWlAPkfaThGqxeTj0QTtrARw4rroxIIepf2kipn1nw/formResponse?usp=pp_url&entry.1313582257="&C53&"&entry.1578404635=Hadir" -> https://docs.google.com/forms/d/e/1FAIpQLSeZ-R1GrWlAPkfaThGqxeTj0QTtrARw4rroxIIepf2kipn1nw/formResponse?usp=pp_url&entry.1313582257=0098513542&entry.1578404635=Hadir | R53: https://quickchart.io/qr?size=250&text=https%3A%2F%2Fdocs.google.com%2Fforms%2Fd%2Fe%2F1FAIpQLSeZ-R1GrWlAPkfaThGqxeTj0QTtrARw4rroxIIepf2kipn1nw%2FformResponse%3Fusp%3Dpp_url%26entry.1313582257%3D0098513542%26entry.1578404635%3DHadir
A54: 62 | B54: 11 | C54: 0106376916 | D54: 252610090 | E54: Atharrayhan Abimanyu Pratama | F54: P | G54: 33 | H54: =K54 -> X-2 | I54: =N54 -> 33 - GC1 X-2 | J54: =VLOOKUP(I54,'Database Grup SCC'!$B$2:$C1382,2,false) -> Rania (XII) | K54: X-2 | N54: 33 - GC1 X-2 | Q54: ="https://docs.google.com/forms/d/e/1FAIpQLSeZ-R1GrWlAPkfaThGqxeTj0QTtrARw4rroxIIepf2kipn1nw/formResponse?usp=pp_url&entry.1313582257="&C54&"&entry.1578404635=Hadir" -> https://docs.google.com/forms/d/e/1FAIpQLSeZ-R1GrWlAPkfaThGqxeTj0QTtrARw4rroxIIepf2kipn1nw/formResponse?usp=pp_url&entry.1313582257=0106376916&entry.1578404635=Hadir | R54: https://quickchart.io/qr?size=250&text=https%3A%2F%2Fdocs.google.com%2Fforms%2Fd%2Fe%2F1FAIpQLSeZ-R1GrWlAPkfaThGqxeTj0QTtrARw4rroxIIepf2kipn1nw%2FformResponse%3Fusp%3Dpp_url%26entry.1313582257%3D0106376916%26entry.1578404635%3DHadir
A55: 63 | B55: 12 | C55: 0105797314 | D55: 252610102 | E55: Aurelly Diana Zulkarnaen | F55: P | G55: 33 | H55: =K55 -> X-2 | I55: =N55 -> 33 - GC1 X-2 | J55: =VLOOKUP(I55,'Database Grup SCC'!$B$2:$C1382,2,false) -> Rania (XII) | K55: X-2 | N55: 33 - GC1 X-2 | Q55: ="https://docs.google.com/forms/d/e/1FAIpQLSeZ-R1GrWlAPkfaThGqxeTj0QTtrARw4rroxIIepf2kipn1nw/formResponse?usp=pp_url&entry.1313582257="&C55&"&entry.1578404635=Hadir" -> https://docs.google.com/forms/d/e/1FAIpQLSeZ-R1GrWlAPkfaThGqxeTj0QTtrARw4rroxIIepf2kipn1nw/formResponse?usp=pp_url&entry.1313582257=0105797314&entry.1578404635=Hadir | R55: https://quickchart.io/qr?size=250&text=https%3A%2F%2Fdocs.google.com%2Fforms%2Fd%2Fe%2F1FAIpQLSeZ-R1GrWlAPkfaThGqxeTj0QTtrARw4rroxIIepf2kipn1nw%2FformResponse%3Fusp%3Dpp_url%26entry.1313582257%3D0105797314%26entry.1578404635%3DHadir
A56: 64 | B56: 13 | C56: 0102731314 | D56: 252610124 | E56: Bima Adyatma Ilmiawan | F56: L | G56: 33 | H56: =K56 -> X-2 | I56: =N56 -> 33 - BC X-2 | J56: =VLOOKUP(I56,'Database Grup SCC'!$B$2:$C1382,2,false) -> Joko | K56: X-2 | N56: 33 - BC X-2 | Q56: ="https://docs.google.com/forms/d/e/1FAIpQLSeZ-R1GrWlAPkfaThGqxeTj0QTtrARw4rroxIIepf2kipn1nw/formResponse?usp=pp_url&entry.1313582257="&C56&"&entry.1578404635=Hadir" -> https://docs.google.com/forms/d/e/1FAIpQLSeZ-R1GrWlAPkfaThGqxeTj0QTtrARw4rroxIIepf2kipn1nw/formResponse?usp=pp_url&entry.1313582257=0102731314&entry.1578404635=Hadir | R56: https://quickchart.io/qr?size=250&text=https%3A%2F%2Fdocs.google.com%2Fforms%2Fd%2Fe%2F1FAIpQLSeZ-R1GrWlAPkfaThGqxeTj0QTtrARw4rroxIIepf2kipn1nw%2FformResponse%3Fusp%3Dpp_url%26entry.1313582257%3D0102731314%26entry.1578404635%3DHadir
A57: 65 | B57: 14 | C57: 0092794157 | D57: 252610139 | E57: Cinta Cludia Putri | F57: P | G57: 33 | H57: =K57 -> X-2 | I57: =N57 -> 33 - GC1 X-2 | J57: =VLOOKUP(I57,'Database Grup SCC'!$B$2:$C1382,2,false) -> Rania (XII) | K57: X-2 | N57: 33 - GC1 X-2 | Q57: ="https://docs.google.com/forms/d/e/1FAIpQLSeZ-R1GrWlAPkfaThGqxeTj0QTtrARw4rroxIIepf2kipn1nw/formResponse?usp=pp_url&entry.1313582257="&C57&"&entry.1578404635=Hadir" -> https://docs.google.com/forms/d/e/1FAIpQLSeZ-R1GrWlAPkfaThGqxeTj0QTtrARw4rroxIIepf2kipn1nw/formResponse?usp=pp_url&entry.1313582257=0092794157&entry.1578404635=Hadir | R57: https://quickchart.io/qr?size=250&text=https%3A%2F%2Fdocs.google.com%2Fforms%2Fd%2Fe%2F1FAIpQLSeZ-R1GrWlAPkfaThGqxeTj0QTtrARw4rroxIIepf2kipn1nw%2FformResponse%3Fusp%3Dpp_url%26entry.1313582257%3D0092794157%26entry.1578404635%3DHadir
A58: 66 | B58: 15 | C58: 0106384221 | D58: 252610145 | E58: Dafsyah Arifa Putra | F58: L | G58: 33 | H58: =K58 -> X-2 | I58: =N58 -> 33 - BC X-2 | J58: =VLOOKUP(I58,'Database Grup SCC'!$B$2:$C1382,2,false) -> Joko | K58: X-2 | N58: 33 - BC X-2 | Q58: ="https://docs.google.com/forms/d/e/1FAIpQLSeZ-R1GrWlAPkfaThGqxeTj0QTtrARw4rroxIIepf2kipn1nw/formResponse?usp=pp_url&entry.1313582257="&C58&"&entry.1578404635=Hadir" -> https://docs.google.com/forms/d/e/1FAIpQLSeZ-R1GrWlAPkfaThGqxeTj0QTtrARw4rroxIIepf2kipn1nw/formResponse?usp=pp_url&entry.1313582257=0106384221&entry.1578404635=Hadir | R58: https://quickchart.io/qr?size=250&text=https%3A%2F%2Fdocs.google.com%2Fforms%2Fd%2Fe%2F1FAIpQLSeZ-R1GrWlAPkfaThGqxeTj0QTtrARw4rroxIIepf2kipn1nw%2FformResponse%3Fusp%3Dpp_url%26entry.1313582257%3D0106384221%26entry.1578404635%3DHadir
A59: 67 | B59: 16 | C59: 3104617391 | D59: 252610153 | E59: Denisa Azka Putri | F59: P | G59: 33 | H59: =K59 -> X-2 | I59: =N59 -> 33 - GC1 X-2 | J59: =VLOOKUP(I59,'Database Grup SCC'!$B$2:$C1382,2,false) -> Rania (XII) | K59: X-2 | N59: 33 - GC1 X-2 | Q59: ="https://docs.google.com/forms/d/e/1FAIpQLSeZ-R1GrWlAPkfaThGqxeTj0QTtrARw4rroxIIepf2kipn1nw/formResponse?usp=pp_url&entry.1313582257="&C59&"&entry.1578404635=Hadir" -> https://docs.google.com/forms/d/e/1FAIpQLSeZ-R1GrWlAPkfaThGqxeTj0QTtrARw4rroxIIepf2kipn1nw/formResponse?usp=pp_url&entry.1313582257=3104617391&entry.1578404635=Hadir | R59: https://quickchart.io/qr?size=250&text=https%3A%2F%2Fdocs.google.com%2Fforms%2Fd%2Fe%2F1FAIpQLSeZ-R1GrWlAPkfaThGqxeTj0QTtrARw4rroxIIepf2kipn1nw%2FformResponse%3Fusp%3Dpp_url%26entry.1313582257%3D3104617391%26entry.1578404635%3DHadir
A60: 68 | B60: 17 | C60: 0098157268 | D60: 252610154 | E60: Devani Keyla Noris | F60: P | G60: 33 | H60: =K60 -> X-2 | I60: =N60 -> 33 - GC1 X-2 | J60: =VLOOKUP(I60,'Database Grup SCC'!$B$2:$C1382,2,false) -> Rania (XII) | K60: X-2 | N60: 33 - GC1 X-2 | Q60: ="https://docs.google.com/forms/d/e/1FAIpQLSeZ-R1GrWlAPkfaThGqxeTj0QTtrARw4rroxIIepf2kipn1nw/formResponse?usp=pp_url&entry.1313582257="&C60&"&entry.1578404635=Hadir" -> https://docs.google.com/forms/d/e/1FAIpQLSeZ-R1GrWlAPkfaThGqxeTj0QTtrARw4rroxIIepf2kipn1nw/formResponse?usp=pp_url&entry.1313582257=0098157268&entry.1578404635=Hadir | R60: https://quickchart.io/qr?size=250&text=https%3A%2F%2Fdocs.google.com%2Fforms%2Fd%2Fe%2F1FAIpQLSeZ-R1GrWlAPkfaThGqxeTj0QTtrARw4rroxIIepf2kipn1nw%2FformResponse%3Fusp%3Dpp_url%26entry.1313582257%3D0098157268%26entry.1578404635%3DHadir
A61: 69 | B61: 18 | C61: 0099675945 | D61: 252610164 | E61: Dimas Putra Pribadi | F61: L | G61: 33 | H61: =K61 -> X-2 | I61: =N61 -> 33 - BC X-2 | J61: =VLOOKUP(I61,'Database Grup SCC'!$B$2:$C1382,2,false) -> Joko | K61: X-2 | N61: 33 - BC X-2 | Q61: ="https://docs.google.com/forms/d/e/1FAIpQLSeZ-R1GrWlAPkfaThGqxeTj0QTtrARw4rroxIIepf2kipn1nw/formResponse?usp=pp_url&entry.1313582257="&C61&"&entry.1578404635=Hadir" -> https://docs.google.com/forms/d/e/1FAIpQLSeZ-R1GrWlAPkfaThGqxeTj0QTtrARw4rroxIIepf2kipn1nw/formResponse?usp=pp_url&entry.1313582257=0099675945&entry.1578404635=Hadir | R61: https://quickchart.io/qr?size=250&text=https%3A%2F%2Fdocs.google.com%2Fforms%2Fd%2Fe%2F1FAIpQLSeZ-R1GrWlAPkfaThGqxeTj0QTtrARw4rroxIIepf2kipn1nw%2FformResponse%3Fusp%3Dpp_url%26entry.1313582257%3D0099675945%26entry.1578404635%3DHadir
A62: 70 | B62: 19 | C62: 0104532267 | D62: 252610180 | E62: Elvio Dyahyu Yusanto | F62: L | G62: 33 | H62: =K62 -> X-2 | I62: =N62 -> 33 - BC X-2 | J62: =VLOOKUP(I62,'Database Grup SCC'!$B$2:$C1382,2,false) -> Joko | K62: X-2 | N62: 33 - BC X-2 | Q62: ="https://docs.google.com/forms/d/e/1FAIpQLSeZ-R1GrWlAPkfaThGqxeTj0QTtrARw4rroxIIepf2kipn1nw/formResponse?usp=pp_url&entry.1313582257="&C62&"&entry.1578404635=Hadir" -> https://docs.google.com/forms/d/e/1FAIpQLSeZ-R1GrWlAPkfaThGqxeTj0QTtrARw4rroxIIepf2kipn1nw/formResponse?usp=pp_url&entry.1313582257=0104532267&entry.1578404635=Hadir | R62: https://quickchart.io/qr?size=250&text=https%3A%2F%2Fdocs.google.com%2Fforms%2Fd%2Fe%2F1FAIpQLSeZ-R1GrWlAPkfaThGqxeTj0QTtrARw4rroxIIepf2kipn1nw%2FformResponse%3Fusp%3Dpp_url%26entry.1313582257%3D0104532267%26entry.1578404635%3DHadir
A63: 71 | B63: 20 | C63: 0097593921 | D63: 252610181 | E63: Enisye Putri Zeliawati Limpong | F63: P | G63: 33 | H63: =K63 -> X-2 | I63: =N63 -> 33 - GC2 X-2 | J63: =VLOOKUP(I63,'Database Grup SCC'!$B$2:$C1382,2,false) -> Nadine (XI) | K63: X-2 | N63: 33 - GC2 X-2 | Q63: ="https://docs.google.com/forms/d/e/1FAIpQLSeZ-R1GrWlAPkfaThGqxeTj0QTtrARw4rroxIIepf2kipn1nw/formResponse?usp=pp_url&entry.1313582257="&C63&"&entry.1578404635=Hadir" -> https://docs.google.com/forms/d/e/1FAIpQLSeZ-R1GrWlAPkfaThGqxeTj0QTtrARw4rroxIIepf2kipn1nw/formResponse?usp=pp_url&entry.1313582257=0097593921&entry.1578404635=Hadir | R63: https://quickchart.io/qr?size=250&text=https%3A%2F%2Fdocs.google.com%2Fforms%2Fd%2Fe%2F1FAIpQLSeZ-R1GrWlAPkfaThGqxeTj0QTtrARw4rroxIIepf2kipn1nw%2FformResponse%3Fusp%3Dpp_url%26entry.1313582257%3D0097593921%26entry.1578404635%3DHadir
A64: 72 | B64: 21 | C64: 0106157075 | D64: 252610185 | E64: Fabian Ahza Hidayat | F64: L | G64: 33 | H64: =K64 -> X-2 | I64: =N64 -> 33 - BC X-2 | J64: =VLOOKUP(I64,'Database Grup SCC'!$B$2:$C1382,2,false) -> Joko | K64: X-2 | N64: 33 - BC X-2 | Q64: ="https://docs.google.com/forms/d/e/1FAIpQLSeZ-R1GrWlAPkfaThGqxeTj0QTtrARw4rroxIIepf2kipn1nw/formResponse?usp=pp_url&entry.1313582257="&C64&"&entry.1578404635=Hadir" -> https://docs.google.com/forms/d/e/1FAIpQLSeZ-R1GrWlAPkfaThGqxeTj0QTtrARw4rroxIIepf2kipn1nw/formResponse?usp=pp_url&entry.1313582257=0106157075&entry.1578404635=Hadir | R64: https://quickchart.io/qr?size=250&text=https%3A%2F%2Fdocs.google.com%2Fforms%2Fd%2Fe%2F1FAIpQLSeZ-R1GrWlAPkfaThGqxeTj0QTtrARw4rroxIIepf2kipn1nw%2FformResponse%3Fusp%3Dpp_url%26entry.1313582257%3D0106157075%26entry.1578404635%3DHadir
A65: 73 | B65: 22 | C65: 0104141415 | D65: 252610186 | E65: Fadhilah Raisa Kamilati | F65: L | G65: 33 | H65: =K65 -> X-2 | I65: =N65 -> 33 - BC X-2 | J65: =VLOOKUP(I65,'Database Grup SCC'!$B$2:$C1382,2,false) -> Joko | K65: X-2 | N65: 33 - BC X-2 | Q65: ="https://docs.google.com/forms/d/e/1FAIpQLSeZ-R1GrWlAPkfaThGqxeTj0QTtrARw4rroxIIepf2kipn1nw/formResponse?usp=pp_url&entry.1313582257="&C65&"&entry.1578404635=Hadir" -> https://docs.google.com/forms/d/e/1FAIpQLSeZ-R1GrWlAPkfaThGqxeTj0QTtrARw4rroxIIepf2kipn1nw/formResponse?usp=pp_url&entry.1313582257=0104141415&entry.1578404635=Hadir | R65: https://quickchart.io/qr?size=250&text=https%3A%2F%2Fdocs.google.com%2Fforms%2Fd%2Fe%2F1FAIpQLSeZ-R1GrWlAPkfaThGqxeTj0QTtrARw4rroxIIepf2kipn1nw%2FformResponse%3Fusp%3Dpp_url%26entry.1313582257%3D0104141415%26entry.1578404635%3DHadir
A66: 74 | B66: 23 | C66: 0105606050 | D66: 252610238 | E66: Jasmine Makayla Putri Arvani | F66: P | G66: 33 | H66: =K66 -> X-2 | I66: =N66 -> 33 - GC2 X-2 | J66: =VLOOKUP(I66,'Database Grup SCC'!$B$2:$C1382,2,false) -> Nadine (XI) | K66: X-2 | N66: 33 - GC2 X-2 | Q66: ="https://docs.google.com/forms/d/e/1FAIpQLSeZ-R1GrWlAPkfaThGqxeTj0QTtrARw4rroxIIepf2kipn1nw/formResponse?usp=pp_url&entry.1313582257="&C66&"&entry.1578404635=Hadir" -> https://docs.google.com/forms/d/e/1FAIpQLSeZ-R1GrWlAPkfaThGqxeTj0QTtrARw4rroxIIepf2kipn1nw/formResponse?usp=pp_url&entry.1313582257=0105606050&entry.1578404635=Hadir | R66: https://quickchart.io/qr?size=250&text=https%3A%2F%2Fdocs.google.com%2Fforms%2Fd%2Fe%2F1FAIpQLSeZ-R1GrWlAPkfaThGqxeTj0QTtrARw4rroxIIepf2kipn1nw%2FformResponse%3Fusp%3Dpp_url%26entry.1313582257%3D0105606050%26entry.1578404635%3DHadir
A67: 75 | B67: 24 | C67: 0094564578 | D67: 252610277 | E67: Khalid Ahmad Ghazali | F67: L | G67: 33 | H67: =K67 -> X-2 | I67: =N67 -> 33 - BC X-2 | J67: =VLOOKUP(I67,'Database Grup SCC'!$B$2:$C1382,2,false) -> Joko | K67: X-2 | N67: 33 - BC X-2 | Q67: ="https://docs.google.com/forms/d/e/1FAIpQLSeZ-R1GrWlAPkfaThGqxeTj0QTtrARw4rroxIIepf2kipn1nw/formResponse?usp=pp_url&entry.1313582257="&C67&"&entry.1578404635=Hadir" -> https://docs.google.com/forms/d/e/1FAIpQLSeZ-R1GrWlAPkfaThGqxeTj0QTtrARw4rroxIIepf2kipn1nw/formResponse?usp=pp_url&entry.1313582257=0094564578&entry.1578404635=Hadir | R67: https://quickchart.io/qr?size=250&text=https%3A%2F%2Fdocs.google.com%2Fforms%2Fd%2Fe%2F1FAIpQLSeZ-R1GrWlAPkfaThGqxeTj0QTtrARw4rroxIIepf2kipn1nw%2FformResponse%3Fusp%3Dpp_url%26entry.1313582257%3D0094564578%26entry.1578404635%3DHadir
A68: 76 | B68: 25 | C68: 0103261879 | D68: 252610280 | E68: Khansa Aulia Damtsa Hylmi | F68: P | G68: 33 | H68: =K68 -> X-2 | I68: =N68 -> 33 - GC2 X-2 | J68: =VLOOKUP(I68,'Database Grup SCC'!$B$2:$C1382,2,false) -> Nadine (XI) | K68: X-2 | N68: 33 - GC2 X-2 | Q68: ="https://docs.google.com/forms/d/e/1FAIpQLSeZ-R1GrWlAPkfaThGqxeTj0QTtrARw4rroxIIepf2kipn1nw/formResponse?usp=pp_url&entry.1313582257="&C68&"&entry.1578404635=Hadir" -> https://docs.google.com/forms/d/e/1FAIpQLSeZ-R1GrWlAPkfaThGqxeTj0QTtrARw4rroxIIepf2kipn1nw/formResponse?usp=pp_url&entry.1313582257=0103261879&entry.1578404635=Hadir | R68: https://quickchart.io/qr?size=250&text=https%3A%2F%2Fdocs.google.com%2Fforms%2Fd%2Fe%2F1FAIpQLSeZ-R1GrWlAPkfaThGqxeTj0QTtrARw4rroxIIepf2kipn1nw%2FformResponse%3Fusp%3Dpp_url%26entry.1313582257%3D0103261879%26entry.1578404635%3DHadir
A69: 77 | B69: 26 | C69: 0092576905 | D69: 252610302 | E69: Mardiansyah Isman | F69: L | G69: 33 | H69: =K69 -> X-2 | I69: =N69 -> 33 - BC X-2 | J69: =VLOOKUP(I69,'Database Grup SCC'!$B$2:$C1382,2,false) -> Joko | K69: X-2 | N69: 33 - BC X-2 | Q69: ="https://docs.google.com/forms/d/e/1FAIpQLSeZ-R1GrWlAPkfaThGqxeTj0QTtrARw4rroxIIepf2kipn1nw/formResponse?usp=pp_url&entry.1313582257="&C69&"&entry.1578404635=Hadir" -> https://docs.google.com/forms/d/e/1FAIpQLSeZ-R1GrWlAPkfaThGqxeTj0QTtrARw4rroxIIepf2kipn1nw/formResponse?usp=pp_url&entry.1313582257=0092576905&entry.1578404635=Hadir | R69: https://quickchart.io/qr?size=250&text=https%3A%2F%2Fdocs.google.com%2Fforms%2Fd%2Fe%2F1FAIpQLSeZ-R1GrWlAPkfaThGqxeTj0QTtrARw4rroxIIepf2kipn1nw%2FformResponse%3Fusp%3Dpp_url%26entry.1313582257%3D0092576905%26entry.1578404635%3DHadir
A70: 78 | B70: 27 | C70: 0099605205 | D70: 252610319 | E70: Mohammad Haikal | F70: L | G70: 33 | H70: =K70 -> X-2 | I70: =N70 -> 33 - BC X-2 | J70: =VLOOKUP(I70,'Database Grup SCC'!$B$2:$C1382,2,false) -> Joko | K70: X-2 | N70: 33 - BC X-2 | Q70: ="https://docs.google.com/forms/d/e/1FAIpQLSeZ-R1GrWlAPkfaThGqxeTj0QTtrARw4rroxIIepf2kipn1nw/formResponse?usp=pp_url&entry.1313582257="&C70&"&entry.1578404635=Hadir" -> https://docs.google.com/forms/d/e/1FAIpQLSeZ-R1GrWlAPkfaThGqxeTj0QTtrARw4rroxIIepf2kipn1nw/formResponse?usp=pp_url&entry.1313582257=0099605205&entry.1578404635=Hadir | R70: https://quickchart.io/qr?size=250&text=https%3A%2F%2Fdocs.google.com%2Fforms%2Fd%2Fe%2F1FAIpQLSeZ-R1GrWlAPkfaThGqxeTj0QTtrARw4rroxIIepf2kipn1nw%2FformResponse%3Fusp%3Dpp_url%26entry.1313582257%3D0099605205%26entry.1578404635%3DHadir
A71: 79 | B71: 28 | C71: 0108384400 | D71: 252610320 | E71: Mohammad Irshad Faizanshah | F71: L | G71: 33 | H71: =K71 -> X-2 | I71: =N71 -> 33 - XSUMEN BC | J71: =VLOOKUP(I71,'Database Grup SCC'!$B$2:$C1382,2,false) -> Rekhsa | K71: X-2 | N71: 33 - XSUMEN BC | Q71: ="https://docs.google.com/forms/d/e/1FAIpQLSeZ-R1GrWlAPkfaThGqxeTj0QTtrARw4rroxIIepf2kipn1nw/formResponse?usp=pp_url&entry.1313582257="&C71&"&entry.1578404635=Hadir" -> https://docs.google.com/forms/d/e/1FAIpQLSeZ-R1GrWlAPkfaThGqxeTj0QTtrARw4rroxIIepf2kipn1nw/formResponse?usp=pp_url&entry.1313582257=0108384400&entry.1578404635=Hadir | R71: https://quickchart.io/qr?size=250&text=https%3A%2F%2Fdocs.google.com%2Fforms%2Fd%2Fe%2F1FAIpQLSeZ-R1GrWlAPkfaThGqxeTj0QTtrARw4rroxIIepf2kipn1nw%2FformResponse%3Fusp%3Dpp_url%26entry.1313582257%3D0108384400%26entry.1578404635%3DHadir
A72: 80 | B72: 29 | C72: 0098087445 | D72: 252610332 | E72: Muhamad Thoriq Al Rasyad | F72: L | G72: 33 | H72: =K72 -> X-2 | I72: =N72 -> 33 - BC X-2 | J72: =VLOOKUP(I72,'Database Grup SCC'!$B$2:$C1382,2,false) -> Joko | K72: X-2 | N72: 33 - BC X-2 | Q72: ="https://docs.google.com/forms/d/e/1FAIpQLSeZ-R1GrWlAPkfaThGqxeTj0QTtrARw4rroxIIepf2kipn1nw/formResponse?usp=pp_url&entry.1313582257="&C72&"&entry.1578404635=Hadir" -> https://docs.google.com/forms/d/e/1FAIpQLSeZ-R1GrWlAPkfaThGqxeTj0QTtrARw4rroxIIepf2kipn1nw/formResponse?usp=pp_url&entry.1313582257=0098087445&entry.1578404635=Hadir | R72: https://quickchart.io/qr?size=250&text=https%3A%2F%2Fdocs.google.com%2Fforms%2Fd%2Fe%2F1FAIpQLSeZ-R1GrWlAPkfaThGqxeTj0QTtrARw4rroxIIepf2kipn1nw%2FformResponse%3Fusp%3Dpp_url%26entry.1313582257%3D0098087445%26entry.1578404635%3DHadir
A73: 81 | B73: 30 | C73: 0108518402 | D73: 252610336 | E73: Muhammad Akmaluddin | F73: L | G73: 33 | H73: =K73 -> X-2 | I73: =N73 -> 33 - BC X-2 | J73: =VLOOKUP(I73,'Database Grup SCC'!$B$2:$C1382,2,false) -> Joko | K73: X-2 | N73: 33 - BC X-2 | Q73: ="https://docs.google.com/forms/d/e/1FAIpQLSeZ-R1GrWlAPkfaThGqxeTj0QTtrARw4rroxIIepf2kipn1nw/formResponse?usp=pp_url&entry.1313582257="&C73&"&entry.1578404635=Hadir" -> https://docs.google.com/forms/d/e/1FAIpQLSeZ-R1GrWlAPkfaThGqxeTj0QTtrARw4rroxIIepf2kipn1nw/formResponse?usp=pp_url&entry.1313582257=0108518402&entry.1578404635=Hadir | R73: https://quickchart.io/qr?size=250&text=https%3A%2F%2Fdocs.google.com%2Fforms%2Fd%2Fe%2F1FAIpQLSeZ-R1GrWlAPkfaThGqxeTj0QTtrARw4rroxIIepf2kipn1nw%2FformResponse%3Fusp%3Dpp_url%26entry.1313582257%3D0108518402%26entry.1578404635%3DHadir
A74: 82 | B74: 31 | C74: 0098345742 | D74: 252610338 | E74: Muhammad Ariza Rizkya Irvan | F74: L | G74: 33 | H74: =K74 -> X-2 | I74: =N74 -> 33 - XSUMEN BC | J74: =VLOOKUP(I74,'Database Grup SCC'!$B$2:$C1382,2,false) -> Rekhsa | K74: X-2 | N74: 33 - XSUMEN BC | Q74: ="https://docs.google.com/forms/d/e/1FAIpQLSeZ-R1GrWlAPkfaThGqxeTj0QTtrARw4rroxIIepf2kipn1nw/formResponse?usp=pp_url&entry.1313582257="&C74&"&entry.1578404635=Hadir" -> https://docs.google.com/forms/d/e/1FAIpQLSeZ-R1GrWlAPkfaThGqxeTj0QTtrARw4rroxIIepf2kipn1nw/formResponse?usp=pp_url&entry.1313582257=0098345742&entry.1578404635=Hadir | R74: https://quickchart.io/qr?size=250&text=https%3A%2F%2Fdocs.google.com%2Fforms%2Fd%2Fe%2F1FAIpQLSeZ-R1GrWlAPkfaThGqxeTj0QTtrARw4rroxIIepf2kipn1nw%2FformResponse%3Fusp%3Dpp_url%26entry.1313582257%3D0098345742%26entry.1578404635%3DHadir
