Workbook

Sheet X 2
A1: PEMERINTAH DAERAH PROVINSI JAWA BARAT DINAS PENDIDIKAN SMA NEGERI 2 CIBINONG Jln. Karadenan No. 5 Cibinong Telp/Fax. ( 0251 ) 8654347 Bogor 16913 http://www.sman2cibinong.sch.id email: info@sman2cibinong.sch.id
A3: DAFTAR CAPAIAN PEMBELAJARAN SEMESTER 1
A4: TAHUN PELAJARAN 2025 - 2026
A6: Mata Pelajaran | C6: :
A7: Kelas | C7: : X-2
A8: Pengajar | C8: :
A10: NO | B10: NISN / NIS | C10: NAMA PESERTA DIDIK | D10: ASESMEN / PENILAIAN
S11: Rata - Rata | V11: PAS | W11: RT | X11: NR | Y11: Skp | Z11: Hdr | AA11: Rapor
D12: 1 | E12: 2 | F12: 3 | G12: 4 | H12: 5 | I12: 1 | J12: 2 | K12: 3 | L12: 4 | M12: 5 | N12: 1 | O12: 2 | P12: 3 | Q12: 4 | R12: 5 | S12: CP1 | T12: CP2 | U12: CP3
A13: 1 | B13: 0094216870 / 252610011 | C13: Adinda Syahira Hariyadi | S13: =AVERAGE(D13:H13) -> #DIV/0! | T13: =AVERAGE(I13:M13) -> #DIV/0! | U13: =AVERAGE(N13:R13) -> #DIV/0! | W13: =AVERAGE(S13:U13) -> #DIV/0! | X13: =ROUND(AVERAGE(V13:W13),0) -> #DIV/0! | Z13: 1 | AA13: =ROUND(IF((X13*(IF(Y13="A",105%,IF(Y13="B",102%,IF(Y13="C",75%,50%))))*Z13)>100,100,(X13*(IF(Y13="A",105%,IF(Y13="B",102%,IF(Y13="C",75%,50%))))*Z13)),0) -> #DIV/0!
A14: 2 | B14: 0107760733 / 252610023 | C14: Aira Aulia Putri | S14: =AVERAGE(D14:H14) -> #DIV/0! | T14: =AVERAGE(I14:M14) -> #DIV/0! | U14: =AVERAGE(N14:R14) -> #DIV/0! | W14: =AVERAGE(S14:U14) -> #DIV/0! | X14: =ROUND(AVERAGE(V14:W14),0) -> #DIV/0! | Z14: 1 | AA14: =ROUND(IF((X14*(IF(Y14="A",105%,IF(Y14="B",102%,IF(Y14="C",75%,50%))))*Z14)>100,100,(X14*(IF(Y14="A",105%,IF(Y14="B",102%,IF(Y14="C",75%,50%))))*Z14)),0) -> #DIV/0!
A15: 3 | B15: 0105130233 / 252610026 | C15: Aisha Faiha Dzakiyah | S15: =AVERAGE(D15:H15) -> #DIV/0! | T15: =AVERAGE(I15:M15) -> #DIV/0! | U15: =AVERAGE(N15:R15) -> #DIV/0! | W15: =AVERAGE(S15:U15) -> #DIV/0! | X15: =ROUND(AVERAGE(V15:W15),0) -> #DIV/0! | Z15: 1 | AA15: =ROUND(IF((X15*(IF(Y15="A",105%,IF(Y15="B",102%,IF(Y15="C",75%,50%))))*Z15)>100,100,(X15*(IF(Y15="A",105%,IF(Y15="B",102%,IF(Y15="C",75%,50%))))*Z15)),0) -> #DIV/0!
A16: 4 | B16: 0104550133 / 252610039 | C16: Alifa Safa Salsabila | S16: =AVERAGE(D16:H16) -> #DIV/0! | T16: =AVERAGE(I16:M16) -> #DIV/0! | U16: =AVERAGE(N16:R16) -> #DIV/0! | W16: =AVERAGE(S16:U16) -> #DIV/0! | X16: =ROUND(AVERAGE(V16:W16),0) -> #DIV/0! | Z16: 1 | AA16: =ROUND(IF((X16*(IF(Y16="A",105%,IF(Y16="B",102%,IF(Y16="C",75%,50%))))*Z16)>100,100,(X16*(IF(Y16="A",105%,IF(Y16="B",102%,IF(Y16="C",75%,50%))))*Z16)),0) -> #DIV/0!
A17: 5 | B17: 0095372504 / 252610050 | C17: Alviana Dwie Putery | S17: =AVERAGE(D17:H17) -> #DIV/0! | T17: =AVERAGE(I17:M17) -> #DIV/0! | U17: =AVERAGE(N17:R17) -> #DIV/0! | W17: =AVERAGE(S17:U17) -> #DIV/0! | X17: =ROUND(AVERAGE(V17:W17),0) -> #DIV/0! | Z17: 1 | AA17: =ROUND(IF((X17*(IF(Y17="A",105%,IF(Y17="B",102%,IF(Y17="C",75%,50%))))*Z17)>100,100,(X17*(IF(Y17="A",105%,IF(Y17="B",102%,IF(Y17="C",75%,50%))))*Z17)),0) -> #DIV/0!
A18: 6 | B18: 0105813396 / 252610052 | C18: Alyya Zahra Kusumadewi | S18: =AVERAGE(D18:H18) -> #DIV/0! | T18: =AVERAGE(I18:M18) -> #DIV/0! | U18: =AVERAGE(N18:R18) -> #DIV/0! | W18: =AVERAGE(S18:U18) -> #DIV/0! | X18: =ROUND(AVERAGE(V18:W18),0) -> #DIV/0! | Z18: 1 | AA18: =ROUND(IF((X18*(IF(Y18="A",105%,IF(Y18="B",102%,IF(Y18="C",75%,50%))))*Z18)>100,100,(X18*(IF(Y18="A",105%,IF(Y18="B",102%,IF(Y18="C",75%,50%))))*Z18)),0) -> #DIV/0!
A19: 7 | B19: 0109006152 / 252610058 | C19: Ammar Raziq Mahdiya | S19: =AVERAGE(D19:H19) -> #DIV/0! | T19: =AVERAGE(I19:M19) -> #DIV/0! | U19: =AVERAGE(N19:R19) -> #DIV/0! | W19: =AVERAGE(S19:U19) -> #DIV/0! | X19: =ROUND(AVERAGE(V19:W19),0) -> #DIV/0! | Z19: 1 | AA19: =ROUND(IF((X19*(IF(Y19="A",105%,IF(Y19="B",102%,IF(Y19="C",75%,50%))))*Z19)>100,100,(X19*(IF(Y19="A",105%,IF(Y19="B",102%,IF(Y19="C",75%,50%))))*Z19)),0) -> #DIV/0!
A20: 8 | B20: 0097211030 / 252610062 | C20: Andini Qoriyati Khaerani | S20: =AVERAGE(D20:H20) -> #DIV/0! | T20: =AVERAGE(I20:M20) -> #DIV/0! | U20: =AVERAGE(N20:R20) -> #DIV/0! | W20: =AVERAGE(S20:U20) -> #DIV/0! | X20: =ROUND(AVERAGE(V20:W20),0) -> #DIV/0! | Z20: 1 | AA20: =ROUND(IF((X20*(IF(Y20="A",105%,IF(Y20="B",102%,IF(Y20="C",75%,50%))))*Z20)>100,100,(X20*(IF(Y20="A",105%,IF(Y20="B",102%,IF(Y20="C",75%,50%))))*Z20)),0) -> #DIV/0!
A21: 9 | B21: 3108667209 / 252610070 | C21: Aqeela Az Zahra | S21: =AVERAGE(D21:H21) -> #DIV/0! | T21: =AVERAGE(I21:M21) -> #DIV/0! | U21: =AVERAGE(N21:R21) -> #DIV/0! | W21: =AVERAGE(S21:U21) -> #DIV/0! | X21: =ROUND(AVERAGE(V21:W21),0) -> #DIV/0! | Z21: 1 | AA21: =ROUND(IF((X21*(IF(Y21="A",105%,IF(Y21="B",102%,IF(Y21="C",75%,50%))))*Z21)>100,100,(X21*(IF(Y21="A",105%,IF(Y21="B",102%,IF(Y21="C",75%,50%))))*Z21)),0) -> #DIV/0!
A22: 10 | B22: 0109904498 / 252610075 | C22: Arfan Kristian Perlindungan Harefa | S22: =AVERAGE(D22:H22) -> #DIV/0! | T22: =AVERAGE(I22:M22) -> #DIV/0! | U22: =AVERAGE(N22:R22) -> #DIV/0! | W22: =AVERAGE(S22:U22) -> #DIV/0! | X22: =ROUND(AVERAGE(V22:W22),0) -> #DIV/0! | Z22: 1 | AA22: =ROUND(IF((X22*(IF(Y22="A",105%,IF(Y22="B",102%,IF(Y22="C",75%,50%))))*Z22)>100,100,(X22*(IF(Y22="A",105%,IF(Y22="B",102%,IF(Y22="C",75%,50%))))*Z22)),0) -> #DIV/0!
A23: 11 | B23: 0098513542 / 252610084 | C23: Ashiila Rindu Dwi Laufli | S23: =AVERAGE(D23:H23) -> #DIV/0! | T23: =AVERAGE(I23:M23) -> #DIV/0! | U23: =AVERAGE(N23:R23) -> #DIV/0! | W23: =AVERAGE(S23:U23) -> #DIV/0! | X23: =ROUND(AVERAGE(V23:W23),0) -> #DIV/0! | Z23: 1 | AA23: =ROUND(IF((X23*(IF(Y23="A",105%,IF(Y23="B",102%,IF(Y23="C",75%,50%))))*Z23)>100,100,(X23*(IF(Y23="A",105%,IF(Y23="B",102%,IF(Y23="C",75%,50%))))*Z23)),0) -> #DIV/0!
A24: 12 | B24: 0106376916 / 252610090 | C24: Atharrayhan Abimanyu Pratama | S24: =AVERAGE(D24:H24) -> #DIV/0! | T24: =AVERAGE(I24:M24) -> #DIV/0! | U24: =AVERAGE(N24:R24) -> #DIV/0! | W24: =AVERAGE(S24:U24) -> #DIV/0! | X24: =ROUND(AVERAGE(V24:W24),0) -> #DIV/0! | Z24: 1 | AA24: =ROUND(IF((X24*(IF(Y24="A",105%,IF(Y24="B",102%,IF(Y24="C",75%,50%))))*Z24)>100,100,(X24*(IF(Y24="A",105%,IF(Y24="B",102%,IF(Y24="C",75%,50%))))*Z24)),0) -> #DIV/0!
... A48: 36 | B48: 0093768427 / 252610416 | C48: Neng Rahmi Novianti | S48: =AVERAGE(D48:H48) -> #DIV/0! | T48: =AVERAGE(I48:M48) -> #DIV/0! | U48: =AVERAGE(N48:R48) -> #DIV/0! | W48: =AVERAGE(S48:U48) -> #DIV/0! | X48: =ROUND(AVERAGE(V48:W48),0) -> #DIV/0! | Z48: 1 | AA48: =ROUND(IF((X48*(IF(Y48="A",105%,IF(Y48="B",102%,IF(Y48="C",75%,50%))))*Z48)>100,100,(X48*(IF(Y48="A",105%,IF(Y48="B",102%,IF(Y48="C",75%,50%))))*Z48)),0) -> #DIV/0!
A49: 37 | B49: 0103404970 / 252610419 | C49: Niesha Anindya Firstsaly | S49: =AVERAGE(D49:H49) -> #DIV/0! | T49: =AVERAGE(I49:M49) -> #DIV/0! | U49: =AVERAGE(N49:R49) -> #DIV/0! | W49: =AVERAGE(S49:U49) -> #DIV/0! | X49: =ROUND(AVERAGE(V49:W49),0) -> #DIV/0! | AA49: =ROUND(IF((X49*(IF(Y49="A",105%,IF(Y49="B",102%,IF(Y49="C",75%,50%))))*Z49)>100,100,(X49*(IF(Y49="A",105%,IF(Y49="B",102%,IF(Y49="C",75%,50%))))*Z49)),0) -> #DIV/0!
A50: 38 | B50: 0102495325 / 252610431 | C50: Oryza Angelina Sitohang | S50: =AVERAGE(D50:H50) -> #DIV/0! | T50: =AVERAGE(I50:M50) -> #DIV/0! | U50: =AVERAGE(N50:R50) -> #DIV/0! | W50: =AVERAGE(S50:U50) -> #DIV/0! | X50: =ROUND(AVERAGE(V50:W50),0) -> #DIV/0! | AA50: =ROUND(IF((X50*(IF(Y50="A",105%,IF(Y50="B",102%,IF(Y50="C",75%,50%))))*Z50)>100,100,(X50*(IF(Y50="A",105%,IF(Y50="B",102%,IF(Y50="C",75%,50%))))*Z50)),0) -> #DIV/0!
A51: 39 | B51: 0106276801 / 252610434 | C51: Priscillia Putri Viona | S51: =AVERAGE(D51:H51) -> #DIV/0! | T51: =AVERAGE(I51:M51) -> #DIV/0! | U51: =AVERAGE(N51:R51) -> #DIV/0! | W51: =AVERAGE(S51:U51) -> #DIV/0! | X51: =ROUND(AVERAGE(V51:W51),0) -> #DIV/0! | AA51: =ROUND(IF((X51*(IF(Y51="A",105%,IF(Y51="B",102%,IF(Y51="C",75%,50%))))*Z51)>100,100,(X51*(IF(Y51="A",105%,IF(Y51="B",102%,IF(Y51="C",75%,50%))))*Z51)),0) -> #DIV/0!
A52: 40 | B52: 0098833541 / 252610440 | C52: Qaniah Mardiyah Salsabila | S52: =AVERAGE(D52:H52) -> #DIV/0! | T52: =AVERAGE(I52:M52) -> #DIV/0! | U52: =AVERAGE(N52:R52) -> #DIV/0! | W52: =AVERAGE(S52:U52) -> #DIV/0! | X52: =ROUND(AVERAGE(V52:W52),0) -> #DIV/0! | AA52: =ROUND(IF((X52*(IF(Y52="A",105%,IF(Y52="B",102%,IF(Y52="C",75%,50%))))*Z52)>100,100,(X52*(IF(Y52="A",105%,IF(Y52="B",102%,IF(Y52="C",75%,50%))))*Z52)),0) -> #DIV/0!
A53: 41 | B53: 0095492963 / 252610467 | C53: Raisha Puri Lianti | S53: =AVERAGE(D53:H53) -> #DIV/0! | T53: =AVERAGE(I53:M53) -> #DIV/0! | U53: =AVERAGE(N53:R53) -> #DIV/0! | W53: =AVERAGE(S53:U53) -> #DIV/0! | X53: =ROUND(AVERAGE(V53:W53),0) -> #DIV/0! | AA53: =ROUND(IF((X53*(IF(Y53="A",105%,IF(Y53="B",102%,IF(Y53="C",75%,50%))))*Z53)>100,100,(X53*(IF(Y53="A",105%,IF(Y53="B",102%,IF(Y53="C",75%,50%))))*Z53)),0) -> #DIV/0!
A54: 42 | B54: 0091964566 / 252610474 | C54: Rasya Arkananta Mulya | S54: =AVERAGE(D54:H54) -> #DIV/0! | T54: =AVERAGE(I54:M54) -> #DIV/0! | U54: =AVERAGE(N54:R54) -> #DIV/0! | W54: =AVERAGE(S54:U54) -> #DIV/0! | X54: =ROUND(AVERAGE(V54:W54),0) -> #DIV/0! | AA54: =ROUND(IF((X54*(IF(Y54="A",105%,IF(Y54="B",102%,IF(Y54="C",75%,50%))))*Z54)>100,100,(X54*(IF(Y54="A",105%,IF(Y54="B",102%,IF(Y54="C",75%,50%))))*Z54)),0) -> #DIV/0!
A55: 43 | B55: 0092731928 / 252610497 | C55: Rusvi Putri Ingguan | S55: =AVERAGE(D55:H55) -> #DIV/0! | T55: =AVERAGE(I55:M55) -> #DIV/0! | U55: =AVERAGE(N55:R55) -> #DIV/0! | W55: =AVERAGE(S55:U55) -> #DIV/0! | X55: =ROUND(AVERAGE(V55:W55),0) -> #DIV/0! | AA55: =ROUND(IF((X55*(IF(Y55="A",105%,IF(Y55="B",102%,IF(Y55="C",75%,50%))))*Z55)>100,100,(X55*(IF(Y55="A",105%,IF(Y55="B",102%,IF(Y55="C",75%,50%))))*Z55)),0) -> #DIV/0!
A56: 44 | B56: 0105816582 / 252610498 | C56: Ruth Rafanela Syeby Siregar | S56: =AVERAGE(D56:H56) -> #DIV/0! | T56: =AVERAGE(I56:M56) -> #DIV/0! | U56: =AVERAGE(N56:R56) -> #DIV/0! | W56: =AVERAGE(S56:U56) -> #DIV/0! | X56: =ROUND(AVERAGE(V56:W56),0) -> #DIV/0! | AA56: =ROUND(IF((X56*(IF(Y56="A",105%,IF(Y56="B",102%,IF(Y56="C",75%,50%))))*Z56)>100,100,(X56*(IF(Y56="A",105%,IF(Y56="B",102%,IF(Y56="C",75%,50%))))*Z56)),0) -> #DIV/0!
A57: 45 | B57: 0102751293 / 252610546 | C57: Titania Dwizita Shahla | S57: =AVERAGE(D57:H57) -> #DIV/0! | T57: =AVERAGE(I57:M57) -> #DIV/0! | U57: =AVERAGE(N57:R57) -> #DIV/0! | W57: =AVERAGE(S57:U57) -> #DIV/0! | X57: =ROUND(AVERAGE(V57:W57),0) -> #DIV/0! | AA57: =ROUND(IF((X57*(IF(Y57="A",105%,IF(Y57="B",102%,IF(Y57="C",75%,50%))))*Z57)>100,100,(X57*(IF(Y57="A",105%,IF(Y57="B",102%,IF(Y57="C",75%,50%))))*Z57)),0) -> #DIV/0!
A58: 46 | B58: 0104292767 / 252610560 | C58: Zaidan Riziq Sakha | S58: =AVERAGE(D58:H58) -> #DIV/0! | T58: =AVERAGE(I58:M58) -> #DIV/0! | U58: =AVERAGE(N58:R58) -> #DIV/0! | W58: =AVERAGE(S58:U58) -> #DIV/0! | X58: =ROUND(AVERAGE(V58:W58),0) -> #DIV/0! | AA58: =ROUND(IF((X58*(IF(Y58="A",105%,IF(Y58="B",102%,IF(Y58="C",75%,50%))))*Z58)>100,100,(X58*(IF(Y58="A",105%,IF(Y58="B",102%,IF(Y58="C",75%,50%))))*Z58)),0) -> #DIV/0!
A59: 47 | B59: 0096087965 / 252610563 | C59: Zalikhah Rasikhah Putri | S59: =AVERAGE(D59:H59) -> #DIV/0! | T59: =AVERAGE(I59:M59) -> #DIV/0! | U59: =AVERAGE(N59:R59) -> #DIV/0! | W59: =AVERAGE(S59:U59) -> #DIV/0! | X59: =ROUND(AVERAGE(V59:W59),0) -> #DIV/0! | AA59: =ROUND(IF((X59*(IF(Y59="A",105%,IF(Y59="B",102%,IF(Y59="C",75%,50%))))*Z59)>100,100,(X59*(IF(Y59="A",105%,IF(Y59="B",102%,IF(Y59="C",75%,50%))))*Z59)),0) -> #DIV/0!
Y61: max
Y62: min
Y63: avg

Sheet X 1
A1: PEMERINTAH DAERAH PROVINSI JAWA BARAT DINAS PENDIDIKAN SMA NEGERI 2 CIBINONG Jln. Karadenan No. 5 Cibinong Telp/Fax. ( 0251 ) 8654347 Bogor 16913 http://www.sman2cibinong.sch.id email: info@sman2cibinong.sch.id
A3: DAFTAR CAPAIAN PEMBELAJARAN SEMESTER 1
A4: TAHUN PELAJARAN 2025 - 2026
A6: Mata Pelajaran | C6: :
A7: Kelas | C7: : X-1
A8: Pengajar | C8: :
A10: NO | B10: NISN / NIS | C10: NAMA PESERTA DIDIK
D11: Total Hdr | E11: Hdr | F11: Rapor
A13: 1 | B13: 0092626116 / 252610008 | C13: Adhie Bramantyo Faqih | D13: 3 | E13: =D13/5 -> 0.6 | F13: =if(E13>=50%,"A","B") -> A
A14: 2 | B14: 3103201253 / 252610048 | C14: Almira Dwi Safira | D14: 2 | E14: =D14/5 -> 0.4 | F14: =if(E14>=50%,"A","B") -> B
A15: 3 | B15: 0102149444 / 252610053 | C15: Alzena Juneeta Talisha Theo | D15: 1 | E15: =D15/5 -> 0.2 | F15: =if(E15>=50%,"A","B") -> B
A16: 4 | B16: 0095992391 / 252610082 | C16: Arya Aditya Gunawan | D16: 3 | E16: =D16/5 -> 0.6 | F16: =if(E16>=50%,"A","B") -> A
A17: 5 | B17: 0106142601 / 252610083 | C17: Aryasatia Pradipta | D17: 1 | E17: =D17/5 -> 0.2 | F17: =if(E17>=50%,"A","B") -> B
A18: 6 | B18: 0108104548 / 252610087 | C18: Asyifa Diandra Bayu | D18: 2 | E18: =D18/5 -> 0.4 | F18: =if(E18>=50%,"A","B") -> B
A19: 7 | B19: 0103045473 / 252610088 | C19: Asyifa Maulidia Salsabila | D19: 1 | E19: =D19/5 -> 0.2 | F19: =if(E19>=50%,"A","B") -> B
A20: 8 | B20: 0109105725 / 252610100 | C20: Aurelia Langit Callysta | D20: 2 | E20: =D20/5 -> 0.4 | F20: =if(E20>=50%,"A","B") -> B
A21: 9 | B21: 0096394871 / 252610101 | C21: Aurelia Septiani Putri | D21: 2 | E21: =D21/5 -> 0.4 | F21: =if(E21>=50%,"A","B") -> B
A22: 10 | B22: 0099038184 / 252610109 | C22: Azalia Maheswari Christabel | D22: 0 | E22: =D22/5 -> 0 | F22: =if(E22>=50%,"A","B") -> B
A23: 11 | B23: 0096477713 / 252610122 | C23: Bilqis Anwar Thebe | D23: 2 | E23: =D23/5 -> 0.4 | F23: =if(E23>=50%,"A","B") -> B
A24: 12 | B24: 0106995291 / 252610126 | C24: Bimo Armani Aulia Putra | D24: 3 | E24: =D24/5 -> 0.6 | F24: =if(E24>=50%,"A","B") -> A
... A59: 47 | B59: 0108505453 / 252610566 | C59: Zhafirah Dwi Fauziah | D59: 0 | E59: =D59/5 -> 0 | F59: =if(E59>=50%,"A","B") -> B
D61: max
D62: min
D63: avg

Sheet X 3
A1: PEMERINTAH DAERAH PROVINSI JAWA BARAT DINAS PENDIDIKAN SMA NEGERI 2 CIBINONG Jln. Karadenan No. 5 Cibinong Telp/Fax. ( 0251 ) 8654347 Bogor 16913 http://www.sman2cibinong.sch.id email: info@sman2cibinong.sch.id
A3: DAFTAR CAPAIAN PEMBELAJARAN SEMESTER 1
A4: TAHUN PELAJARAN 2025 - 2026
A6: Mata Pelajaran | C6: :
A7: Kelas | C7: : X-3
A8: Pengajar | C8: :
A10: NO | B10: NISN / NIS | C10: NAMA PESERTA DIDIK | D10: ASESMEN / PENILAIAN
S11: Rata - Rata | V11: PAS | W11: RT | X11: NR | Y11: Skp | Z11: Hdr | AA11: Rapor
D12: 1 | E12: 2 | F12: 3 | G12: 4 | H12: 5 | I12: 1 | J12: 2 | K12: 3 | L12: 4 | M12: 5 | N12: 1 | O12: 2 | P12: 3 | Q12: 4 | R12: 5 | S12: CP1 | T12: CP2 | U12: CP3
A13: 1 | B13: 0094703204 / 252610002 | C13: Abhinaya Zaidan Akbar | S13: =AVERAGE(D13:H13) -> #DIV/0! | T13: =AVERAGE(I13:M13) -> #DIV/0! | U13: =AVERAGE(N13:R13) -> #DIV/0! | W13: =AVERAGE(S13:U13) -> #DIV/0! | X13: =ROUND(AVERAGE(V13:W13),0) -> #DIV/0! | Z13: 1 | AA13: =ROUND(IF((X13*(IF(Y13="A",105%,IF(Y13="B",102%,IF(Y13="C",75%,50%))))*Z13)>100,100,(X13*(IF(Y13="A",105%,IF(Y13="B",102%,IF(Y13="C",75%,50%))))*Z13)),0) -> #DIV/0!
A14: 2 | B14: 0106941990 / 252610063 | C14: Andra Rakadityono | S14: =AVERAGE(D14:H14) -> #DIV/0! | T14: =AVERAGE(I14:M14) -> #DIV/0! | U14: =AVERAGE(N14:R14) -> #DIV/0! | W14: =AVERAGE(S14:U14) -> #DIV/0! | X14: =ROUND(AVERAGE(V14:W14),0) -> #DIV/0! | Z14: 1 | AA14: =ROUND(IF((X14*(IF(Y14="A",105%,IF(Y14="B",102%,IF(Y14="C",75%,50%))))*Z14)>100,100,(X14*(IF(Y14="A",105%,IF(Y14="B",102%,IF(Y14="C",75%,50%))))*Z14)),0) -> #DIV/0!
A15: 3 | B15: 0109964803 / 252610065 | C15: Anjani Safira Salma | S15: =AVERAGE(D15:H15) -> #DIV/0! | T15: =AVERAGE(I15:M15) -> #DIV/0! | U15: =AVERAGE(N15:R15) -> #DIV/0! | W15: =AVERAGE(S15:U15) -> #DIV/0! | X15: =ROUND(AVERAGE(V15:W15),0) -> #DIV/0! | Z15: 1 | AA15: =ROUND(IF((X15*(IF(Y15="A",105%,IF(Y15="B",102%,IF(Y15="C",75%,50%))))*Z15)>100,100,(X15*(IF(Y15="A",105%,IF(Y15="B",102%,IF(Y15="C",75%,50%))))*Z15)),0) -> #DIV/0!
A16: 4 | B16: 0104084075 / 252610076 | C16: Ario Bimo Wicaksono | S16: =AVERAGE(D16:H16) -> #DIV/0! | T16: =AVERAGE(I16:M16) -> #DIV/0! | U16: =AVERAGE(N16:R16) -> #DIV/0! | W16: =AVERAGE(S16:U16) -> #DIV/0! | X16: =ROUND(AVERAGE(V16:W16),0) -> #DIV/0! | Z16: 1 | AA16: =ROUND(IF((X16*(IF(Y16="A",105%,IF(Y16="B",102%,IF(Y16="C",75%,50%))))*Z16)>100,100,(X16*(IF(Y16="A",105%,IF(Y16="B",102%,IF(Y16="C",75%,50%))))*Z16)),0) -> #DIV/0!
A17: 5 | B17: 0098221239 / 252610079 | C17: Arman Firmansyah | S17: =AVERAGE(D17:H17) -> #DIV/0! | T17: =AVERAGE(I17:M17) -> #DIV/0! | U17: =AVERAGE(N17:R17) -> #DIV/0! | W17: =AVERAGE(S17:U17) -> #DIV/0! | X17: =ROUND(AVERAGE(V17:W17),0) -> #DIV/0! | Z17: 1 | AA17: =ROUND(IF((X17*(IF(Y17="A",105%,IF(Y17="B",102%,IF(Y17="C",75%,50%))))*Z17)>100,100,(X17*(IF(Y17="A",105%,IF(Y17="B",102%,IF(Y17="C",75%,50%))))*Z17)),0) -> #DIV/0!
A18: 6 | B18: 0104751597 / 252610093 | C18: Attaya Putri Faslahi | S18: =AVERAGE(D18:H18) -> #DIV/0! | T18: =AVERAGE(I18:M18) -> #DIV/0! | U18: =AVERAGE(N18:R18) -> #DIV/0! | W18: =AVERAGE(S18:U18) -> #DIV/0! | X18: =ROUND(AVERAGE(V18:W18),0) -> #DIV/0! | Z18: 1 | AA18: =ROUND(IF((X18*(IF(Y18="A",105%,IF(Y18="B",102%,IF(Y18="C",75%,50%))))*Z18)>100,100,(X18*(IF(Y18="A",105%,IF(Y18="B",102%,IF(Y18="C",75%,50%))))*Z18)),0) -> #DIV/0!
A19: 7 | B19: 0104406841 / 252610094 | C19: Attiyah Naila Adza Alifah | S19: =AVERAGE(D19:H19) -> #DIV/0! | T19: =AVERAGE(I19:M19) -> #DIV/0! | U19: =AVERAGE(N19:R19) -> #DIV/0! | W19: =AVERAGE(S19:U19) -> #DIV/0! | X19: =ROUND(AVERAGE(V19:W19),0) -> #DIV/0! | Z19: 1 | AA19: =ROUND(IF((X19*(IF(Y19="A",105%,IF(Y19="B",102%,IF(Y19="C",75%,50%))))*Z19)>100,100,(X19*(IF(Y19="A",105%,IF(Y19="B",102%,IF(Y19="C",75%,50%))))*Z19)),0) -> #DIV/0!
A20: 8 | B20: 0102122161 / 252610096 | C20: Aulia Azahra | S20: =AVERAGE(D20:H20) -> #DIV/0! | T20: =AVERAGE(I20:M20) -> #DIV/0! | U20: =AVERAGE(N20:R20) -> #DIV/0! | W20: =AVERAGE(S20:U20) -> #DIV/0! | X20: =ROUND(AVERAGE(V20:W20),0) -> #DIV/0! | Z20: 1 | AA20: =ROUND(IF((X20*(IF(Y20="A",105%,IF(Y20="B",102%,IF(Y20="C",75%,50%))))*Z20)>100,100,(X20*(IF(Y20="A",105%,IF(Y20="B",102%,IF(Y20="C",75%,50%))))*Z20)),0) -> #DIV/0!
A21: 9 | B21: 0108329102 / 252610121 | C21: Bianca Aurelia Putri Asari | S21: =AVERAGE(D21:H21) -> #DIV/0! | T21: =AVERAGE(I21:M21) -> #DIV/0! | U21: =AVERAGE(N21:R21) -> #DIV/0! | W21: =AVERAGE(S21:U21) -> #DIV/0! | X21: =ROUND(AVERAGE(V21:W21),0) -> #DIV/0! | Z21: 1 | AA21: =ROUND(IF((X21*(IF(Y21="A",105%,IF(Y21="B",102%,IF(Y21="C",75%,50%))))*Z21)>100,100,(X21*(IF(Y21="A",105%,IF(Y21="B",102%,IF(Y21="C",75%,50%))))*Z21)),0) -> #DIV/0!
A22: 10 | B22: 0103047499 / 252610129 | C22: Bumi Byakta Alfian | S22: =AVERAGE(D22:H22) -> #DIV/0! | T22: =AVERAGE(I22:M22) -> #DIV/0! | U22: =AVERAGE(N22:R22) -> #DIV/0! | W22: =AVERAGE(S22:U22) -> #DIV/0! | X22: =ROUND(AVERAGE(V22:W22),0) -> #DIV/0! | Z22: 1 | AA22: =ROUND(IF((X22*(IF(Y22="A",105%,IF(Y22="B",102%,IF(Y22="C",75%,50%))))*Z22)>100,100,(X22*(IF(Y22="A",105%,IF(Y22="B",102%,IF(Y22="C",75%,50%))))*Z22)),0) -> #DIV/0!
A23: 11 | B23: 0102794623 / 252610136 | C23: Cheryl Faiha Al-Tair | S23: =AVERAGE(D23:H23) -> #DIV/0! | T23: =AVERAGE(I23:M23) -> #DIV/0! | U23: =AVERAGE(N23:R23) -> #DIV/0! | W23: =AVERAGE(S23:U23) -> #DIV/0! | X23: =ROUND(AVERAGE(V23:W23),0) -> #DIV/0! | Z23: 1 | AA23: =ROUND(IF((X23*(IF(Y23="A",105%,IF(Y23="B",102%,IF(Y23="C",75%,50%))))*Z23)>100,100,(X23*(IF(Y23="A",105%,IF(Y23="B",102%,IF(Y23="C",75%,50%))))*Z23)),0) -> #DIV/0!
A24: 12 | B24: 0096103714 / 252610138 | C24: Cindy Ramadhani Sinulingga | S24: =AVERAGE(D24:H24) -> #DIV/0! | T24: =AVERAGE(I24:M24) -> #DIV/0! | U24: =AVERAGE(N24:R24) -> #DIV/0! | W24: =AVERAGE(S24:U24) -> #DIV/0! | X24: =ROUND(AVERAGE(V24:W24),0) -> #DIV/0! | Z24: 1 | AA24: =ROUND(IF((X24*(IF(Y24="A",105%,IF(Y24="B",102%,IF(Y24="C",75%,50%))))*Z24)>100,100,(X24*(IF(Y24="A",105%,IF(Y24="B",102%,IF(Y24="C",75%,50%))))*Z24)),0) -> #DIV/0!
... A48: 36 | B48: 0102114748 / 252610426 | C48: Nursifa Maulidah | S48: =AVERAGE(D48:H48) -> #DIV/0! | T48: =AVERAGE(I48:M48) -> #DIV/0! | U48: =AVERAGE(N48:R48) -> #DIV/0! | W48: =AVERAGE(S48:U48) -> #DIV/0! | X48: =ROUND(AVERAGE(V48:W48),0) -> #DIV/0! | Z48: 1 | AA48: =ROUND(IF((X48*(IF(Y48="A",105%,IF(Y48="B",102%,IF(Y48="C",75%,50%))))*Z48)>100,100,(X48*(IF(Y48="A",105%,IF(Y48="B",102%,IF(Y48="C",75%,50%))))*Z48)),0) -> #DIV/0!
A49: 37 | B49: 0097603092 / 252610432 | C49: Pramudhio Sawerigading Ihsan | S49: =AVERAGE(D49:H49) -> #DIV/0! | T49: =AVERAGE(I49:M49) -> #DIV/0! | U49: =AVERAGE(N49:R49) -> #DIV/0! | W49: =AVERAGE(S49:U49) -> #DIV/0! | X49: =ROUND(AVERAGE(V49:W49),0) -> #DIV/0! | AA49: =ROUND(IF((X49*(IF(Y49="A",105%,IF(Y49="B",102%,IF(Y49="C",75%,50%))))*Z49)>100,100,(X49*(IF(Y49="A",105%,IF(Y49="B",102%,IF(Y49="C",75%,50%))))*Z49)),0) -> #DIV/0!
A50: 38 | B50: 0106292164 / 252610438 | C50: Putri Eisya | S50: =AVERAGE(D50:H50) -> #DIV/0! | T50: =AVERAGE(I50:M50) -> #DIV/0! | U50: =AVERAGE(N50:R50) -> #DIV/0! | W50: =AVERAGE(S50:U50) -> #DIV/0! | X50: =ROUND(AVERAGE(V50:W50),0) -> #DIV/0! | AA50: =ROUND(IF((X50*(IF(Y50="A",105%,IF(Y50="B",102%,IF(Y50="C",75%,50%))))*Z50)>100,100,(X50*(IF(Y50="A",105%,IF(Y50="B",102%,IF(Y50="C",75%,50%))))*Z50)),0) -> #DIV/0!
A51: 39 | B51: 3104085681 / 252610439 | C51: Putri Zaqiyah | S51: =AVERAGE(D51:H51) -> #DIV/0! | T51: =AVERAGE(I51:M51) -> #DIV/0! | U51: =AVERAGE(N51:R51) -> #DIV/0! | W51: =AVERAGE(S51:U51) -> #DIV/0! | X51: =ROUND(AVERAGE(V51:W51),0) -> #DIV/0! | AA51: =ROUND(IF((X51*(IF(Y51="A",105%,IF(Y51="B",102%,IF(Y51="C",75%,50%))))*Z51)>100,100,(X51*(IF(Y51="A",105%,IF(Y51="B",102%,IF(Y51="C",75%,50%))))*Z51)),0) -> #DIV/0!
A52: 40 | B52: 0105055522 / 252610461 | C52: Rahma Marissa | S52: =AVERAGE(D52:H52) -> #DIV/0! | T52: =AVERAGE(I52:M52) -> #DIV/0! | U52: =AVERAGE(N52:R52) -> #DIV/0! | W52: =AVERAGE(S52:U52) -> #DIV/0! | X52: =ROUND(AVERAGE(V52:W52),0) -> #DIV/0! | AA52: =ROUND(IF((X52*(IF(Y52="A",105%,IF(Y52="B",102%,IF(Y52="C",75%,50%))))*Z52)>100,100,(X52*(IF(Y52="A",105%,IF(Y52="B",102%,IF(Y52="C",75%,50%))))*Z52)),0) -> #DIV/0!
A53: 41 | B53: 0092263541 / 252610485 | C53: Revan | S53: =AVERAGE(D53:H53) -> #DIV/0! | T53: =AVERAGE(I53:M53) -> #DIV/0! | U53: =AVERAGE(N53:R53) -> #DIV/0! | W53: =AVERAGE(S53:U53) -> #DIV/0! | X53: =ROUND(AVERAGE(V53:W53),0) -> #DIV/0! | AA53: =ROUND(IF((X53*(IF(Y53="A",105%,IF(Y53="B",102%,IF(Y53="C",75%,50%))))*Z53)>100,100,(X53*(IF(Y53="A",105%,IF(Y53="B",102%,IF(Y53="C",75%,50%))))*Z53)),0) -> #DIV/0!
A54: 42 | B54: 0091178036 / 252610501 | C54: Safa Naya Adristi | S54: =AVERAGE(D54:H54) -> #DIV/0! | T54: =AVERAGE(I54:M54) -> #DIV/0! | U54: =AVERAGE(N54:R54) -> #DIV/0! | W54: =AVERAGE(S54:U54) -> #DIV/0! | X54: =ROUND(AVERAGE(V54:W54),0) -> #DIV/0! | AA54: =ROUND(IF((X54*(IF(Y54="A",105%,IF(Y54="B",102%,IF(Y54="C",75%,50%))))*Z54)>100,100,(X54*(IF(Y54="A",105%,IF(Y54="B",102%,IF(Y54="C",75%,50%))))*Z54)),0) -> #DIV/0!
A55: 43 | B55: 0106930882 / 252610520 | C55: Shirane Ghaniyya Ramadhani | S55: =AVERAGE(D55:H55) -> #DIV/0! | T55: =AVERAGE(I55:M55) -> #DIV/0! | U55: =AVERAGE(N55:R55) -> #DIV/0! | W55: =AVERAGE(S55:U55) -> #DIV/0! | X55: =ROUND(AVERAGE(V55:W55),0) -> #DIV/0! | AA55: =ROUND(IF((X55*(IF(Y55="A",105%,IF(Y55="B",102%,IF(Y55="C",75%,50%))))*Z55)>100,100,(X55*(IF(Y55="A",105%,IF(Y55="B",102%,IF(Y55="C",75%,50%))))*Z55)),0) -> #DIV/0!
A56: 44 | B56: 0109721617 / 252610555 | C56: Yasmin Kirani Affifah | S56: =AVERAGE(D56:H56) -> #DIV/0! | T56: =AVERAGE(I56:M56) -> #DIV/0! | U56: =AVERAGE(N56:R56) -> #DIV/0! | W56: =AVERAGE(S56:U56) -> #DIV/0! | X56: =ROUND(AVERAGE(V56:W56),0) -> #DIV/0! | AA56: =ROUND(IF((X56*(IF(Y56="A",105%,IF(Y56="B",102%,IF(Y56="C",75%,50%))))*Z56)>100,100,(X56*(IF(Y56="A",105%,IF(Y56="B",102%,IF(Y56="C",75%,50%))))*Z56)),0) -> #DIV/0!
A57: 45 | B57: 0101188685 / 252610556 | C57: Yasmine Almira Queen | S57: =AVERAGE(D57:H57) -> #DIV/0! | T57: =AVERAGE(I57:M57) -> #DIV/0! | U57: =AVERAGE(N57:R57) -> #DIV/0! | W57: =AVERAGE(S57:U57) -> #DIV/0! | X57: =ROUND(AVERAGE(V57:W57),0) -> #DIV/0! | AA57: =ROUND(IF((X57*(IF(Y57="A",105%,IF(Y57="B",102%,IF(Y57="C",75%,50%))))*Z57)>100,100,(X57*(IF(Y57="A",105%,IF(Y57="B",102%,IF(Y57="C",75%,50%))))*Z57)),0) -> #DIV/0!
Y59: max
Y60: min
Y61: avg

Sheet X 4
A1: PEMERINTAH DAERAH PROVINSI JAWA BARAT DINAS PENDIDIKAN SMA NEGERI 2 CIBINONG Jln. Karadenan No. 5 Cibinong Telp/Fax. ( 0251 ) 8654347 Bogor 16913 http://www.sman2cibinong.sch.id email: info@sman2cibinong.sch.id
A3: DAFTAR CAPAIAN PEMBELAJARAN SEMESTER 1
A4: TAHUN PELAJARAN 2025 - 2026
A6: Mata Pelajaran | C6: :
A7: Kelas | C7: : X-4
A8: Pengajar | C8: :
A10: NO | B10: NISN / NIS | C10: NAMA PESERTA DIDIK | D10: ASESMEN / PENILAIAN
S11: Rata - Rata | V11: PAS | W11: RT | X11: NR | Y11: Skp | Z11: Hdr | AA11: Rapor
D12: 1 | E12: 2 | F12: 3 | G12: 4 | H12: 5 | I12: 1 | J12: 2 | K12: 3 | L12: 4 | M12: 5 | N12: 1 | O12: 2 | P12: 3 | Q12: 4 | R12: 5 | S12: CP1 | T12: CP2 | U12: CP3
A13: 1 | B13: 0106136353 / 252610016 | C13: Ahmad Azmi Mutaarrofi | S13: =AVERAGE(D13:H13) -> #DIV/0! | T13: =AVERAGE(I13:M13) -> #DIV/0! | U13: =AVERAGE(N13:R13) -> #DIV/0! | W13: =AVERAGE(S13:U13) -> #DIV/0! | X13: =ROUND(AVERAGE(V13:W13),0) -> #DIV/0! | Z13: 1 | AA13: =ROUND(IF((X13*(IF(Y13="A",105%,IF(Y13="B",102%,IF(Y13="C",75%,50%))))*Z13)>100,100,(X13*(IF(Y13="A",105%,IF(Y13="B",102%,IF(Y13="C",75%,50%))))*Z13)),0) -> #DIV/0!
A14: 2 | B14: 0095491750 / 252610018 | C14: Ahmad Farely Azriel | S14: =AVERAGE(D14:H14) -> #DIV/0! | T14: =AVERAGE(I14:M14) -> #DIV/0! | U14: =AVERAGE(N14:R14) -> #DIV/0! | W14: =AVERAGE(S14:U14) -> #DIV/0! | X14: =ROUND(AVERAGE(V14:W14),0) -> #DIV/0! | Z14: 1 | AA14: =ROUND(IF((X14*(IF(Y14="A",105%,IF(Y14="B",102%,IF(Y14="C",75%,50%))))*Z14)>100,100,(X14*(IF(Y14="A",105%,IF(Y14="B",102%,IF(Y14="C",75%,50%))))*Z14)),0) -> #DIV/0!
A15: 3 | B15: 0087811342 / 252610038 | C15: Alfian Chaniago | S15: =AVERAGE(D15:H15) -> #DIV/0! | T15: =AVERAGE(I15:M15) -> #DIV/0! | U15: =AVERAGE(N15:R15) -> #DIV/0! | W15: =AVERAGE(S15:U15) -> #DIV/0! | X15: =ROUND(AVERAGE(V15:W15),0) -> #DIV/0! | Z15: 1 | AA15: =ROUND(IF((X15*(IF(Y15="A",105%,IF(Y15="B",102%,IF(Y15="C",75%,50%))))*Z15)>100,100,(X15*(IF(Y15="A",105%,IF(Y15="B",102%,IF(Y15="C",75%,50%))))*Z15)),0) -> #DIV/0!
A16: 4 | B16: 0094160993 / 252610045 | C16: Alleandra Kaif Finandita | S16: =AVERAGE(D16:H16) -> #DIV/0! | T16: =AVERAGE(I16:M16) -> #DIV/0! | U16: =AVERAGE(N16:R16) -> #DIV/0! | W16: =AVERAGE(S16:U16) -> #DIV/0! | X16: =ROUND(AVERAGE(V16:W16),0) -> #DIV/0! | Z16: 1 | AA16: =ROUND(IF((X16*(IF(Y16="A",105%,IF(Y16="B",102%,IF(Y16="C",75%,50%))))*Z16)>100,100,(X16*(IF(Y16="A",105%,IF(Y16="B",102%,IF(Y16="C",75%,50%))))*Z16)),0) -> #DIV/0!
A17: 5 | B17: 0103659705 / 252610049 | C17: Altaira Aqila Myesha Ario | S17: =AVERAGE(D17:H17) -> #DIV/0! | T17: =AVERAGE(I17:M17) -> #DIV/0! | U17: =AVERAGE(N17:R17) -> #DIV/0! | W17: =AVERAGE(S17:U17) -> #DIV/0! | X17: =ROUND(AVERAGE(V17:W17),0) -> #DIV/0! | Z17: 1 | AA17: =ROUND(IF((X17*(IF(Y17="A",105%,IF(Y17="B",102%,IF(Y17="C",75%,50%))))*Z17)>100,100,(X17*(IF(Y17="A",105%,IF(Y17="B",102%,IF(Y17="C",75%,50%))))*Z17)),0) -> #DIV/0!
A18: 6 | B18: 0107838813 / 252610056 | C18: Amira Najwa Fauziyah | S18: =AVERAGE(D18:H18) -> #DIV/0! | T18: =AVERAGE(I18:M18) -> #DIV/0! | U18: =AVERAGE(N18:R18) -> #DIV/0! | W18: =AVERAGE(S18:U18) -> #DIV/0! | X18: =ROUND(AVERAGE(V18:W18),0) -> #DIV/0! | Z18: 1 | AA18: =ROUND(IF((X18*(IF(Y18="A",105%,IF(Y18="B",102%,IF(Y18="C",75%,50%))))*Z18)>100,100,(X18*(IF(Y18="A",105%,IF(Y18="B",102%,IF(Y18="C",75%,50%))))*Z18)),0) -> #DIV/0!
A19: 7 | B19: 0108144208 / 252610069 | C19: Aphrodyta Aurelia Avrilla | S19: =AVERAGE(D19:H19) -> #DIV/0! | T19: =AVERAGE(I19:M19) -> #DIV/0! | U19: =AVERAGE(N19:R19) -> #DIV/0! | W19: =AVERAGE(S19:U19) -> #DIV/0! | X19: =ROUND(AVERAGE(V19:W19),0) -> #DIV/0! | Z19: 1 | AA19: =ROUND(IF((X19*(IF(Y19="A",105%,IF(Y19="B",102%,IF(Y19="C",75%,50%))))*Z19)>100,100,(X19*(IF(Y19="A",105%,IF(Y19="B",102%,IF(Y19="C",75%,50%))))*Z19)),0) -> #DIV/0!
A20: 8 | B20: 0096853688 / 252610074 | C20: Aqueena Putri Salimah | S20: =AVERAGE(D20:H20) -> #DIV/0! | T20: =AVERAGE(I20:M20) -> #DIV/0! | U20: =AVERAGE(N20:R20) -> #DIV/0! | W20: =AVERAGE(S20:U20) -> #DIV/0! | X20: =ROUND(AVERAGE(V20:W20),0) -> #DIV/0! | Z20: 1 | AA20: =ROUND(IF((X20*(IF(Y20="A",105%,IF(Y20="B",102%,IF(Y20="C",75%,50%))))*Z20)>100,100,(X20*(IF(Y20="A",105%,IF(Y20="B",102%,IF(Y20="C",75%,50%))))*Z20)),0) -> #DIV/0!
A21: 9 | B21: 0092637367 / 252610132 | C21: Chairani Kanza Wulandaputri | S21: =AVERAGE(D21:H21) -> #DIV/0! | T21: =AVERAGE(I21:M21) -> #DIV/0! | U21: =AVERAGE(N21:R21) -> #DIV/0! | W21: =AVERAGE(S21:U21) -> #DIV/0! | X21: =ROUND(AVERAGE(V21:W21),0) -> #DIV/0! | Z21: 1 | AA21: =ROUND(IF((X21*(IF(Y21="A",105%,IF(Y21="B",102%,IF(Y21="C",75%,50%))))*Z21)>100,100,(X21*(IF(Y21="A",105%,IF(Y21="B",102%,IF(Y21="C",75%,50%))))*Z21)),0) -> #DIV/0!
A22: 10 | B22: 0095522157 / 252610155 | C22: Dhefa Raditya Putra | S22: =AVERAGE(D22:H22) -> #DIV/0! | T22: =AVERAGE(I22:M22) -> #DIV/0! | U22: =AVERAGE(N22:R22) -> #DIV/0! | W22: =AVERAGE(S22:U22) -> #DIV/0! | X22: =ROUND(AVERAGE(V22:W22),0) -> #DIV/0! | Z22: 1 | AA22: =ROUND(IF((X22*(IF(Y22="A",105%,IF(Y22="B",102%,IF(Y22="C",75%,50%))))*Z22)>100,100,(X22*(IF(Y22="A",105%,IF(Y22="B",102%,IF(Y22="C",75%,50%))))*Z22)),0) -> #DIV/0!
A23: 11 | B23: 0098223677 / 252610162 | C23: Diaz Syeza Zivanna | S23: =AVERAGE(D23:H23) -> #DIV/0! | T23: =AVERAGE(I23:M23) -> #DIV/0! | U23: =AVERAGE(N23:R23) -> #DIV/0! | W23: =AVERAGE(S23:U23) -> #DIV/0! | X23: =ROUND(AVERAGE(V23:W23),0) -> #DIV/0! | Z23: 1 | AA23: =ROUND(IF((X23*(IF(Y23="A",105%,IF(Y23="B",102%,IF(Y23="C",75%,50%))))*Z23)>100,100,(X23*(IF(Y23="A",105%,IF(Y23="B",102%,IF(Y23="C",75%,50%))))*Z23)),0) -> #DIV/0!
A24: 12 | B24: 0106545857 / 252610173 | C24: Dwi Nailah Azhara | S24: =AVERAGE(D24:H24) -> #DIV/0! | T24: =AVERAGE(I24:M24) -> #DIV/0! | U24: =AVERAGE(N24:R24) -> #DIV/0! | W24: =AVERAGE(S24:U24) -> #DIV/0! | X24: =ROUND(AVERAGE(V24:W24),0) -> #DIV/0! | Z24: 1 | AA24: =ROUND(IF((X24*(IF(Y24="A",105%,IF(Y24="B",102%,IF(Y24="C",75%,50%))))*Z24)>100,100,(X24*(IF(Y24="A",105%,IF(Y24="B",102%,IF(Y24="C",75%,50%))))*Z24)),0) -> #DIV/0!
... A48: 36 | B48: 0107960365 / 252610475 | C48: Ravino Abbas Subaga | S48: =AVERAGE(D48:H48) -> #DIV/0! | T48: =AVERAGE(I48:M48) -> #DIV/0! | U48: =AVERAGE(N48:R48) -> #DIV/0! | W48: =AVERAGE(S48:U48) -> #DIV/0! | X48: =ROUND(AVERAGE(V48:W48),0) -> #DIV/0! | Z48: 1 | AA48: =ROUND(IF((X48*(IF(Y48="A",105%,IF(Y48="B",102%,IF(Y48="C",75%,50%))))*Z48)>100,100,(X48*(IF(Y48="A",105%,IF(Y48="B",102%,IF(Y48="C",75%,50%))))*Z48)),0) -> #DIV/0!
A49: 37 | B49: 0104838010 / 252610480 | C49: Rei Dillan Hartedi | S49: =AVERAGE(D49:H49) -> #DIV/0! | T49: =AVERAGE(I49:M49) -> #DIV/0! | U49: =AVERAGE(N49:R49) -> #DIV/0! | W49: =AVERAGE(S49:U49) -> #DIV/0! | X49: =ROUND(AVERAGE(V49:W49),0) -> #DIV/0! | AA49: =ROUND(IF((X49*(IF(Y49="A",105%,IF(Y49="B",102%,IF(Y49="C",75%,50%))))*Z49)>100,100,(X49*(IF(Y49="A",105%,IF(Y49="B",102%,IF(Y49="C",75%,50%))))*Z49)),0) -> #DIV/0!
A50: 38 | B50: 0108451246 / 252610483 | C50: Reni Apriliani | S50: =AVERAGE(D50:H50) -> #DIV/0! | T50: =AVERAGE(I50:M50) -> #DIV/0! | U50: =AVERAGE(N50:R50) -> #DIV/0! | W50: =AVERAGE(S50:U50) -> #DIV/0! | X50: =ROUND(AVERAGE(V50:W50),0) -> #DIV/0! | AA50: =ROUND(IF((X50*(IF(Y50="A",105%,IF(Y50="B",102%,IF(Y50="C",75%,50%))))*Z50)>100,100,(X50*(IF(Y50="A",105%,IF(Y50="B",102%,IF(Y50="C",75%,50%))))*Z50)),0) -> #DIV/0!
A51: 39 | B51: 3104089400 / 252610492 | C51: Rizky Putra Kunta Ajie | S51: =AVERAGE(D51:H51) -> #DIV/0! | T51: =AVERAGE(I51:M51) -> #DIV/0! | U51: =AVERAGE(N51:R51) -> #DIV/0! | W51: =AVERAGE(S51:U51) -> #DIV/0! | X51: =ROUND(AVERAGE(V51:W51),0) -> #DIV/0! | AA51: =ROUND(IF((X51*(IF(Y51="A",105%,IF(Y51="B",102%,IF(Y51="C",75%,50%))))*Z51)>100,100,(X51*(IF(Y51="A",105%,IF(Y51="B",102%,IF(Y51="C",75%,50%))))*Z51)),0) -> #DIV/0!
A52: 40 | B52: 0107731505 / 252610512 | C52: Shabira Andiani | S52: =AVERAGE(D52:H52) -> #DIV/0! | T52: =AVERAGE(I52:M52) -> #DIV/0! | U52: =AVERAGE(N52:R52) -> #DIV/0! | W52: =AVERAGE(S52:U52) -> #DIV/0! | X52: =ROUND(AVERAGE(V52:W52),0) -> #DIV/0! | AA52: =ROUND(IF((X52*(IF(Y52="A",105%,IF(Y52="B",102%,IF(Y52="C",75%,50%))))*Z52)>100,100,(X52*(IF(Y52="A",105%,IF(Y52="B",102%,IF(Y52="C",75%,50%))))*Z52)),0) -> #DIV/0!
A53: 41 | B53: 0105775007 / 252610514 | C53: Shafa Talitha Budiarto | S53: =AVERAGE(D53:H53) -> #DIV/0! | T53: =AVERAGE(I53:M53) -> #DIV/0! | U53: =AVERAGE(N53:R53) -> #DIV/0! | W53: =AVERAGE(S53:U53) -> #DIV/0! | X53: =ROUND(AVERAGE(V53:W53),0) -> #DIV/0! | AA53: =ROUND(IF((X53*(IF(Y53="A",105%,IF(Y53="B",102%,IF(Y53="C",75%,50%))))*Z53)>100,100,(X53*(IF(Y53="A",105%,IF(Y53="B",102%,IF(Y53="C",75%,50%))))*Z53)),0) -> #DIV/0!
A54: 42 | B54: 0106588309 / 252610515 | C54: Shahira Hafiza Putri | S54: =AVERAGE(D54:H54) -> #DIV/0! | T54: =AVERAGE(I54:M54) -> #DIV/0! | U54: =AVERAGE(N54:R54) -> #DIV/0! | W54: =AVERAGE(S54:U54) -> #DIV/0! | X54: =ROUND(AVERAGE(V54:W54),0) -> #DIV/0! | AA54: =ROUND(IF((X54*(IF(Y54="A",105%,IF(Y54="B",102%,IF(Y54="C",75%,50%))))*Z54)>100,100,(X54*(IF(Y54="A",105%,IF(Y54="B",102%,IF(Y54="C",75%,50%))))*Z54)),0) -> #DIV/0!
A55: 43 | B55: 0106219079 / 252610519 | C55: Sheika Rizki Ramadanti Aurelia | S55: =AVERAGE(D55:H55) -> #DIV/0! | T55: =AVERAGE(I55:M55) -> #DIV/0! | U55: =AVERAGE(N55:R55) -> #DIV/0! | W55: =AVERAGE(S55:U55) -> #DIV/0! | X55: =ROUND(AVERAGE(V55:W55),0) -> #DIV/0! | AA55: =ROUND(IF((X55*(IF(Y55="A",105%,IF(Y55="B",102%,IF(Y55="C",75%,50%))))*Z55)>100,100,(X55*(IF(Y55="A",105%,IF(Y55="B",102%,IF(Y55="C",75%,50%))))*Z55)),0) -> #DIV/0!
A56: 44 | B56: 0094714082 / 252610533 | C56: Syahwa Fatmah | S56: =AVERAGE(D56:H56) -> #DIV/0! | T56: =AVERAGE(I56:M56) -> #DIV/0! | U56: =AVERAGE(N56:R56) -> #DIV/0! | W56: =AVERAGE(S56:U56) -> #DIV/0! | X56: =ROUND(AVERAGE(V56:W56),0) -> #DIV/0! | AA56: =ROUND(IF((X56*(IF(Y56="A",105%,IF(Y56="B",102%,IF(Y56="C",75%,50%))))*Z56)>100,100,(X56*(IF(Y56="A",105%,IF(Y56="B",102%,IF(Y56="C",75%,50%))))*Z56)),0) -> #DIV/0!
A57: 45 | B57: 0102630183 / 252610534 | C57: Syakira Alma Annisa | S57: =AVERAGE(D57:H57) -> #DIV/0! | T57: =AVERAGE(I57:M57) -> #DIV/0! | U57: =AVERAGE(N57:R57) -> #DIV/0! | W57: =AVERAGE(S57:U57) -> #DIV/0! | X57: =ROUND(AVERAGE(V57:W57),0) -> #DIV/0! | AA57: =ROUND(IF((X57*(IF(Y57="A",105%,IF(Y57="B",102%,IF(Y57="C",75%,50%))))*Z57)>100,100,(X57*(IF(Y57="A",105%,IF(Y57="B",102%,IF(Y57="C",75%,50%))))*Z57)),0) -> #DIV/0!
A58: 46 | B58: 0106490661 / 252610544 | C58: Tiara Winni Melia | S58: =AVERAGE(D58:H58) -> #DIV/0! | T58: =AVERAGE(I58:M58) -> #DIV/0! | U58: =AVERAGE(N58:R58) -> #DIV/0! | W58: =AVERAGE(S58:U58) -> #DIV/0! | X58: =ROUND(AVERAGE(V58:W58),0) -> #DIV/0! | AA58: =ROUND(IF((X58*(IF(Y58="A",105%,IF(Y58="B",102%,IF(Y58="C",75%,50%))))*Z58)>100,100,(X58*(IF(Y58="A",105%,IF(Y58="B",102%,IF(Y58="C",75%,50%))))*Z58)),0) -> #DIV/0!
Y60: max
Y61: min
Y62: avg

Sheet X 5
A1: PEMERINTAH DAERAH PROVINSI JAWA BARAT DINAS PENDIDIKAN SMA NEGERI 2 CIBINONG Jln. Karadenan No. 5 Cibinong Telp/Fax. ( 0251 ) 8654347 Bogor 16913 http://www.sman2cibinong.sch.id email: info@sman2cibinong.sch.id
A3: DAFTAR CAPAIAN PEMBELAJARAN SEMESTER 1
A4: TAHUN PELAJARAN 2025 - 2026
A6: Mata Pelajaran | C6: :
A7: Kelas | C7: : X-5
A8: Pengajar | C8: :
A10: NO | B10: NISN / NIS | C10: NAMA PESERTA DIDIK | D10: ASESMEN / PENILAIAN
S11: Rata - Rata | V11: PAS | W11: RT | X11: NR | Y11: Skp | Z11: Hdr | AA11: Rapor
D12: 1 | E12: 2 | F12: 3 | G12: 4 | H12: 5 | I12: 1 | J12: 2 | K12: 3 | L12: 4 | M12: 5 | N12: 1 | O12: 2 | P12: 3 | Q12: 4 | R12: 5 | S12: CP1 | T12: CP2 | U12: CP3
A13: 1 | B13: 0092194625 / 252610004 | C13: Achmad Ardiansyah | S13: =AVERAGE(D13:H13) -> #DIV/0! | T13: =AVERAGE(I13:M13) -> #DIV/0! | U13: =AVERAGE(N13:R13) -> #DIV/0! | W13: =AVERAGE(S13:U13) -> #DIV/0! | X13: =ROUND(AVERAGE(V13:W13),0) -> #DIV/0! | Z13: 1 | AA13: =ROUND(IF((X13*(IF(Y13="A",105%,IF(Y13="B",102%,IF(Y13="C",75%,50%))))*Z13)>100,100,(X13*(IF(Y13="A",105%,IF(Y13="B",102%,IF(Y13="C",75%,50%))))*Z13)),0) -> #DIV/0!
A14: 2 | B14: 3108509756 / 252610013 | C14: Adrian Muhammad Fadillah | S14: =AVERAGE(D14:H14) -> #DIV/0! | T14: =AVERAGE(I14:M14) -> #DIV/0! | U14: =AVERAGE(N14:R14) -> #DIV/0! | W14: =AVERAGE(S14:U14) -> #DIV/0! | X14: =ROUND(AVERAGE(V14:W14),0) -> #DIV/0! | Z14: 1 | AA14: =ROUND(IF((X14*(IF(Y14="A",105%,IF(Y14="B",102%,IF(Y14="C",75%,50%))))*Z14)>100,100,(X14*(IF(Y14="A",105%,IF(Y14="B",102%,IF(Y14="C",75%,50%))))*Z14)),0) -> #DIV/0!
A15: 3 | B15: 0099540724 / 252610022 | C15: Aira Alessia Adha | S15: =AVERAGE(D15:H15) -> #DIV/0! | T15: =AVERAGE(I15:M15) -> #DIV/0! | U15: =AVERAGE(N15:R15) -> #DIV/0! | W15: =AVERAGE(S15:U15) -> #DIV/0! | X15: =ROUND(AVERAGE(V15:W15),0) -> #DIV/0! | Z15: 1 | AA15: =ROUND(IF((X15*(IF(Y15="A",105%,IF(Y15="B",102%,IF(Y15="C",75%,50%))))*Z15)>100,100,(X15*(IF(Y15="A",105%,IF(Y15="B",102%,IF(Y15="C",75%,50%))))*Z15)),0) -> #DIV/0!
A16: 4 | B16: 0107934430 / 252610024 | C16: Aira Febria Sari | S16: =AVERAGE(D16:H16) -> #DIV/0! | T16: =AVERAGE(I16:M16) -> #DIV/0! | U16: =AVERAGE(N16:R16) -> #DIV/0! | W16: =AVERAGE(S16:U16) -> #DIV/0! | X16: =ROUND(AVERAGE(V16:W16),0) -> #DIV/0! | Z16: 1 | AA16: =ROUND(IF((X16*(IF(Y16="A",105%,IF(Y16="B",102%,IF(Y16="C",75%,50%))))*Z16)>100,100,(X16*(IF(Y16="A",105%,IF(Y16="B",102%,IF(Y16="C",75%,50%))))*Z16)),0) -> #DIV/0!
A17: 5 | B17: 0099668827 / 252610034 | C17: Al Jadid Syafruddin Lubis | S17: =AVERAGE(D17:H17) -> #DIV/0! | T17: =AVERAGE(I17:M17) -> #DIV/0! | U17: =AVERAGE(N17:R17) -> #DIV/0! | W17: =AVERAGE(S17:U17) -> #DIV/0! | X17: =ROUND(AVERAGE(V17:W17),0) -> #DIV/0! | Z17: 1 | AA17: =ROUND(IF((X17*(IF(Y17="A",105%,IF(Y17="B",102%,IF(Y17="C",75%,50%))))*Z17)>100,100,(X17*(IF(Y17="A",105%,IF(Y17="B",102%,IF(Y17="C",75%,50%))))*Z17)),0) -> #DIV/0!
A18: 6 | B18: 0102993208 / 252610043 | C18: Alisya Belva Dhio | S18: =AVERAGE(D18:H18) -> #DIV/0! | T18: =AVERAGE(I18:M18) -> #DIV/0! | U18: =AVERAGE(N18:R18) -> #DIV/0! | W18: =AVERAGE(S18:U18) -> #DIV/0! | X18: =ROUND(AVERAGE(V18:W18),0) -> #DIV/0! | Z18: 1 | AA18: =ROUND(IF((X18*(IF(Y18="A",105%,IF(Y18="B",102%,IF(Y18="C",75%,50%))))*Z18)>100,100,(X18*(IF(Y18="A",105%,IF(Y18="B",102%,IF(Y18="C",75%,50%))))*Z18)),0) -> #DIV/0!
A19: 7 | B19: 0104459637 / 252610055 | C19: Amira Agni Kayla Raisya | S19: =AVERAGE(D19:H19) -> #DIV/0! | T19: =AVERAGE(I19:M19) -> #DIV/0! | U19: =AVERAGE(N19:R19) -> #DIV/0! | W19: =AVERAGE(S19:U19) -> #DIV/0! | X19: =ROUND(AVERAGE(V19:W19),0) -> #DIV/0! | Z19: 1 | AA19: =ROUND(IF((X19*(IF(Y19="A",105%,IF(Y19="B",102%,IF(Y19="C",75%,50%))))*Z19)>100,100,(X19*(IF(Y19="A",105%,IF(Y19="B",102%,IF(Y19="C",75%,50%))))*Z19)),0) -> #DIV/0!
A20: 8 | B20: 0104825356 / 252610057 | C20: Amirah Khalishah Somoal | S20: =AVERAGE(D20:H20) -> #DIV/0! | T20: =AVERAGE(I20:M20) -> #DIV/0! | U20: =AVERAGE(N20:R20) -> #DIV/0! | W20: =AVERAGE(S20:U20) -> #DIV/0! | X20: =ROUND(AVERAGE(V20:W20),0) -> #DIV/0! | Z20: 1 | AA20: =ROUND(IF((X20*(IF(Y20="A",105%,IF(Y20="B",102%,IF(Y20="C",75%,50%))))*Z20)>100,100,(X20*(IF(Y20="A",105%,IF(Y20="B",102%,IF(Y20="C",75%,50%))))*Z20)),0) -> #DIV/0!
A21: 9 | B21: 0099339799 / 252610060 | C21: Anas Legawa Riyadi | S21: =AVERAGE(D21:H21) -> #DIV/0! | T21: =AVERAGE(I21:M21) -> #DIV/0! | U21: =AVERAGE(N21:R21) -> #DIV/0! | W21: =AVERAGE(S21:U21) -> #DIV/0! | X21: =ROUND(AVERAGE(V21:W21),0) -> #DIV/0! | Z21: 1 | AA21: =ROUND(IF((X21*(IF(Y21="A",105%,IF(Y21="B",102%,IF(Y21="C",75%,50%))))*Z21)>100,100,(X21*(IF(Y21="A",105%,IF(Y21="B",102%,IF(Y21="C",75%,50%))))*Z21)),0) -> #DIV/0!
A22: 10 | B22: 0098197227 / 252610067 | C22: Annisa Fitriyani | S22: =AVERAGE(D22:H22) -> #DIV/0! | T22: =AVERAGE(I22:M22) -> #DIV/0! | U22: =AVERAGE(N22:R22) -> #DIV/0! | W22: =AVERAGE(S22:U22) -> #DIV/0! | X22: =ROUND(AVERAGE(V22:W22),0) -> #DIV/0! | Z22: 1 | AA22: =ROUND(IF((X22*(IF(Y22="A",105%,IF(Y22="B",102%,IF(Y22="C",75%,50%))))*Z22)>100,100,(X22*(IF(Y22="A",105%,IF(Y22="B",102%,IF(Y22="C",75%,50%))))*Z22)),0) -> #DIV/0!
A23: 11 | B23: 0093274791 / 252610115 | C23: Bagaskara Bisma Anoka | S23: =AVERAGE(D23:H23) -> #DIV/0! | T23: =AVERAGE(I23:M23) -> #DIV/0! | U23: =AVERAGE(N23:R23) -> #DIV/0! | W23: =AVERAGE(S23:U23) -> #DIV/0! | X23: =ROUND(AVERAGE(V23:W23),0) -> #DIV/0! | Z23: 1 | AA23: =ROUND(IF((X23*(IF(Y23="A",105%,IF(Y23="B",102%,IF(Y23="C",75%,50%))))*Z23)>100,100,(X23*(IF(Y23="A",105%,IF(Y23="B",102%,IF(Y23="C",75%,50%))))*Z23)),0) -> #DIV/0!
A24: 12 | B24: 0099900563 / 252610123 | C24: Bilqis Nikita Aylani | S24: =AVERAGE(D24:H24) -> #DIV/0! | T24: =AVERAGE(I24:M24) -> #DIV/0! | U24: =AVERAGE(N24:R24) -> #DIV/0! | W24: =AVERAGE(S24:U24) -> #DIV/0! | X24: =ROUND(AVERAGE(V24:W24),0) -> #DIV/0! | Z24: 1 | AA24: =ROUND(IF((X24*(IF(Y24="A",105%,IF(Y24="B",102%,IF(Y24="C",75%,50%))))*Z24)>100,100,(X24*(IF(Y24="A",105%,IF(Y24="B",102%,IF(Y24="C",75%,50%))))*Z24)),0) -> #DIV/0!
... A48: 36 | B48: 0102081772 / 252610451 | C48: Raden Ciara Za Syahluna | S48: =AVERAGE(D48:H48) -> #DIV/0! | T48: =AVERAGE(I48:M48) -> #DIV/0! | U48: =AVERAGE(N48:R48) -> #DIV/0! | W48: =AVERAGE(S48:U48) -> #DIV/0! | X48: =ROUND(AVERAGE(V48:W48),0) -> #DIV/0! | Z48: 1 | AA48: =ROUND(IF((X48*(IF(Y48="A",105%,IF(Y48="B",102%,IF(Y48="C",75%,50%))))*Z48)>100,100,(X48*(IF(Y48="A",105%,IF(Y48="B",102%,IF(Y48="C",75%,50%))))*Z48)),0) -> #DIV/0!
A49: 37 | B49: 0097864614 / 252610471 | C49: Rama Andhika | S49: =AVERAGE(D49:H49) -> #DIV/0! | T49: =AVERAGE(I49:M49) -> #DIV/0! | U49: =AVERAGE(N49:R49) -> #DIV/0! | W49: =AVERAGE(S49:U49) -> #DIV/0! | X49: =ROUND(AVERAGE(V49:W49),0) -> #DIV/0! | AA49: =ROUND(IF((X49*(IF(Y49="A",105%,IF(Y49="B",102%,IF(Y49="C",75%,50%))))*Z49)>100,100,(X49*(IF(Y49="A",105%,IF(Y49="B",102%,IF(Y49="C",75%,50%))))*Z49)),0) -> #DIV/0!
A50: 38 | B50: 0093090773 / 252610481 | C50: Reisha Azzahra Pramesti | S50: =AVERAGE(D50:H50) -> #DIV/0! | T50: =AVERAGE(I50:M50) -> #DIV/0! | U50: =AVERAGE(N50:R50) -> #DIV/0! | W50: =AVERAGE(S50:U50) -> #DIV/0! | X50: =ROUND(AVERAGE(V50:W50),0) -> #DIV/0! | AA50: =ROUND(IF((X50*(IF(Y50="A",105%,IF(Y50="B",102%,IF(Y50="C",75%,50%))))*Z50)>100,100,(X50*(IF(Y50="A",105%,IF(Y50="B",102%,IF(Y50="C",75%,50%))))*Z50)),0) -> #DIV/0!
A51: 39 | B51: 0095160472 / 252610488 | C51: Rheiska Amelia | S51: =AVERAGE(D51:H51) -> #DIV/0! | T51: =AVERAGE(I51:M51) -> #DIV/0! | U51: =AVERAGE(N51:R51) -> #DIV/0! | W51: =AVERAGE(S51:U51) -> #DIV/0! | X51: =ROUND(AVERAGE(V51:W51),0) -> #DIV/0! | AA51: =ROUND(IF((X51*(IF(Y51="A",105%,IF(Y51="B",102%,IF(Y51="C",75%,50%))))*Z51)>100,100,(X51*(IF(Y51="A",105%,IF(Y51="B",102%,IF(Y51="C",75%,50%))))*Z51)),0) -> #DIV/0!
A52: 40 | B52: 0092402487 / 252610507 | C52: Salsabila Kinaya | S52: =AVERAGE(D52:H52) -> #DIV/0! | T52: =AVERAGE(I52:M52) -> #DIV/0! | U52: =AVERAGE(N52:R52) -> #DIV/0! | W52: =AVERAGE(S52:U52) -> #DIV/0! | X52: =ROUND(AVERAGE(V52:W52),0) -> #DIV/0! | AA52: =ROUND(IF((X52*(IF(Y52="A",105%,IF(Y52="B",102%,IF(Y52="C",75%,50%))))*Z52)>100,100,(X52*(IF(Y52="A",105%,IF(Y52="B",102%,IF(Y52="C",75%,50%))))*Z52)),0) -> #DIV/0!
A53: 41 | B53: 0092706472 / 252610535 | C53: Syarafina Nur Alifatuzahro | S53: =AVERAGE(D53:H53) -> #DIV/0! | T53: =AVERAGE(I53:M53) -> #DIV/0! | U53: =AVERAGE(N53:R53) -> #DIV/0! | W53: =AVERAGE(S53:U53) -> #DIV/0! | X53: =ROUND(AVERAGE(V53:W53),0) -> #DIV/0! | AA53: =ROUND(IF((X53*(IF(Y53="A",105%,IF(Y53="B",102%,IF(Y53="C",75%,50%))))*Z53)>100,100,(X53*(IF(Y53="A",105%,IF(Y53="B",102%,IF(Y53="C",75%,50%))))*Z53)),0) -> #DIV/0!
A54: 42 | B54: 0105183684 / 252610540 | C54: Tanty Amelia Al Rasyid | S54: =AVERAGE(D54:H54) -> #DIV/0! | T54: =AVERAGE(I54:M54) -> #DIV/0! | U54: =AVERAGE(N54:R54) -> #DIV/0! | W54: =AVERAGE(S54:U54) -> #DIV/0! | X54: =ROUND(AVERAGE(V54:W54),0) -> #DIV/0! | AA54: =ROUND(IF((X54*(IF(Y54="A",105%,IF(Y54="B",102%,IF(Y54="C",75%,50%))))*Z54)>100,100,(X54*(IF(Y54="A",105%,IF(Y54="B",102%,IF(Y54="C",75%,50%))))*Z54)),0) -> #DIV/0!
A55: 43 | B55: 0098052333 / 252610543 | C55: Teduh Mutiara Hapsari | S55: =AVERAGE(D55:H55) -> #DIV/0! | T55: =AVERAGE(I55:M55) -> #DIV/0! | U55: =AVERAGE(N55:R55) -> #DIV/0! | W55: =AVERAGE(S55:U55) -> #DIV/0! | X55: =ROUND(AVERAGE(V55:W55),0) -> #DIV/0! | AA55: =ROUND(IF((X55*(IF(Y55="A",105%,IF(Y55="B",102%,IF(Y55="C",75%,50%))))*Z55)>100,100,(X55*(IF(Y55="A",105%,IF(Y55="B",102%,IF(Y55="C",75%,50%))))*Z55)),0) -> #DIV/0!
A56: 44 | B56: 3094664028 / 252610549 | C56: Tubagus Mochamad Rizki Fauzan Al Faris | S56: =AVERAGE(D56:H56) -> #DIV/0! | T56: =AVERAGE(I56:M56) -> #DIV/0! | U56: =AVERAGE(N56:R56) -> #DIV/0! | W56: =AVERAGE(S56:U56) -> #DIV/0! | X56: =ROUND(AVERAGE(V56:W56),0) -> #DIV/0! | AA56: =ROUND(IF((X56*(IF(Y56="A",105%,IF(Y56="B",102%,IF(Y56="C",75%,50%))))*Z56)>100,100,(X56*(IF(Y56="A",105%,IF(Y56="B",102%,IF(Y56="C",75%,50%))))*Z56)),0) -> #DIV/0!
A57: 45 | B57: 0099429653 / 252610554 | C57: Yanza Rizkia Salsabillah | S57: =AVERAGE(D57:H57) -> #DIV/0! | T57: =AVERAGE(I57:M57) -> #DIV/0! | U57: =AVERAGE(N57:R57) -> #DIV/0! | W57: =AVERAGE(S57:U57) -> #DIV/0! | X57: =ROUND(AVERAGE(V57:W57),0) -> #DIV/0! | AA57: =ROUND(IF((X57*(IF(Y57="A",105%,IF(Y57="B",102%,IF(Y57="C",75%,50%))))*Z57)>100,100,(X57*(IF(Y57="A",105%,IF(Y57="B",102%,IF(Y57="C",75%,50%))))*Z57)),0) -> #DIV/0!
Y59: max
Y60: min
Y61: avg

Sheet X 6
A1: PEMERINTAH DAERAH PROVINSI JAWA BARAT DINAS PENDIDIKAN SMA NEGERI 2 CIBINONG Jln. Karadenan No. 5 Cibinong Telp/Fax. ( 0251 ) 8654347 Bogor 16913 http://www.sman2cibinong.sch.id email: info@sman2cibinong.sch.id
A3: DAFTAR CAPAIAN PEMBELAJARAN SEMESTER 1
A4: TAHUN PELAJARAN 2025 - 2026
A6: Mata Pelajaran | C6: :
A7: Kelas | C7: : X-6
A8: Pengajar | C8: :
A10: NO | B10: NISN / NIS | C10: NAMA PESERTA DIDIK | D10: ASESMEN / PENILAIAN
S11: Rata - Rata | V11: PAS | W11: RT | X11: NR | Y11: Skp | Z11: Hdr | AA11: Rapor
D12: 1 | E12: 2 | F12: 3 | G12: 4 | H12: 5 | I12: 1 | J12: 2 | K12: 3 | L12: 4 | M12: 5 | N12: 1 | O12: 2 | P12: 3 | Q12: 4 | R12: 5 | S12: CP1 | T12: CP2 | U12: CP3
A13: 1 | B13: 0096316890 / 252610005 | C13: Achmad Firza Ghibran | S13: =AVERAGE(D13:H13) -> #DIV/0! | T13: =AVERAGE(I13:M13) -> #DIV/0! | U13: =AVERAGE(N13:R13) -> #DIV/0! | W13: =AVERAGE(S13:U13) -> #DIV/0! | X13: =ROUND(AVERAGE(V13:W13),0) -> #DIV/0! | Z13: 1 | AA13: =ROUND(IF((X13*(IF(Y13="A",105%,IF(Y13="B",102%,IF(Y13="C",75%,50%))))*Z13)>100,100,(X13*(IF(Y13="A",105%,IF(Y13="B",102%,IF(Y13="C",75%,50%))))*Z13)),0) -> #DIV/0!
A14: 2 | B14: 0091825991 / 252610009 | C14: Adi Pati Jaya Prana | S14: =AVERAGE(D14:H14) -> #DIV/0! | T14: =AVERAGE(I14:M14) -> #DIV/0! | U14: =AVERAGE(N14:R14) -> #DIV/0! | W14: =AVERAGE(S14:U14) -> #DIV/0! | X14: =ROUND(AVERAGE(V14:W14),0) -> #DIV/0! | Z14: 1 | AA14: =ROUND(IF((X14*(IF(Y14="A",105%,IF(Y14="B",102%,IF(Y14="C",75%,50%))))*Z14)>100,100,(X14*(IF(Y14="A",105%,IF(Y14="B",102%,IF(Y14="C",75%,50%))))*Z14)),0) -> #DIV/0!
A15: 3 | B15: 0094216872 / 252610036 | C15: Alfany Himma Roudina | S15: =AVERAGE(D15:H15) -> #DIV/0! | T15: =AVERAGE(I15:M15) -> #DIV/0! | U15: =AVERAGE(N15:R15) -> #DIV/0! | W15: =AVERAGE(S15:U15) -> #DIV/0! | X15: =ROUND(AVERAGE(V15:W15),0) -> #DIV/0! | Z15: 1 | AA15: =ROUND(IF((X15*(IF(Y15="A",105%,IF(Y15="B",102%,IF(Y15="C",75%,50%))))*Z15)>100,100,(X15*(IF(Y15="A",105%,IF(Y15="B",102%,IF(Y15="C",75%,50%))))*Z15)),0) -> #DIV/0!
A16: 4 | B16: 3093210071 / 252610042 | C16: Alisa Putri | S16: =AVERAGE(D16:H16) -> #DIV/0! | T16: =AVERAGE(I16:M16) -> #DIV/0! | U16: =AVERAGE(N16:R16) -> #DIV/0! | W16: =AVERAGE(S16:U16) -> #DIV/0! | X16: =ROUND(AVERAGE(V16:W16),0) -> #DIV/0! | Z16: 1 | AA16: =ROUND(IF((X16*(IF(Y16="A",105%,IF(Y16="B",102%,IF(Y16="C",75%,50%))))*Z16)>100,100,(X16*(IF(Y16="A",105%,IF(Y16="B",102%,IF(Y16="C",75%,50%))))*Z16)),0) -> #DIV/0!
A17: 5 | B17: 0099344894 / 252610072 | C17: Aqila Noya Faiza | S17: =AVERAGE(D17:H17) -> #DIV/0! | T17: =AVERAGE(I17:M17) -> #DIV/0! | U17: =AVERAGE(N17:R17) -> #DIV/0! | W17: =AVERAGE(S17:U17) -> #DIV/0! | X17: =ROUND(AVERAGE(V17:W17),0) -> #DIV/0! | Z17: 1 | AA17: =ROUND(IF((X17*(IF(Y17="A",105%,IF(Y17="B",102%,IF(Y17="C",75%,50%))))*Z17)>100,100,(X17*(IF(Y17="A",105%,IF(Y17="B",102%,IF(Y17="C",75%,50%))))*Z17)),0) -> #DIV/0!
A18: 6 | B18: 0109520546 / 252610120 | C18: Bernala Baratama Sirait | S18: =AVERAGE(D18:H18) -> #DIV/0! | T18: =AVERAGE(I18:M18) -> #DIV/0! | U18: =AVERAGE(N18:R18) -> #DIV/0! | W18: =AVERAGE(S18:U18) -> #DIV/0! | X18: =ROUND(AVERAGE(V18:W18),0) -> #DIV/0! | Z18: 1 | AA18: =ROUND(IF((X18*(IF(Y18="A",105%,IF(Y18="B",102%,IF(Y18="C",75%,50%))))*Z18)>100,100,(X18*(IF(Y18="A",105%,IF(Y18="B",102%,IF(Y18="C",75%,50%))))*Z18)),0) -> #DIV/0!
A19: 7 | B19: 0104799326 / 252610134 | C19: Chempaka Balqist Zavira Mentary Misman | S19: =AVERAGE(D19:H19) -> #DIV/0! | T19: =AVERAGE(I19:M19) -> #DIV/0! | U19: =AVERAGE(N19:R19) -> #DIV/0! | W19: =AVERAGE(S19:U19) -> #DIV/0! | X19: =ROUND(AVERAGE(V19:W19),0) -> #DIV/0! | Z19: 1 | AA19: =ROUND(IF((X19*(IF(Y19="A",105%,IF(Y19="B",102%,IF(Y19="C",75%,50%))))*Z19)>100,100,(X19*(IF(Y19="A",105%,IF(Y19="B",102%,IF(Y19="C",75%,50%))))*Z19)),0) -> #DIV/0!
A20: 8 | B20: 0081552525 / 252610150 | C20: Defrino Viernadi Laitnis Yusfa | S20: =AVERAGE(D20:H20) -> #DIV/0! | T20: =AVERAGE(I20:M20) -> #DIV/0! | U20: =AVERAGE(N20:R20) -> #DIV/0! | W20: =AVERAGE(S20:U20) -> #DIV/0! | X20: =ROUND(AVERAGE(V20:W20),0) -> #DIV/0! | Z20: 1 | AA20: =ROUND(IF((X20*(IF(Y20="A",105%,IF(Y20="B",102%,IF(Y20="C",75%,50%))))*Z20)>100,100,(X20*(IF(Y20="A",105%,IF(Y20="B",102%,IF(Y20="C",75%,50%))))*Z20)),0) -> #DIV/0!
A21: 9 | B21: 0099286083 / 252610157 | C21: Dhia Salsabila | S21: =AVERAGE(D21:H21) -> #DIV/0! | T21: =AVERAGE(I21:M21) -> #DIV/0! | U21: =AVERAGE(N21:R21) -> #DIV/0! | W21: =AVERAGE(S21:U21) -> #DIV/0! | X21: =ROUND(AVERAGE(V21:W21),0) -> #DIV/0! | Z21: 1 | AA21: =ROUND(IF((X21*(IF(Y21="A",105%,IF(Y21="B",102%,IF(Y21="C",75%,50%))))*Z21)>100,100,(X21*(IF(Y21="A",105%,IF(Y21="B",102%,IF(Y21="C",75%,50%))))*Z21)),0) -> #DIV/0!
A22: 10 | B22: 0093451857 / 252610167 | C22: Dinda Dyah Pitaloka | S22: =AVERAGE(D22:H22) -> #DIV/0! | T22: =AVERAGE(I22:M22) -> #DIV/0! | U22: =AVERAGE(N22:R22) -> #DIV/0! | W22: =AVERAGE(S22:U22) -> #DIV/0! | X22: =ROUND(AVERAGE(V22:W22),0) -> #DIV/0! | Z22: 1 | AA22: =ROUND(IF((X22*(IF(Y22="A",105%,IF(Y22="B",102%,IF(Y22="C",75%,50%))))*Z22)>100,100,(X22*(IF(Y22="A",105%,IF(Y22="B",102%,IF(Y22="C",75%,50%))))*Z22)),0) -> #DIV/0!
A23: 11 | B23: 0074430959 / 252610172 | C23: Dwi Irmawati | S23: =AVERAGE(D23:H23) -> #DIV/0! | T23: =AVERAGE(I23:M23) -> #DIV/0! | U23: =AVERAGE(N23:R23) -> #DIV/0! | W23: =AVERAGE(S23:U23) -> #DIV/0! | X23: =ROUND(AVERAGE(V23:W23),0) -> #DIV/0! | Z23: 1 | AA23: =ROUND(IF((X23*(IF(Y23="A",105%,IF(Y23="B",102%,IF(Y23="C",75%,50%))))*Z23)>100,100,(X23*(IF(Y23="A",105%,IF(Y23="B",102%,IF(Y23="C",75%,50%))))*Z23)),0) -> #DIV/0!
A24: 12 | B24: 0096744611 / 252610176 | C24: Egi Surjana | S24: =AVERAGE(D24:H24) -> #DIV/0! | T24: =AVERAGE(I24:M24) -> #DIV/0! | U24: =AVERAGE(N24:R24) -> #DIV/0! | W24: =AVERAGE(S24:U24) -> #DIV/0! | X24: =ROUND(AVERAGE(V24:W24),0) -> #DIV/0! | Z24: 1 | AA24: =ROUND(IF((X24*(IF(Y24="A",105%,IF(Y24="B",102%,IF(Y24="C",75%,50%))))*Z24)>100,100,(X24*(IF(Y24="A",105%,IF(Y24="B",102%,IF(Y24="C",75%,50%))))*Z24)),0) -> #DIV/0!
... A48: 36 | B48: 0094690365 / 252610478 | C48: Raynar Abiyu Diera | S48: =AVERAGE(D48:H48) -> #DIV/0! | T48: =AVERAGE(I48:M48) -> #DIV/0! | U48: =AVERAGE(N48:R48) -> #DIV/0! | W48: =AVERAGE(S48:U48) -> #DIV/0! | X48: =ROUND(AVERAGE(V48:W48),0) -> #DIV/0! | Z48: 1 | AA48: =ROUND(IF((X48*(IF(Y48="A",105%,IF(Y48="B",102%,IF(Y48="C",75%,50%))))*Z48)>100,100,(X48*(IF(Y48="A",105%,IF(Y48="B",102%,IF(Y48="C",75%,50%))))*Z48)),0) -> #DIV/0!
A49: 37 | B49: 0093623051 / 252610479 | C49: Rayyan Wahyu Ramadhan | S49: =AVERAGE(D49:H49) -> #DIV/0! | T49: =AVERAGE(I49:M49) -> #DIV/0! | U49: =AVERAGE(N49:R49) -> #DIV/0! | W49: =AVERAGE(S49:U49) -> #DIV/0! | X49: =ROUND(AVERAGE(V49:W49),0) -> #DIV/0! | AA49: =ROUND(IF((X49*(IF(Y49="A",105%,IF(Y49="B",102%,IF(Y49="C",75%,50%))))*Z49)>100,100,(X49*(IF(Y49="A",105%,IF(Y49="B",102%,IF(Y49="C",75%,50%))))*Z49)),0) -> #DIV/0!
A50: 38 | B50: 0108406931 / 252610484 | C50: Reva Aulia Putri | S50: =AVERAGE(D50:H50) -> #DIV/0! | T50: =AVERAGE(I50:M50) -> #DIV/0! | U50: =AVERAGE(N50:R50) -> #DIV/0! | W50: =AVERAGE(S50:U50) -> #DIV/0! | X50: =ROUND(AVERAGE(V50:W50),0) -> #DIV/0! | AA50: =ROUND(IF((X50*(IF(Y50="A",105%,IF(Y50="B",102%,IF(Y50="C",75%,50%))))*Z50)>100,100,(X50*(IF(Y50="A",105%,IF(Y50="B",102%,IF(Y50="C",75%,50%))))*Z50)),0) -> #DIV/0!
A51: 39 | B51: 0104171202 / 252610486 | C51: Revina Apriza | S51: =AVERAGE(D51:H51) -> #DIV/0! | T51: =AVERAGE(I51:M51) -> #DIV/0! | U51: =AVERAGE(N51:R51) -> #DIV/0! | W51: =AVERAGE(S51:U51) -> #DIV/0! | X51: =ROUND(AVERAGE(V51:W51),0) -> #DIV/0! | AA51: =ROUND(IF((X51*(IF(Y51="A",105%,IF(Y51="B",102%,IF(Y51="C",75%,50%))))*Z51)>100,100,(X51*(IF(Y51="A",105%,IF(Y51="B",102%,IF(Y51="C",75%,50%))))*Z51)),0) -> #DIV/0!
A52: 40 | B52: 3096816288 / 252610495 | C52: Rossy Indriyati | S52: =AVERAGE(D52:H52) -> #DIV/0! | T52: =AVERAGE(I52:M52) -> #DIV/0! | U52: =AVERAGE(N52:R52) -> #DIV/0! | W52: =AVERAGE(S52:U52) -> #DIV/0! | X52: =ROUND(AVERAGE(V52:W52),0) -> #DIV/0! | AA52: =ROUND(IF((X52*(IF(Y52="A",105%,IF(Y52="B",102%,IF(Y52="C",75%,50%))))*Z52)>100,100,(X52*(IF(Y52="A",105%,IF(Y52="B",102%,IF(Y52="C",75%,50%))))*Z52)),0) -> #DIV/0!
A53: 41 | B53: 0102698949 / 252610505 | C53: Salsa Kirana Putri | S53: =AVERAGE(D53:H53) -> #DIV/0! | T53: =AVERAGE(I53:M53) -> #DIV/0! | U53: =AVERAGE(N53:R53) -> #DIV/0! | W53: =AVERAGE(S53:U53) -> #DIV/0! | X53: =ROUND(AVERAGE(V53:W53),0) -> #DIV/0! | AA53: =ROUND(IF((X53*(IF(Y53="A",105%,IF(Y53="B",102%,IF(Y53="C",75%,50%))))*Z53)>100,100,(X53*(IF(Y53="A",105%,IF(Y53="B",102%,IF(Y53="C",75%,50%))))*Z53)),0) -> #DIV/0!
A54: 42 | B54: 3096600612 / 252610517 | C54: Shalomieta Aira Kinaya | S54: =AVERAGE(D54:H54) -> #DIV/0! | T54: =AVERAGE(I54:M54) -> #DIV/0! | U54: =AVERAGE(N54:R54) -> #DIV/0! | W54: =AVERAGE(S54:U54) -> #DIV/0! | X54: =ROUND(AVERAGE(V54:W54),0) -> #DIV/0! | AA54: =ROUND(IF((X54*(IF(Y54="A",105%,IF(Y54="B",102%,IF(Y54="C",75%,50%))))*Z54)>100,100,(X54*(IF(Y54="A",105%,IF(Y54="B",102%,IF(Y54="C",75%,50%))))*Z54)),0) -> #DIV/0!
A55: 43 | B55: 0106462308 / 252610528 | C55: Syahdan Akbar Mara Putra | S55: =AVERAGE(D55:H55) -> #DIV/0! | T55: =AVERAGE(I55:M55) -> #DIV/0! | U55: =AVERAGE(N55:R55) -> #DIV/0! | W55: =AVERAGE(S55:U55) -> #DIV/0! | X55: =ROUND(AVERAGE(V55:W55),0) -> #DIV/0! | AA55: =ROUND(IF((X55*(IF(Y55="A",105%,IF(Y55="B",102%,IF(Y55="C",75%,50%))))*Z55)>100,100,(X55*(IF(Y55="A",105%,IF(Y55="B",102%,IF(Y55="C",75%,50%))))*Z55)),0) -> #DIV/0!
A56: 44 | B56: 0101383149 / 252610529 | C56: Syahla Adzkannisa Vuzela | S56: =AVERAGE(D56:H56) -> #DIV/0! | T56: =AVERAGE(I56:M56) -> #DIV/0! | U56: =AVERAGE(N56:R56) -> #DIV/0! | W56: =AVERAGE(S56:U56) -> #DIV/0! | X56: =ROUND(AVERAGE(V56:W56),0) -> #DIV/0! | AA56: =ROUND(IF((X56*(IF(Y56="A",105%,IF(Y56="B",102%,IF(Y56="C",75%,50%))))*Z56)>100,100,(X56*(IF(Y56="A",105%,IF(Y56="B",102%,IF(Y56="C",75%,50%))))*Z56)),0) -> #DIV/0!
A57: 45 | B57: 0107096617 / 252610541 | C57: Taufik Hidayah | S57: =AVERAGE(D57:H57) -> #DIV/0! | T57: =AVERAGE(I57:M57) -> #DIV/0! | U57: =AVERAGE(N57:R57) -> #DIV/0! | W57: =AVERAGE(S57:U57) -> #DIV/0! | X57: =ROUND(AVERAGE(V57:W57),0) -> #DIV/0! | AA57: =ROUND(IF((X57*(IF(Y57="A",105%,IF(Y57="B",102%,IF(Y57="C",75%,50%))))*Z57)>100,100,(X57*(IF(Y57="A",105%,IF(Y57="B",102%,IF(Y57="C",75%,50%))))*Z57)),0) -> #DIV/0!
Y59: max
Y60: min
Y61: avg

Sheet X 7
A1: PEMERINTAH DAERAH PROVINSI JAWA BARAT DINAS PENDIDIKAN SMA NEGERI 2 CIBINONG Jln. Karadenan No. 5 Cibinong Telp/Fax. ( 0251 ) 8654347 Bogor 16913 http://www.sman2cibinong.sch.id email: info@sman2cibinong.sch.id
A3: DAFTAR CAPAIAN PEMBELAJARAN SEMESTER 1
A4: TAHUN PELAJARAN 2025 - 2026
A6: Mata Pelajaran | C6: :
A7: Kelas | C7: : X-7
A8: Pengajar | C8: :
A10: NO | B10: NISN / NIS | C10: NAMA PESERTA DIDIK | D10: ASESMEN / PENILAIAN
S11: Rata - Rata | V11: PAS | W11: RT | X11: NR | Y11: Skp | Z11: Hdr | AA11: Rapor
D12: 1 | E12: 2 | F12: 3 | G12: 4 | H12: 5 | I12: 1 | J12: 2 | K12: 3 | L12: 4 | M12: 5 | N12: 1 | O12: 2 | P12: 3 | Q12: 4 | R12: 5 | S12: CP1 | T12: CP2 | U12: CP3
A13: 1 | B13: 0101303057 / 252610006 | C13: Adara Luthfia Putri | S13: =AVERAGE(D13:H13) -> #DIV/0! | T13: =AVERAGE(I13:M13) -> #DIV/0! | U13: =AVERAGE(N13:R13) -> #DIV/0! | W13: =AVERAGE(S13:U13) -> #DIV/0! | X13: =ROUND(AVERAGE(V13:W13),0) -> #DIV/0! | Z13: 1 | AA13: =ROUND(IF((X13*(IF(Y13="A",105%,IF(Y13="B",102%,IF(Y13="C",75%,50%))))*Z13)>100,100,(X13*(IF(Y13="A",105%,IF(Y13="B",102%,IF(Y13="C",75%,50%))))*Z13)),0) -> #DIV/0!
A14: 2 | B14: 0109597144 / 252610017 | C14: Ahmad Fahri Hidayat | S14: =AVERAGE(D14:H14) -> #DIV/0! | T14: =AVERAGE(I14:M14) -> #DIV/0! | U14: =AVERAGE(N14:R14) -> #DIV/0! | W14: =AVERAGE(S14:U14) -> #DIV/0! | X14: =ROUND(AVERAGE(V14:W14),0) -> #DIV/0! | Z14: 1 | AA14: =ROUND(IF((X14*(IF(Y14="A",105%,IF(Y14="B",102%,IF(Y14="C",75%,50%))))*Z14)>100,100,(X14*(IF(Y14="A",105%,IF(Y14="B",102%,IF(Y14="C",75%,50%))))*Z14)),0) -> #DIV/0!
A15: 3 | B15: 3096764634 / 252610025 | C15: Aira Kirana | S15: =AVERAGE(D15:H15) -> #DIV/0! | T15: =AVERAGE(I15:M15) -> #DIV/0! | U15: =AVERAGE(N15:R15) -> #DIV/0! | W15: =AVERAGE(S15:U15) -> #DIV/0! | X15: =ROUND(AVERAGE(V15:W15),0) -> #DIV/0! | Z15: 1 | AA15: =ROUND(IF((X15*(IF(Y15="A",105%,IF(Y15="B",102%,IF(Y15="C",75%,50%))))*Z15)>100,100,(X15*(IF(Y15="A",105%,IF(Y15="B",102%,IF(Y15="C",75%,50%))))*Z15)),0) -> #DIV/0!
A16: 4 | B16: 0094347087 / 252610044 | C16: Aliya Trianzani Putri | S16: =AVERAGE(D16:H16) -> #DIV/0! | T16: =AVERAGE(I16:M16) -> #DIV/0! | U16: =AVERAGE(N16:R16) -> #DIV/0! | W16: =AVERAGE(S16:U16) -> #DIV/0! | X16: =ROUND(AVERAGE(V16:W16),0) -> #DIV/0! | Z16: 1 | AA16: =ROUND(IF((X16*(IF(Y16="A",105%,IF(Y16="B",102%,IF(Y16="C",75%,50%))))*Z16)>100,100,(X16*(IF(Y16="A",105%,IF(Y16="B",102%,IF(Y16="C",75%,50%))))*Z16)),0) -> #DIV/0!
A17: 5 | B17: 0101401010 / 252610051 | C17: Alya Silvana Sarifah | S17: =AVERAGE(D17:H17) -> #DIV/0! | T17: =AVERAGE(I17:M17) -> #DIV/0! | U17: =AVERAGE(N17:R17) -> #DIV/0! | W17: =AVERAGE(S17:U17) -> #DIV/0! | X17: =ROUND(AVERAGE(V17:W17),0) -> #DIV/0! | Z17: 1 | AA17: =ROUND(IF((X17*(IF(Y17="A",105%,IF(Y17="B",102%,IF(Y17="C",75%,50%))))*Z17)>100,100,(X17*(IF(Y17="A",105%,IF(Y17="B",102%,IF(Y17="C",75%,50%))))*Z17)),0) -> #DIV/0!
A18: 6 | B18: 0106758481 / 252610064 | C18: Anindya Estyana Damayanti | S18: =AVERAGE(D18:H18) -> #DIV/0! | T18: =AVERAGE(I18:M18) -> #DIV/0! | U18: =AVERAGE(N18:R18) -> #DIV/0! | W18: =AVERAGE(S18:U18) -> #DIV/0! | X18: =ROUND(AVERAGE(V18:W18),0) -> #DIV/0! | Z18: 1 | AA18: =ROUND(IF((X18*(IF(Y18="A",105%,IF(Y18="B",102%,IF(Y18="C",75%,50%))))*Z18)>100,100,(X18*(IF(Y18="A",105%,IF(Y18="B",102%,IF(Y18="C",75%,50%))))*Z18)),0) -> #DIV/0!
A19: 7 | B19: 0092241333 / 252610113 | C19: Azri Aditya Amada | S19: =AVERAGE(D19:H19) -> #DIV/0! | T19: =AVERAGE(I19:M19) -> #DIV/0! | U19: =AVERAGE(N19:R19) -> #DIV/0! | W19: =AVERAGE(S19:U19) -> #DIV/0! | X19: =ROUND(AVERAGE(V19:W19),0) -> #DIV/0! | Z19: 1 | AA19: =ROUND(IF((X19*(IF(Y19="A",105%,IF(Y19="B",102%,IF(Y19="C",75%,50%))))*Z19)>100,100,(X19*(IF(Y19="A",105%,IF(Y19="B",102%,IF(Y19="C",75%,50%))))*Z19)),0) -> #DIV/0!
A20: 8 | B20: 0102239764 / 252610140 | C20: Clara Dwi Cahya | S20: =AVERAGE(D20:H20) -> #DIV/0! | T20: =AVERAGE(I20:M20) -> #DIV/0! | U20: =AVERAGE(N20:R20) -> #DIV/0! | W20: =AVERAGE(S20:U20) -> #DIV/0! | X20: =ROUND(AVERAGE(V20:W20),0) -> #DIV/0! | Z20: 1 | AA20: =ROUND(IF((X20*(IF(Y20="A",105%,IF(Y20="B",102%,IF(Y20="C",75%,50%))))*Z20)>100,100,(X20*(IF(Y20="A",105%,IF(Y20="B",102%,IF(Y20="C",75%,50%))))*Z20)),0) -> #DIV/0!
A21: 9 | B21: 0108763766 / 252610141 | C21: Clarisa Meidiana | S21: =AVERAGE(D21:H21) -> #DIV/0! | T21: =AVERAGE(I21:M21) -> #DIV/0! | U21: =AVERAGE(N21:R21) -> #DIV/0! | W21: =AVERAGE(S21:U21) -> #DIV/0! | X21: =ROUND(AVERAGE(V21:W21),0) -> #DIV/0! | Z21: 1 | AA21: =ROUND(IF((X21*(IF(Y21="A",105%,IF(Y21="B",102%,IF(Y21="C",75%,50%))))*Z21)>100,100,(X21*(IF(Y21="A",105%,IF(Y21="B",102%,IF(Y21="C",75%,50%))))*Z21)),0) -> #DIV/0!
A22: 10 | B22: 0103120702 / 252610144 | C22: Daffa Khoirul Fajri | S22: =AVERAGE(D22:H22) -> #DIV/0! | T22: =AVERAGE(I22:M22) -> #DIV/0! | U22: =AVERAGE(N22:R22) -> #DIV/0! | W22: =AVERAGE(S22:U22) -> #DIV/0! | X22: =ROUND(AVERAGE(V22:W22),0) -> #DIV/0! | Z22: 1 | AA22: =ROUND(IF((X22*(IF(Y22="A",105%,IF(Y22="B",102%,IF(Y22="C",75%,50%))))*Z22)>100,100,(X22*(IF(Y22="A",105%,IF(Y22="B",102%,IF(Y22="C",75%,50%))))*Z22)),0) -> #DIV/0!
A23: 11 | B23: 0099164493 / 252610156 | C23: Dhia Devita Ramadhani | S23: =AVERAGE(D23:H23) -> #DIV/0! | T23: =AVERAGE(I23:M23) -> #DIV/0! | U23: =AVERAGE(N23:R23) -> #DIV/0! | W23: =AVERAGE(S23:U23) -> #DIV/0! | X23: =ROUND(AVERAGE(V23:W23),0) -> #DIV/0! | Z23: 1 | AA23: =ROUND(IF((X23*(IF(Y23="A",105%,IF(Y23="B",102%,IF(Y23="C",75%,50%))))*Z23)>100,100,(X23*(IF(Y23="A",105%,IF(Y23="B",102%,IF(Y23="C",75%,50%))))*Z23)),0) -> #DIV/0!
A24: 12 | B24: 0093281671 / 252610159 | C24: Diajeng Inggil Lintang Aulia | S24: =AVERAGE(D24:H24) -> #DIV/0! | T24: =AVERAGE(I24:M24) -> #DIV/0! | U24: =AVERAGE(N24:R24) -> #DIV/0! | W24: =AVERAGE(S24:U24) -> #DIV/0! | X24: =ROUND(AVERAGE(V24:W24),0) -> #DIV/0! | Z24: 1 | AA24: =ROUND(IF((X24*(IF(Y24="A",105%,IF(Y24="B",102%,IF(Y24="C",75%,50%))))*Z24)>100,100,(X24*(IF(Y24="A",105%,IF(Y24="B",102%,IF(Y24="C",75%,50%))))*Z24)),0) -> #DIV/0!
... A48: 36 | B48: 0108129059 / 252610464 | C48: Raihana Humairah Budianto | S48: =AVERAGE(D48:H48) -> #DIV/0! | T48: =AVERAGE(I48:M48) -> #DIV/0! | U48: =AVERAGE(N48:R48) -> #DIV/0! | W48: =AVERAGE(S48:U48) -> #DIV/0! | X48: =ROUND(AVERAGE(V48:W48),0) -> #DIV/0! | Z48: 1 | AA48: =ROUND(IF((X48*(IF(Y48="A",105%,IF(Y48="B",102%,IF(Y48="C",75%,50%))))*Z48)>100,100,(X48*(IF(Y48="A",105%,IF(Y48="B",102%,IF(Y48="C",75%,50%))))*Z48)),0) -> #DIV/0!
A49: 37 | B49: 0109551129 / 252610466 | C49: Raisa Putri Rahima | S49: =AVERAGE(D49:H49) -> #DIV/0! | T49: =AVERAGE(I49:M49) -> #DIV/0! | U49: =AVERAGE(N49:R49) -> #DIV/0! | W49: =AVERAGE(S49:U49) -> #DIV/0! | X49: =ROUND(AVERAGE(V49:W49),0) -> #DIV/0! | AA49: =ROUND(IF((X49*(IF(Y49="A",105%,IF(Y49="B",102%,IF(Y49="C",75%,50%))))*Z49)>100,100,(X49*(IF(Y49="A",105%,IF(Y49="B",102%,IF(Y49="C",75%,50%))))*Z49)),0) -> #DIV/0!
A50: 38 | B50: 0096444734 / 252610491 | C50: Rindu Gatari Asmiladi | S50: =AVERAGE(D50:H50) -> #DIV/0! | T50: =AVERAGE(I50:M50) -> #DIV/0! | U50: =AVERAGE(N50:R50) -> #DIV/0! | W50: =AVERAGE(S50:U50) -> #DIV/0! | X50: =ROUND(AVERAGE(V50:W50),0) -> #DIV/0! | AA50: =ROUND(IF((X50*(IF(Y50="A",105%,IF(Y50="B",102%,IF(Y50="C",75%,50%))))*Z50)>100,100,(X50*(IF(Y50="A",105%,IF(Y50="B",102%,IF(Y50="C",75%,50%))))*Z50)),0) -> #DIV/0!
A51: 39 | B51: 0107487290 / 252610504 | C51: Salman Latif Anshari | S51: =AVERAGE(D51:H51) -> #DIV/0! | T51: =AVERAGE(I51:M51) -> #DIV/0! | U51: =AVERAGE(N51:R51) -> #DIV/0! | W51: =AVERAGE(S51:U51) -> #DIV/0! | X51: =ROUND(AVERAGE(V51:W51),0) -> #DIV/0! | AA51: =ROUND(IF((X51*(IF(Y51="A",105%,IF(Y51="B",102%,IF(Y51="C",75%,50%))))*Z51)>100,100,(X51*(IF(Y51="A",105%,IF(Y51="B",102%,IF(Y51="C",75%,50%))))*Z51)),0) -> #DIV/0!
A52: 40 | B52: 3102286552 / 252610523 | C52: Siti Iklima Sakurani | S52: =AVERAGE(D52:H52) -> #DIV/0! | T52: =AVERAGE(I52:M52) -> #DIV/0! | U52: =AVERAGE(N52:R52) -> #DIV/0! | W52: =AVERAGE(S52:U52) -> #DIV/0! | X52: =ROUND(AVERAGE(V52:W52),0) -> #DIV/0! | AA52: =ROUND(IF((X52*(IF(Y52="A",105%,IF(Y52="B",102%,IF(Y52="C",75%,50%))))*Z52)>100,100,(X52*(IF(Y52="A",105%,IF(Y52="B",102%,IF(Y52="C",75%,50%))))*Z52)),0) -> #DIV/0!
A53: 41 | B53: 0107936085 / 252610525 | C53: Sultan Reynard Sabdadika | S53: =AVERAGE(D53:H53) -> #DIV/0! | T53: =AVERAGE(I53:M53) -> #DIV/0! | U53: =AVERAGE(N53:R53) -> #DIV/0! | W53: =AVERAGE(S53:U53) -> #DIV/0! | X53: =ROUND(AVERAGE(V53:W53),0) -> #DIV/0! | AA53: =ROUND(IF((X53*(IF(Y53="A",105%,IF(Y53="B",102%,IF(Y53="C",75%,50%))))*Z53)>100,100,(X53*(IF(Y53="A",105%,IF(Y53="B",102%,IF(Y53="C",75%,50%))))*Z53)),0) -> #DIV/0!
A54: 42 | B54: 0106701592 / 252610527 | C54: Syafiqa Bariq Mahya | S54: =AVERAGE(D54:H54) -> #DIV/0! | T54: =AVERAGE(I54:M54) -> #DIV/0! | U54: =AVERAGE(N54:R54) -> #DIV/0! | W54: =AVERAGE(S54:U54) -> #DIV/0! | X54: =ROUND(AVERAGE(V54:W54),0) -> #DIV/0! | AA54: =ROUND(IF((X54*(IF(Y54="A",105%,IF(Y54="B",102%,IF(Y54="C",75%,50%))))*Z54)>100,100,(X54*(IF(Y54="A",105%,IF(Y54="B",102%,IF(Y54="C",75%,50%))))*Z54)),0) -> #DIV/0!
A55: 43 | B55: 0104155224 / 252610532 | C55: Syahluna Ananta Putri | S55: =AVERAGE(D55:H55) -> #DIV/0! | T55: =AVERAGE(I55:M55) -> #DIV/0! | U55: =AVERAGE(N55:R55) -> #DIV/0! | W55: =AVERAGE(S55:U55) -> #DIV/0! | X55: =ROUND(AVERAGE(V55:W55),0) -> #DIV/0! | AA55: =ROUND(IF((X55*(IF(Y55="A",105%,IF(Y55="B",102%,IF(Y55="C",75%,50%))))*Z55)>100,100,(X55*(IF(Y55="A",105%,IF(Y55="B",102%,IF(Y55="C",75%,50%))))*Z55)),0) -> #DIV/0!
A56: 44 | B56: 0097446281 / 252610539 | C56: Tabah Rafie Abdillah | S56: =AVERAGE(D56:H56) -> #DIV/0! | T56: =AVERAGE(I56:M56) -> #DIV/0! | U56: =AVERAGE(N56:R56) -> #DIV/0! | W56: =AVERAGE(S56:U56) -> #DIV/0! | X56: =ROUND(AVERAGE(V56:W56),0) -> #DIV/0! | AA56: =ROUND(IF((X56*(IF(Y56="A",105%,IF(Y56="B",102%,IF(Y56="C",75%,50%))))*Z56)>100,100,(X56*(IF(Y56="A",105%,IF(Y56="B",102%,IF(Y56="C",75%,50%))))*Z56)),0) -> #DIV/0!
A57: 45 | B57: 0105614197 / 252610547 | C57: Tristan Lovriano Aryasatya | S57: =AVERAGE(D57:H57) -> #DIV/0! | T57: =AVERAGE(I57:M57) -> #DIV/0! | U57: =AVERAGE(N57:R57) -> #DIV/0! | W57: =AVERAGE(S57:U57) -> #DIV/0! | X57: =ROUND(AVERAGE(V57:W57),0) -> #DIV/0! | AA57: =ROUND(IF((X57*(IF(Y57="A",105%,IF(Y57="B",102%,IF(Y57="C",75%,50%))))*Z57)>100,100,(X57*(IF(Y57="A",105%,IF(Y57="B",102%,IF(Y57="C",75%,50%))))*Z57)),0) -> #DIV/0!
A58: 46 | B58: 0109499801 / 252610559 | C58: Zafira Salsa Haniah | S58: =AVERAGE(D58:H58) -> #DIV/0! | T58: =AVERAGE(I58:M58) -> #DIV/0! | U58: =AVERAGE(N58:R58) -> #DIV/0! | W58: =AVERAGE(S58:U58) -> #DIV/0! | X58: =ROUND(AVERAGE(V58:W58),0) -> #DIV/0! | AA58: =ROUND(IF((X58*(IF(Y58="A",105%,IF(Y58="B",102%,IF(Y58="C",75%,50%))))*Z58)>100,100,(X58*(IF(Y58="A",105%,IF(Y58="B",102%,IF(Y58="C",75%,50%))))*Z58)),0) -> #DIV/0!
Y60: max | AA60: =MAX(AA13:AA48) -> #DIV/0!
Y61: min | AA61: =MIN(AA13:AA48) -> #DIV/0!
Y62: avg | AA62: =AVERAGE(AA13:AA48) -> #DIV/0!

Sheet X 8
A1: PEMERINTAH DAERAH PROVINSI JAWA BARAT DINAS PENDIDIKAN SMA NEGERI 2 CIBINONG Jln. Karadenan No. 5 Cibinong Telp/Fax. ( 0251 ) 8654347 Bogor 16913 http://www.sman2cibinong.sch.id email: info@sman2cibinong.sch.id
A3: DAFTAR CAPAIAN PEMBELAJARAN SEMESTER 1
A4: TAHUN PELAJARAN 2025 - 2026
A6: Mata Pelajaran | C6: :
A7: Kelas | C7: : X-8
A8: Pengajar | C8: :
A10: NO | B10: NISN / NIS | C10: NAMA PESERTA DIDIK | D10: ASESMEN / PENILAIAN
S11: Rata - Rata | V11: PAS | W11: RT | X11: NR | Y11: Skp | Z11: Hdr | AA11: Rapor
D12: 1 | E12: 2 | F12: 3 | G12: 4 | H12: 5 | I12: 1 | J12: 2 | K12: 3 | L12: 4 | M12: 5 | N12: 1 | O12: 2 | P12: 3 | Q12: 4 | R12: 5 | S12: CP1 | T12: CP2 | U12: CP3
A13: 1 | B13: 0093560012 / 252610007 | C13: Adelia Niken | S13: =AVERAGE(D13:H13) -> #DIV/0! | T13: =AVERAGE(I13:M13) -> #DIV/0! | U13: =AVERAGE(N13:R13) -> #DIV/0! | W13: =AVERAGE(S13:U13) -> #DIV/0! | X13: =ROUND(AVERAGE(V13:W13),0) -> #DIV/0! | Z13: 1 | AA13: =ROUND(IF((X13*(IF(Y13="A",105%,IF(Y13="B",102%,IF(Y13="C",75%,50%))))*Z13)>100,100,(X13*(IF(Y13="A",105%,IF(Y13="B",102%,IF(Y13="C",75%,50%))))*Z13)),0) -> #DIV/0!
A14: 2 | B14: 0092017710 / 252610028 | C14: Aisyah Agustiani | S14: =AVERAGE(D14:H14) -> #DIV/0! | T14: =AVERAGE(I14:M14) -> #DIV/0! | U14: =AVERAGE(N14:R14) -> #DIV/0! | W14: =AVERAGE(S14:U14) -> #DIV/0! | X14: =ROUND(AVERAGE(V14:W14),0) -> #DIV/0! | Z14: 1 | AA14: =ROUND(IF((X14*(IF(Y14="A",105%,IF(Y14="B",102%,IF(Y14="C",75%,50%))))*Z14)>100,100,(X14*(IF(Y14="A",105%,IF(Y14="B",102%,IF(Y14="C",75%,50%))))*Z14)),0) -> #DIV/0!
A15: 3 | B15: 0098009248 / 252610035 | C15: Alenka Meisyarofa | S15: =AVERAGE(D15:H15) -> #DIV/0! | T15: =AVERAGE(I15:M15) -> #DIV/0! | U15: =AVERAGE(N15:R15) -> #DIV/0! | W15: =AVERAGE(S15:U15) -> #DIV/0! | X15: =ROUND(AVERAGE(V15:W15),0) -> #DIV/0! | Z15: 1 | AA15: =ROUND(IF((X15*(IF(Y15="A",105%,IF(Y15="B",102%,IF(Y15="C",75%,50%))))*Z15)>100,100,(X15*(IF(Y15="A",105%,IF(Y15="B",102%,IF(Y15="C",75%,50%))))*Z15)),0) -> #DIV/0!
A16: 4 | B16: 3105167232 / 252610040 | C16: Alifa Taqqiya Zahwa | S16: =AVERAGE(D16:H16) -> #DIV/0! | T16: =AVERAGE(I16:M16) -> #DIV/0! | U16: =AVERAGE(N16:R16) -> #DIV/0! | W16: =AVERAGE(S16:U16) -> #DIV/0! | X16: =ROUND(AVERAGE(V16:W16),0) -> #DIV/0! | Z16: 1 | AA16: =ROUND(IF((X16*(IF(Y16="A",105%,IF(Y16="B",102%,IF(Y16="C",75%,50%))))*Z16)>100,100,(X16*(IF(Y16="A",105%,IF(Y16="B",102%,IF(Y16="C",75%,50%))))*Z16)),0) -> #DIV/0!
A17: 5 | B17: 0107122505 / 252610041 | C17: Alifah Hasannah | S17: =AVERAGE(D17:H17) -> #DIV/0! | T17: =AVERAGE(I17:M17) -> #DIV/0! | U17: =AVERAGE(N17:R17) -> #DIV/0! | W17: =AVERAGE(S17:U17) -> #DIV/0! | X17: =ROUND(AVERAGE(V17:W17),0) -> #DIV/0! | Z17: 1 | AA17: =ROUND(IF((X17*(IF(Y17="A",105%,IF(Y17="B",102%,IF(Y17="C",75%,50%))))*Z17)>100,100,(X17*(IF(Y17="A",105%,IF(Y17="B",102%,IF(Y17="C",75%,50%))))*Z17)),0) -> #DIV/0!
A18: 6 | B18: 0104668456 / 252610061 | C18: Andagita Vilnaira Atha | S18: =AVERAGE(D18:H18) -> #DIV/0! | T18: =AVERAGE(I18:M18) -> #DIV/0! | U18: =AVERAGE(N18:R18) -> #DIV/0! | W18: =AVERAGE(S18:U18) -> #DIV/0! | X18: =ROUND(AVERAGE(V18:W18),0) -> #DIV/0! | Z18: 1 | AA18: =ROUND(IF((X18*(IF(Y18="A",105%,IF(Y18="B",102%,IF(Y18="C",75%,50%))))*Z18)>100,100,(X18*(IF(Y18="A",105%,IF(Y18="B",102%,IF(Y18="C",75%,50%))))*Z18)),0) -> #DIV/0!
A19: 7 | B19: 0102036572 / 252610077 | C19: Ariqah Putri Nasution | S19: =AVERAGE(D19:H19) -> #DIV/0! | T19: =AVERAGE(I19:M19) -> #DIV/0! | U19: =AVERAGE(N19:R19) -> #DIV/0! | W19: =AVERAGE(S19:U19) -> #DIV/0! | X19: =ROUND(AVERAGE(V19:W19),0) -> #DIV/0! | Z19: 1 | AA19: =ROUND(IF((X19*(IF(Y19="A",105%,IF(Y19="B",102%,IF(Y19="C",75%,50%))))*Z19)>100,100,(X19*(IF(Y19="A",105%,IF(Y19="B",102%,IF(Y19="C",75%,50%))))*Z19)),0) -> #DIV/0!
A20: 8 | B20: 0102307654 / 252610097 | C20: Aulia Cinta Divia | S20: =AVERAGE(D20:H20) -> #DIV/0! | T20: =AVERAGE(I20:M20) -> #DIV/0! | U20: =AVERAGE(N20:R20) -> #DIV/0! | W20: =AVERAGE(S20:U20) -> #DIV/0! | X20: =ROUND(AVERAGE(V20:W20),0) -> #DIV/0! | Z20: 1 | AA20: =ROUND(IF((X20*(IF(Y20="A",105%,IF(Y20="B",102%,IF(Y20="C",75%,50%))))*Z20)>100,100,(X20*(IF(Y20="A",105%,IF(Y20="B",102%,IF(Y20="C",75%,50%))))*Z20)),0) -> #DIV/0!
A21: 9 | B21: 0105089607 / 252610108 | C21: Aysha Mahira Dewi Tryana | S21: =AVERAGE(D21:H21) -> #DIV/0! | T21: =AVERAGE(I21:M21) -> #DIV/0! | U21: =AVERAGE(N21:R21) -> #DIV/0! | W21: =AVERAGE(S21:U21) -> #DIV/0! | X21: =ROUND(AVERAGE(V21:W21),0) -> #DIV/0! | Z21: 1 | AA21: =ROUND(IF((X21*(IF(Y21="A",105%,IF(Y21="B",102%,IF(Y21="C",75%,50%))))*Z21)>100,100,(X21*(IF(Y21="A",105%,IF(Y21="B",102%,IF(Y21="C",75%,50%))))*Z21)),0) -> #DIV/0!
A22: 10 | B22: 0096174502 / 252610118 | C22: Belinda Angelica | S22: =AVERAGE(D22:H22) -> #DIV/0! | T22: =AVERAGE(I22:M22) -> #DIV/0! | U22: =AVERAGE(N22:R22) -> #DIV/0! | W22: =AVERAGE(S22:U22) -> #DIV/0! | X22: =ROUND(AVERAGE(V22:W22),0) -> #DIV/0! | Z22: 1 | AA22: =ROUND(IF((X22*(IF(Y22="A",105%,IF(Y22="B",102%,IF(Y22="C",75%,50%))))*Z22)>100,100,(X22*(IF(Y22="A",105%,IF(Y22="B",102%,IF(Y22="C",75%,50%))))*Z22)),0) -> #DIV/0!
A23: 11 | B23: 0092180086 / 252610125 | C23: Bima Anggareksa Yusiansyah | S23: =AVERAGE(D23:H23) -> #DIV/0! | T23: =AVERAGE(I23:M23) -> #DIV/0! | U23: =AVERAGE(N23:R23) -> #DIV/0! | W23: =AVERAGE(S23:U23) -> #DIV/0! | X23: =ROUND(AVERAGE(V23:W23),0) -> #DIV/0! | Z23: 1 | AA23: =ROUND(IF((X23*(IF(Y23="A",105%,IF(Y23="B",102%,IF(Y23="C",75%,50%))))*Z23)>100,100,(X23*(IF(Y23="A",105%,IF(Y23="B",102%,IF(Y23="C",75%,50%))))*Z23)),0) -> #DIV/0!
A24: 12 | B24: 3094942931 / 252610151 | C24: Dela Ananda Putri | S24: =AVERAGE(D24:H24) -> #DIV/0! | T24: =AVERAGE(I24:M24) -> #DIV/0! | U24: =AVERAGE(N24:R24) -> #DIV/0! | W24: =AVERAGE(S24:U24) -> #DIV/0! | X24: =ROUND(AVERAGE(V24:W24),0) -> #DIV/0! | Z24: 1 | AA24: =ROUND(IF((X24*(IF(Y24="A",105%,IF(Y24="B",102%,IF(Y24="C",75%,50%))))*Z24)>100,100,(X24*(IF(Y24="A",105%,IF(Y24="B",102%,IF(Y24="C",75%,50%))))*Z24)),0) -> #DIV/0!
... A49: 37 | B49: 0095193509 / 252610421 | C49: Ni'Matul Aulia Ningtias | S49: =AVERAGE(D49:H49) -> #DIV/0! | T49: =AVERAGE(I49:M49) -> #DIV/0! | U49: =AVERAGE(N49:R49) -> #DIV/0! | W49: =AVERAGE(S49:U49) -> #DIV/0! | X49: =ROUND(AVERAGE(V49:W49),0) -> #DIV/0! | Z49: 1 | AA49: =ROUND(IF((X49*(IF(Y49="A",105%,IF(Y49="B",102%,IF(Y49="C",75%,50%))))*Z49)>100,100,(X49*(IF(Y49="A",105%,IF(Y49="B",102%,IF(Y49="C",75%,50%))))*Z49)),0) -> #DIV/0!
A50: 38 | B50: 0105803552 / 252610420 | C50: Nikesha Nashwa Damara | S50: =AVERAGE(D50:H50) -> #DIV/0! | T50: =AVERAGE(I50:M50) -> #DIV/0! | U50: =AVERAGE(N50:R50) -> #DIV/0! | W50: =AVERAGE(S50:U50) -> #DIV/0! | X50: =ROUND(AVERAGE(V50:W50),0) -> #DIV/0! | AA50: =ROUND(IF((X50*(IF(Y50="A",105%,IF(Y50="B",102%,IF(Y50="C",75%,50%))))*Z50)>100,100,(X50*(IF(Y50="A",105%,IF(Y50="B",102%,IF(Y50="C",75%,50%))))*Z50)),0) -> #DIV/0!
A51: 39 | B51: 0109599363 / 252610444 | C51: Quensha Rahayu Kusuma Agora | S51: =AVERAGE(D51:H51) -> #DIV/0! | T51: =AVERAGE(I51:M51) -> #DIV/0! | U51: =AVERAGE(N51:R51) -> #DIV/0! | W51: =AVERAGE(S51:U51) -> #DIV/0! | X51: =ROUND(AVERAGE(V51:W51),0) -> #DIV/0! | AA51: =ROUND(IF((X51*(IF(Y51="A",105%,IF(Y51="B",102%,IF(Y51="C",75%,50%))))*Z51)>100,100,(X51*(IF(Y51="A",105%,IF(Y51="B",102%,IF(Y51="C",75%,50%))))*Z51)),0) -> #DIV/0!
A52: 40 | B52: 0105462734 / 252610445 | C52: Quincha Aura Brilliani | S52: =AVERAGE(D52:H52) -> #DIV/0! | T52: =AVERAGE(I52:M52) -> #DIV/0! | U52: =AVERAGE(N52:R52) -> #DIV/0! | W52: =AVERAGE(S52:U52) -> #DIV/0! | X52: =ROUND(AVERAGE(V52:W52),0) -> #DIV/0! | AA52: =ROUND(IF((X52*(IF(Y52="A",105%,IF(Y52="B",102%,IF(Y52="C",75%,50%))))*Z52)>100,100,(X52*(IF(Y52="A",105%,IF(Y52="B",102%,IF(Y52="C",75%,50%))))*Z52)),0) -> #DIV/0!
A53: 41 | B53: 0097882314 / 252610463 | C53: Raihan Farras Sutisna | S53: =AVERAGE(D53:H53) -> #DIV/0! | T53: =AVERAGE(I53:M53) -> #DIV/0! | U53: =AVERAGE(N53:R53) -> #DIV/0! | W53: =AVERAGE(S53:U53) -> #DIV/0! | X53: =ROUND(AVERAGE(V53:W53),0) -> #DIV/0! | AA53: =ROUND(IF((X53*(IF(Y53="A",105%,IF(Y53="B",102%,IF(Y53="C",75%,50%))))*Z53)>100,100,(X53*(IF(Y53="A",105%,IF(Y53="B",102%,IF(Y53="C",75%,50%))))*Z53)),0) -> #DIV/0!
A54: 42 | B54: 0099739465 / 252610470 | C54: Raka Syabany Amsyah | S54: =AVERAGE(D54:H54) -> #DIV/0! | T54: =AVERAGE(I54:M54) -> #DIV/0! | U54: =AVERAGE(N54:R54) -> #DIV/0! | W54: =AVERAGE(S54:U54) -> #DIV/0! | X54: =ROUND(AVERAGE(V54:W54),0) -> #DIV/0! | AA54: =ROUND(IF((X54*(IF(Y54="A",105%,IF(Y54="B",102%,IF(Y54="C",75%,50%))))*Z54)>100,100,(X54*(IF(Y54="A",105%,IF(Y54="B",102%,IF(Y54="C",75%,50%))))*Z54)),0) -> #DIV/0!
A55: 43 | B55: 0102838068 / 252610500 | C55: Ryzen Gevandra Wirapratama | S55: =AVERAGE(D55:H55) -> #DIV/0! | T55: =AVERAGE(I55:M55) -> #DIV/0! | U55: =AVERAGE(N55:R55) -> #DIV/0! | W55: =AVERAGE(S55:U55) -> #DIV/0! | X55: =ROUND(AVERAGE(V55:W55),0) -> #DIV/0! | AA55: =ROUND(IF((X55*(IF(Y55="A",105%,IF(Y55="B",102%,IF(Y55="C",75%,50%))))*Z55)>100,100,(X55*(IF(Y55="A",105%,IF(Y55="B",102%,IF(Y55="C",75%,50%))))*Z55)),0) -> #DIV/0!
A56: 44 | B56: 0107357472 / 252610522 | C56: Sinta Dwi Nuri Widodo | S56: =AVERAGE(D56:H56) -> #DIV/0! | T56: =AVERAGE(I56:M56) -> #DIV/0! | U56: =AVERAGE(N56:R56) -> #DIV/0! | W56: =AVERAGE(S56:U56) -> #DIV/0! | X56: =ROUND(AVERAGE(V56:W56),0) -> #DIV/0! | AA56: =ROUND(IF((X56*(IF(Y56="A",105%,IF(Y56="B",102%,IF(Y56="C",75%,50%))))*Z56)>100,100,(X56*(IF(Y56="A",105%,IF(Y56="B",102%,IF(Y56="C",75%,50%))))*Z56)),0) -> #DIV/0!
A57: 45 | B57: 0093433461 / 252610536 | C57: Syarifah Nur Salsabila | S57: =AVERAGE(D57:H57) -> #DIV/0! | T57: =AVERAGE(I57:M57) -> #DIV/0! | U57: =AVERAGE(N57:R57) -> #DIV/0! | W57: =AVERAGE(S57:U57) -> #DIV/0! | X57: =ROUND(AVERAGE(V57:W57),0) -> #DIV/0! | AA57: =ROUND(IF((X57*(IF(Y57="A",105%,IF(Y57="B",102%,IF(Y57="C",75%,50%))))*Z57)>100,100,(X57*(IF(Y57="A",105%,IF(Y57="B",102%,IF(Y57="C",75%,50%))))*Z57)),0) -> #DIV/0!
A58: 46 | B58: 0108340159 / 252610548 | C58: Tsamara Privita Sya'Ban Syahdu | S58: =AVERAGE(D58:H58) -> #DIV/0! | T58: =AVERAGE(I58:M58) -> #DIV/0! | U58: =AVERAGE(N58:R58) -> #DIV/0! | W58: =AVERAGE(S58:U58) -> #DIV/0! | X58: =ROUND(AVERAGE(V58:W58),0) -> #DIV/0! | AA58: =ROUND(IF((X58*(IF(Y58="A",105%,IF(Y58="B",102%,IF(Y58="C",75%,50%))))*Z58)>100,100,(X58*(IF(Y58="A",105%,IF(Y58="B",102%,IF(Y58="C",75%,50%))))*Z58)),0) -> #DIV/0!
A59: 47 | B59: 0094438921 / 252610558 | C59: Yuzusie Aida Nenat | S59: =AVERAGE(D59:H59) -> #DIV/0! | T59: =AVERAGE(I59:M59) -> #DIV/0! | U59: =AVERAGE(N59:R59) -> #DIV/0! | W59: =AVERAGE(S59:U59) -> #DIV/0! | X59: =ROUND(AVERAGE(V59:W59),0) -> #DIV/0! | AA59: =ROUND(IF((X59*(IF(Y59="A",105%,IF(Y59="B",102%,IF(Y59="C",75%,50%))))*Z59)>100,100,(X59*(IF(Y59="A",105%,IF(Y59="B",102%,IF(Y59="C",75%,50%))))*Z59)),0) -> #DIV/0!
Y62: max | AA62: =MAX(AA25:AA60) -> #DIV/0!
Y63: min | AA63: =MIN(AA25:AA60) -> #DIV/0!
Y64: avg | AA64: =AVERAGE(AA25:AA60) -> #DIV/0!

Sheet X 9
A1: PEMERINTAH DAERAH PROVINSI JAWA BARAT DINAS PENDIDIKAN SMA NEGERI 2 CIBINONG Jln. Karadenan No. 5 Cibinong Telp/Fax. ( 0251 ) 8654347 Bogor 16913 http://www.sman2cibinong.sch.id email: info@sman2cibinong.sch.id
A3: DAFTAR CAPAIAN PEMBELAJARAN SEMESTER 1
A4: TAHUN PELAJARAN 2025 - 2026
A6: Mata Pelajaran | C6: :
A7: Kelas | C7: : X-9
A8: Pengajar | C8: :
A10: NO | B10: NISN / NIS | C10: NAMA PESERTA DIDIK | D10: ASESMEN / PENILAIAN
S11: Rata - Rata | V11: PAS | W11: RT | X11: NR | Y11: Skp | Z11: Hdr | AA11: Rapor
D12: 1 | E12: 2 | F12: 3 | G12: 4 | H12: 5 | I12: 1 | J12: 2 | K12: 3 | L12: 4 | M12: 5 | N12: 1 | O12: 2 | P12: 3 | Q12: 4 | R12: 5 | S12: CP1 | T12: CP2 | U12: CP3
A13: 1 | B13: 0106681838 / 252610003 | C13: Abyan Zuka Ibrahim Nasution | S13: =AVERAGE(D13:H13) -> #DIV/0! | T13: =AVERAGE(I13:M13) -> #DIV/0! | U13: =AVERAGE(N13:R13) -> #DIV/0! | W13: =AVERAGE(S13:U13) -> #DIV/0! | X13: =ROUND(AVERAGE(V13:W13),0) -> #DIV/0! | Z13: 1 | AA13: =ROUND(IF((X13*(IF(Y13="A",105%,IF(Y13="B",102%,IF(Y13="C",75%,50%))))*Z13)>100,100,(X13*(IF(Y13="A",105%,IF(Y13="B",102%,IF(Y13="C",75%,50%))))*Z13)),0) -> #DIV/0!
A14: 2 | B14: 0108974704 / 252610019 | C14: Ahmad Hafidz Anwar | S14: =AVERAGE(D14:H14) -> #DIV/0! | T14: =AVERAGE(I14:M14) -> #DIV/0! | U14: =AVERAGE(N14:R14) -> #DIV/0! | W14: =AVERAGE(S14:U14) -> #DIV/0! | X14: =ROUND(AVERAGE(V14:W14),0) -> #DIV/0! | Z14: 1 | AA14: =ROUND(IF((X14*(IF(Y14="A",105%,IF(Y14="B",102%,IF(Y14="C",75%,50%))))*Z14)>100,100,(X14*(IF(Y14="A",105%,IF(Y14="B",102%,IF(Y14="C",75%,50%))))*Z14)),0) -> #DIV/0!
A15: 3 | B15: 0105339420 / 252610027 | C15: Aishanna Latifa Harjono | S15: =AVERAGE(D15:H15) -> #DIV/0! | T15: =AVERAGE(I15:M15) -> #DIV/0! | U15: =AVERAGE(N15:R15) -> #DIV/0! | W15: =AVERAGE(S15:U15) -> #DIV/0! | X15: =ROUND(AVERAGE(V15:W15),0) -> #DIV/0! | Z15: 1 | AA15: =ROUND(IF((X15*(IF(Y15="A",105%,IF(Y15="B",102%,IF(Y15="C",75%,50%))))*Z15)>100,100,(X15*(IF(Y15="A",105%,IF(Y15="B",102%,IF(Y15="C",75%,50%))))*Z15)),0) -> #DIV/0!
A16: 4 | B16: 0093799489 / 252610071 | C16: Aqila Elmohri | S16: =AVERAGE(D16:H16) -> #DIV/0! | T16: =AVERAGE(I16:M16) -> #DIV/0! | U16: =AVERAGE(N16:R16) -> #DIV/0! | W16: =AVERAGE(S16:U16) -> #DIV/0! | X16: =ROUND(AVERAGE(V16:W16),0) -> #DIV/0! | Z16: 1 | AA16: =ROUND(IF((X16*(IF(Y16="A",105%,IF(Y16="B",102%,IF(Y16="C",75%,50%))))*Z16)>100,100,(X16*(IF(Y16="A",105%,IF(Y16="B",102%,IF(Y16="C",75%,50%))))*Z16)),0) -> #DIV/0!
A17: 5 | B17: 3111697965 / 252610073 | C17: Aqilla Al-Farabi | S17: =AVERAGE(D17:H17) -> #DIV/0! | T17: =AVERAGE(I17:M17) -> #DIV/0! | U17: =AVERAGE(N17:R17) -> #DIV/0! | W17: =AVERAGE(S17:U17) -> #DIV/0! | X17: =ROUND(AVERAGE(V17:W17),0) -> #DIV/0! | Z17: 1 | AA17: =ROUND(IF((X17*(IF(Y17="A",105%,IF(Y17="B",102%,IF(Y17="C",75%,50%))))*Z17)>100,100,(X17*(IF(Y17="A",105%,IF(Y17="B",102%,IF(Y17="C",75%,50%))))*Z17)),0) -> #DIV/0!
A18: 6 | B18: 0102592413 / 252610078 | C18: Ariyo Raditya Putra | S18: =AVERAGE(D18:H18) -> #DIV/0! | T18: =AVERAGE(I18:M18) -> #DIV/0! | U18: =AVERAGE(N18:R18) -> #DIV/0! | W18: =AVERAGE(S18:U18) -> #DIV/0! | X18: =ROUND(AVERAGE(V18:W18),0) -> #DIV/0! | Z18: 1 | AA18: =ROUND(IF((X18*(IF(Y18="A",105%,IF(Y18="B",102%,IF(Y18="C",75%,50%))))*Z18)>100,100,(X18*(IF(Y18="A",105%,IF(Y18="B",102%,IF(Y18="C",75%,50%))))*Z18)),0) -> #DIV/0!
A19: 7 | B19: 0099452000 / 252610086 | C19: Asshafa Nur Intan | S19: =AVERAGE(D19:H19) -> #DIV/0! | T19: =AVERAGE(I19:M19) -> #DIV/0! | U19: =AVERAGE(N19:R19) -> #DIV/0! | W19: =AVERAGE(S19:U19) -> #DIV/0! | X19: =ROUND(AVERAGE(V19:W19),0) -> #DIV/0! | Z19: 1 | AA19: =ROUND(IF((X19*(IF(Y19="A",105%,IF(Y19="B",102%,IF(Y19="C",75%,50%))))*Z19)>100,100,(X19*(IF(Y19="A",105%,IF(Y19="B",102%,IF(Y19="C",75%,50%))))*Z19)),0) -> #DIV/0!
A20: 8 | B20: 0093343311 / 252610092 | C20: Attar Palestine Taha | S20: =AVERAGE(D20:H20) -> #DIV/0! | T20: =AVERAGE(I20:M20) -> #DIV/0! | U20: =AVERAGE(N20:R20) -> #DIV/0! | W20: =AVERAGE(S20:U20) -> #DIV/0! | X20: =ROUND(AVERAGE(V20:W20),0) -> #DIV/0! | Z20: 1 | AA20: =ROUND(IF((X20*(IF(Y20="A",105%,IF(Y20="B",102%,IF(Y20="C",75%,50%))))*Z20)>100,100,(X20*(IF(Y20="A",105%,IF(Y20="B",102%,IF(Y20="C",75%,50%))))*Z20)),0) -> #DIV/0!
A21: 9 | B21: 0102924778 / 252610095 | C21: Aufa Khairunnisa | S21: =AVERAGE(D21:H21) -> #DIV/0! | T21: =AVERAGE(I21:M21) -> #DIV/0! | U21: =AVERAGE(N21:R21) -> #DIV/0! | W21: =AVERAGE(S21:U21) -> #DIV/0! | X21: =ROUND(AVERAGE(V21:W21),0) -> #DIV/0! | Z21: 1 | AA21: =ROUND(IF((X21*(IF(Y21="A",105%,IF(Y21="B",102%,IF(Y21="C",75%,50%))))*Z21)>100,100,(X21*(IF(Y21="A",105%,IF(Y21="B",102%,IF(Y21="C",75%,50%))))*Z21)),0) -> #DIV/0!
A22: 10 | B22: 0108974038 / 252610117 | C22: Balqis Luthfiyah Zahra | S22: =AVERAGE(D22:H22) -> #DIV/0! | T22: =AVERAGE(I22:M22) -> #DIV/0! | U22: =AVERAGE(N22:R22) -> #DIV/0! | W22: =AVERAGE(S22:U22) -> #DIV/0! | X22: =ROUND(AVERAGE(V22:W22),0) -> #DIV/0! | Z22: 1 | AA22: =ROUND(IF((X22*(IF(Y22="A",105%,IF(Y22="B",102%,IF(Y22="C",75%,50%))))*Z22)>100,100,(X22*(IF(Y22="A",105%,IF(Y22="B",102%,IF(Y22="C",75%,50%))))*Z22)),0) -> #DIV/0!
A23: 11 | B23: 0104378571 / 252610133 | C23: Chayra Putri Dwinata | S23: =AVERAGE(D23:H23) -> #DIV/0! | T23: =AVERAGE(I23:M23) -> #DIV/0! | U23: =AVERAGE(N23:R23) -> #DIV/0! | W23: =AVERAGE(S23:U23) -> #DIV/0! | X23: =ROUND(AVERAGE(V23:W23),0) -> #DIV/0! | Z23: 1 | AA23: =ROUND(IF((X23*(IF(Y23="A",105%,IF(Y23="B",102%,IF(Y23="C",75%,50%))))*Z23)>100,100,(X23*(IF(Y23="A",105%,IF(Y23="B",102%,IF(Y23="C",75%,50%))))*Z23)),0) -> #DIV/0!
A24: 12 | B24: 0107900663 / 252610135 | C24: Cheryl Anandiora | S24: =AVERAGE(D24:H24) -> #DIV/0! | T24: =AVERAGE(I24:M24) -> #DIV/0! | U24: =AVERAGE(N24:R24) -> #DIV/0! | W24: =AVERAGE(S24:U24) -> #DIV/0! | X24: =ROUND(AVERAGE(V24:W24),0) -> #DIV/0! | Z24: 1 | AA24: =ROUND(IF((X24*(IF(Y24="A",105%,IF(Y24="B",102%,IF(Y24="C",75%,50%))))*Z24)>100,100,(X24*(IF(Y24="A",105%,IF(Y24="B",102%,IF(Y24="C",75%,50%))))*Z24)),0) -> #DIV/0!
... A49: 37 | B49: 0106245820 / 252610457 | C49: Radya Camilla Arinda | S49: =AVERAGE(D49:H49) -> #DIV/0! | T49: =AVERAGE(I49:M49) -> #DIV/0! | U49: =AVERAGE(N49:R49) -> #DIV/0! | W49: =AVERAGE(S49:U49) -> #DIV/0! | X49: =ROUND(AVERAGE(V49:W49),0) -> #DIV/0! | Z49: 1 | AA49: =ROUND(IF((X49*(IF(Y49="A",105%,IF(Y49="B",102%,IF(Y49="C",75%,50%))))*Z49)>100,100,(X49*(IF(Y49="A",105%,IF(Y49="B",102%,IF(Y49="C",75%,50%))))*Z49)),0) -> #DIV/0!
A50: 38 | B50: 0101902217 / 252610460 | C50: Rahardian Muhamad Abisiena Koeswara | S50: =AVERAGE(D50:H50) -> #DIV/0! | T50: =AVERAGE(I50:M50) -> #DIV/0! | U50: =AVERAGE(N50:R50) -> #DIV/0! | W50: =AVERAGE(S50:U50) -> #DIV/0! | X50: =ROUND(AVERAGE(V50:W50),0) -> #DIV/0! | AA50: =ROUND(IF((X50*(IF(Y50="A",105%,IF(Y50="B",102%,IF(Y50="C",75%,50%))))*Z50)>100,100,(X50*(IF(Y50="A",105%,IF(Y50="B",102%,IF(Y50="C",75%,50%))))*Z50)),0) -> #DIV/0!
A51: 39 | B51: 0094238472 / 252610465 | C51: Raihana Syafiqah Andyni | S51: =AVERAGE(D51:H51) -> #DIV/0! | T51: =AVERAGE(I51:M51) -> #DIV/0! | U51: =AVERAGE(N51:R51) -> #DIV/0! | W51: =AVERAGE(S51:U51) -> #DIV/0! | X51: =ROUND(AVERAGE(V51:W51),0) -> #DIV/0! | AA51: =ROUND(IF((X51*(IF(Y51="A",105%,IF(Y51="B",102%,IF(Y51="C",75%,50%))))*Z51)>100,100,(X51*(IF(Y51="A",105%,IF(Y51="B",102%,IF(Y51="C",75%,50%))))*Z51)),0) -> #DIV/0!
A52: 40 | B52: 3096149866 / 252610473 | C52: Rassya Faiq Hibatullah | S52: =AVERAGE(D52:H52) -> #DIV/0! | T52: =AVERAGE(I52:M52) -> #DIV/0! | U52: =AVERAGE(N52:R52) -> #DIV/0! | W52: =AVERAGE(S52:U52) -> #DIV/0! | X52: =ROUND(AVERAGE(V52:W52),0) -> #DIV/0! | AA52: =ROUND(IF((X52*(IF(Y52="A",105%,IF(Y52="B",102%,IF(Y52="C",75%,50%))))*Z52)>100,100,(X52*(IF(Y52="A",105%,IF(Y52="B",102%,IF(Y52="C",75%,50%))))*Z52)),0) -> #DIV/0!
A53: 41 | B53: 0106183087 / 252610487 | C53: Reynaldi | S53: =AVERAGE(D53:H53) -> #DIV/0! | T53: =AVERAGE(I53:M53) -> #DIV/0! | U53: =AVERAGE(N53:R53) -> #DIV/0! | W53: =AVERAGE(S53:U53) -> #DIV/0! | X53: =ROUND(AVERAGE(V53:W53),0) -> #DIV/0! | AA53: =ROUND(IF((X53*(IF(Y53="A",105%,IF(Y53="B",102%,IF(Y53="C",75%,50%))))*Z53)>100,100,(X53*(IF(Y53="A",105%,IF(Y53="B",102%,IF(Y53="C",75%,50%))))*Z53)),0) -> #DIV/0!
A54: 42 | B54: 0107182326 / 252610511 | C54: Sekar Raynaningrum | S54: =AVERAGE(D54:H54) -> #DIV/0! | T54: =AVERAGE(I54:M54) -> #DIV/0! | U54: =AVERAGE(N54:R54) -> #DIV/0! | W54: =AVERAGE(S54:U54) -> #DIV/0! | X54: =ROUND(AVERAGE(V54:W54),0) -> #DIV/0! | AA54: =ROUND(IF((X54*(IF(Y54="A",105%,IF(Y54="B",102%,IF(Y54="C",75%,50%))))*Z54)>100,100,(X54*(IF(Y54="A",105%,IF(Y54="B",102%,IF(Y54="C",75%,50%))))*Z54)),0) -> #DIV/0!
A55: 43 | B55: 0099107315 / 252610530 | C55: Syahla Nurul Arisma | S55: =AVERAGE(D55:H55) -> #DIV/0! | T55: =AVERAGE(I55:M55) -> #DIV/0! | U55: =AVERAGE(N55:R55) -> #DIV/0! | W55: =AVERAGE(S55:U55) -> #DIV/0! | X55: =ROUND(AVERAGE(V55:W55),0) -> #DIV/0! | AA55: =ROUND(IF((X55*(IF(Y55="A",105%,IF(Y55="B",102%,IF(Y55="C",75%,50%))))*Z55)>100,100,(X55*(IF(Y55="A",105%,IF(Y55="B",102%,IF(Y55="C",75%,50%))))*Z55)),0) -> #DIV/0!
A56: 44 | B56: 0094680852 / 252610537 | C56: Syauqi Anandya Putri | S56: =AVERAGE(D56:H56) -> #DIV/0! | T56: =AVERAGE(I56:M56) -> #DIV/0! | U56: =AVERAGE(N56:R56) -> #DIV/0! | W56: =AVERAGE(S56:U56) -> #DIV/0! | X56: =ROUND(AVERAGE(V56:W56),0) -> #DIV/0! | AA56: =ROUND(IF((X56*(IF(Y56="A",105%,IF(Y56="B",102%,IF(Y56="C",75%,50%))))*Z56)>100,100,(X56*(IF(Y56="A",105%,IF(Y56="B",102%,IF(Y56="C",75%,50%))))*Z56)),0) -> #DIV/0!
A57: 45 | B57: 0098348385 / 252610542 | C57: Tayya Dzulhijjah Mokodompit | S57: =AVERAGE(D57:H57) -> #DIV/0! | T57: =AVERAGE(I57:M57) -> #DIV/0! | U57: =AVERAGE(N57:R57) -> #DIV/0! | W57: =AVERAGE(S57:U57) -> #DIV/0! | X57: =ROUND(AVERAGE(V57:W57),0) -> #DIV/0! | AA57: =ROUND(IF((X57*(IF(Y57="A",105%,IF(Y57="B",102%,IF(Y57="C",75%,50%))))*Z57)>100,100,(X57*(IF(Y57="A",105%,IF(Y57="B",102%,IF(Y57="C",75%,50%))))*Z57)),0) -> #DIV/0!
Y60: max | AA60: =MAX(AA13:AA49) -> #DIV/0!
Y61: min | AA61: =MIN(AA13:AA49) -> #DIV/0!
Y62: avg | AA62: =AVERAGE(AA13:AA49) -> #DIV/0!

Sheet X 10
A1: PEMERINTAH DAERAH PROVINSI JAWA BARAT DINAS PENDIDIKAN SMA NEGERI 2 CIBINONG Jln. Karadenan No. 5 Cibinong Telp/Fax. ( 0251 ) 8654347 Bogor 16913 http://www.sman2cibinong.sch.id email: info@sman2cibinong.sch.id
A3: DAFTAR CAPAIAN PEMBELAJARAN SEMESTER 1
A4: TAHUN PELAJARAN 2025 - 2026
A6: Mata Pelajaran | C6: :
A7: Kelas | C7: : X-10
A8: Pengajar | C8: :
A10: NO | B10: NISN / NIS | C10: NAMA PESERTA DIDIK | D10: ASESMEN / PENILAIAN
S11: Rata - Rata | V11: PAS | W11: RT | X11: NR | Y11: Skp | Z11: Hdr | AA11: Rapor
D12: 1 | E12: 2 | F12: 3 | G12: 4 | H12: 5 | I12: 1 | J12: 2 | K12: 3 | L12: 4 | M12: 5 | N12: 1 | O12: 2 | P12: 3 | Q12: 4 | R12: 5 | S12: CP1 | T12: CP2 | U12: CP3
A13: 1 | B13: 0096033014 / 252610001 | C13: Abdul Ghofar | S13: =AVERAGE(D13:H13) -> #DIV/0! | T13: =AVERAGE(I13:M13) -> #DIV/0! | U13: =AVERAGE(N13:R13) -> #DIV/0! | W13: =AVERAGE(S13:U13) -> #DIV/0! | X13: =ROUND(AVERAGE(V13:W13),0) -> #DIV/0! | Z13: 1 | AA13: =ROUND(IF((X13*(IF(Y13="A",105%,IF(Y13="B",102%,IF(Y13="C",75%,50%))))*Z13)>100,100,(X13*(IF(Y13="A",105%,IF(Y13="B",102%,IF(Y13="C",75%,50%))))*Z13)),0) -> #DIV/0!
A14: 2 | B14: 0104072965 / 252610012 | C14: Aditya Bayu Sutanto | S14: =AVERAGE(D14:H14) -> #DIV/0! | T14: =AVERAGE(I14:M14) -> #DIV/0! | U14: =AVERAGE(N14:R14) -> #DIV/0! | W14: =AVERAGE(S14:U14) -> #DIV/0! | X14: =ROUND(AVERAGE(V14:W14),0) -> #DIV/0! | Z14: 1 | AA14: =ROUND(IF((X14*(IF(Y14="A",105%,IF(Y14="B",102%,IF(Y14="C",75%,50%))))*Z14)>100,100,(X14*(IF(Y14="A",105%,IF(Y14="B",102%,IF(Y14="C",75%,50%))))*Z14)),0) -> #DIV/0!
A15: 3 | B15: 2107246447 / 252610014 | C15: Affy Kaew Ni'Mitr Alhanafi | S15: =AVERAGE(D15:H15) -> #DIV/0! | T15: =AVERAGE(I15:M15) -> #DIV/0! | U15: =AVERAGE(N15:R15) -> #DIV/0! | W15: =AVERAGE(S15:U15) -> #DIV/0! | X15: =ROUND(AVERAGE(V15:W15),0) -> #DIV/0! | Z15: 1 | AA15: =ROUND(IF((X15*(IF(Y15="A",105%,IF(Y15="B",102%,IF(Y15="C",75%,50%))))*Z15)>100,100,(X15*(IF(Y15="A",105%,IF(Y15="B",102%,IF(Y15="C",75%,50%))))*Z15)),0) -> #DIV/0!
A16: 4 | B16: 0096128036 / 252610020 | C16: Ahmad Husein Al Latief | S16: =AVERAGE(D16:H16) -> #DIV/0! | T16: =AVERAGE(I16:M16) -> #DIV/0! | U16: =AVERAGE(N16:R16) -> #DIV/0! | W16: =AVERAGE(S16:U16) -> #DIV/0! | X16: =ROUND(AVERAGE(V16:W16),0) -> #DIV/0! | Z16: 1 | AA16: =ROUND(IF((X16*(IF(Y16="A",105%,IF(Y16="B",102%,IF(Y16="C",75%,50%))))*Z16)>100,100,(X16*(IF(Y16="A",105%,IF(Y16="B",102%,IF(Y16="C",75%,50%))))*Z16)),0) -> #DIV/0!
A17: 5 | B17: 0107055406 / 252610032 | C17: Akram Mubarak | S17: =AVERAGE(D17:H17) -> #DIV/0! | T17: =AVERAGE(I17:M17) -> #DIV/0! | U17: =AVERAGE(N17:R17) -> #DIV/0! | W17: =AVERAGE(S17:U17) -> #DIV/0! | X17: =ROUND(AVERAGE(V17:W17),0) -> #DIV/0! | Z17: 1 | AA17: =ROUND(IF((X17*(IF(Y17="A",105%,IF(Y17="B",102%,IF(Y17="C",75%,50%))))*Z17)>100,100,(X17*(IF(Y17="A",105%,IF(Y17="B",102%,IF(Y17="C",75%,50%))))*Z17)),0) -> #DIV/0!
A18: 6 | B18: 0108389311 / 252610037 | C18: Alfi Amalia | S18: =AVERAGE(D18:H18) -> #DIV/0! | T18: =AVERAGE(I18:M18) -> #DIV/0! | U18: =AVERAGE(N18:R18) -> #DIV/0! | W18: =AVERAGE(S18:U18) -> #DIV/0! | X18: =ROUND(AVERAGE(V18:W18),0) -> #DIV/0! | Z18: 1 | AA18: =ROUND(IF((X18*(IF(Y18="A",105%,IF(Y18="B",102%,IF(Y18="C",75%,50%))))*Z18)>100,100,(X18*(IF(Y18="A",105%,IF(Y18="B",102%,IF(Y18="C",75%,50%))))*Z18)),0) -> #DIV/0!
A19: 7 | B19: 0097357764 / 252610054 | C19: Amelia Nur Zahra | S19: =AVERAGE(D19:H19) -> #DIV/0! | T19: =AVERAGE(I19:M19) -> #DIV/0! | U19: =AVERAGE(N19:R19) -> #DIV/0! | W19: =AVERAGE(S19:U19) -> #DIV/0! | X19: =ROUND(AVERAGE(V19:W19),0) -> #DIV/0! | Z19: 1 | AA19: =ROUND(IF((X19*(IF(Y19="A",105%,IF(Y19="B",102%,IF(Y19="C",75%,50%))))*Z19)>100,100,(X19*(IF(Y19="A",105%,IF(Y19="B",102%,IF(Y19="C",75%,50%))))*Z19)),0) -> #DIV/0!
A20: 8 | B20: 0102387971 / 252610059 | C20: Ananda Bari Al Kausar | S20: =AVERAGE(D20:H20) -> #DIV/0! | T20: =AVERAGE(I20:M20) -> #DIV/0! | U20: =AVERAGE(N20:R20) -> #DIV/0! | W20: =AVERAGE(S20:U20) -> #DIV/0! | X20: =ROUND(AVERAGE(V20:W20),0) -> #DIV/0! | Z20: 1 | AA20: =ROUND(IF((X20*(IF(Y20="A",105%,IF(Y20="B",102%,IF(Y20="C",75%,50%))))*Z20)>100,100,(X20*(IF(Y20="A",105%,IF(Y20="B",102%,IF(Y20="C",75%,50%))))*Z20)),0) -> #DIV/0!
A21: 9 | B21: 0092171774 / 252610089 | C21: Ataya Arkan Ramadhan | S21: =AVERAGE(D21:H21) -> #DIV/0! | T21: =AVERAGE(I21:M21) -> #DIV/0! | U21: =AVERAGE(N21:R21) -> #DIV/0! | W21: =AVERAGE(S21:U21) -> #DIV/0! | X21: =ROUND(AVERAGE(V21:W21),0) -> #DIV/0! | Z21: 1 | AA21: =ROUND(IF((X21*(IF(Y21="A",105%,IF(Y21="B",102%,IF(Y21="C",75%,50%))))*Z21)>100,100,(X21*(IF(Y21="A",105%,IF(Y21="B",102%,IF(Y21="C",75%,50%))))*Z21)),0) -> #DIV/0!
A22: 10 | B22: 0103134538 / 252610091 | C22: Athaya Muhammad Daffa | S22: =AVERAGE(D22:H22) -> #DIV/0! | T22: =AVERAGE(I22:M22) -> #DIV/0! | U22: =AVERAGE(N22:R22) -> #DIV/0! | W22: =AVERAGE(S22:U22) -> #DIV/0! | X22: =ROUND(AVERAGE(V22:W22),0) -> #DIV/0! | Z22: 1 | AA22: =ROUND(IF((X22*(IF(Y22="A",105%,IF(Y22="B",102%,IF(Y22="C",75%,50%))))*Z22)>100,100,(X22*(IF(Y22="A",105%,IF(Y22="B",102%,IF(Y22="C",75%,50%))))*Z22)),0) -> #DIV/0!
A23: 11 | B23: 0104895570 / 252610099 | C23: Aura Nabilah Zahirah | S23: =AVERAGE(D23:H23) -> #DIV/0! | T23: =AVERAGE(I23:M23) -> #DIV/0! | U23: =AVERAGE(N23:R23) -> #DIV/0! | W23: =AVERAGE(S23:U23) -> #DIV/0! | X23: =ROUND(AVERAGE(V23:W23),0) -> #DIV/0! | Z23: 1 | AA23: =ROUND(IF((X23*(IF(Y23="A",105%,IF(Y23="B",102%,IF(Y23="C",75%,50%))))*Z23)>100,100,(X23*(IF(Y23="A",105%,IF(Y23="B",102%,IF(Y23="C",75%,50%))))*Z23)),0) -> #DIV/0!
A24: 12 | B24: 0099138854 / 252610103 | C24: Aurora Putri Samudra Dwiko | S24: =AVERAGE(D24:H24) -> #DIV/0! | T24: =AVERAGE(I24:M24) -> #DIV/0! | U24: =AVERAGE(N24:R24) -> #DIV/0! | W24: =AVERAGE(S24:U24) -> #DIV/0! | X24: =ROUND(AVERAGE(V24:W24),0) -> #DIV/0! | Z24: 1 | AA24: =ROUND(IF((X24*(IF(Y24="A",105%,IF(Y24="B",102%,IF(Y24="C",75%,50%))))*Z24)>100,100,(X24*(IF(Y24="A",105%,IF(Y24="B",102%,IF(Y24="C",75%,50%))))*Z24)),0) -> #DIV/0!
... A49: 37 | B49: 0109464483 / 252610443 | C49: Queensha Anindya Azka | S49: =AVERAGE(D49:H49) -> #DIV/0! | T49: =AVERAGE(I49:M49) -> #DIV/0! | U49: =AVERAGE(N49:R49) -> #DIV/0! | W49: =AVERAGE(S49:U49) -> #DIV/0! | X49: =ROUND(AVERAGE(V49:W49),0) -> #DIV/0! | Z49: 1 | AA49: =ROUND(IF((X49*(IF(Y49="A",105%,IF(Y49="B",102%,IF(Y49="C",75%,50%))))*Z49)>100,100,(X49*(IF(Y49="A",105%,IF(Y49="B",102%,IF(Y49="C",75%,50%))))*Z49)),0) -> #DIV/0!
A50: 38 | B50: 3103591489 / 252610459 | C50: Rafael Anhar Armando | S50: =AVERAGE(D50:H50) -> #DIV/0! | T50: =AVERAGE(I50:M50) -> #DIV/0! | U50: =AVERAGE(N50:R50) -> #DIV/0! | W50: =AVERAGE(S50:U50) -> #DIV/0! | X50: =ROUND(AVERAGE(V50:W50),0) -> #DIV/0! | AA50: =ROUND(IF((X50*(IF(Y50="A",105%,IF(Y50="B",102%,IF(Y50="C",75%,50%))))*Z50)>100,100,(X50*(IF(Y50="A",105%,IF(Y50="B",102%,IF(Y50="C",75%,50%))))*Z50)),0) -> #DIV/0!
A51: 39 | B51: 0097831413 / 252610462 | C51: Rahmania Azahra | S51: =AVERAGE(D51:H51) -> #DIV/0! | T51: =AVERAGE(I51:M51) -> #DIV/0! | U51: =AVERAGE(N51:R51) -> #DIV/0! | W51: =AVERAGE(S51:U51) -> #DIV/0! | X51: =ROUND(AVERAGE(V51:W51),0) -> #DIV/0! | AA51: =ROUND(IF((X51*(IF(Y51="A",105%,IF(Y51="B",102%,IF(Y51="C",75%,50%))))*Z51)>100,100,(X51*(IF(Y51="A",105%,IF(Y51="B",102%,IF(Y51="C",75%,50%))))*Z51)),0) -> #DIV/0!
A52: 40 | B52: 0094313180 / 252610469 | C52: Raivan Elang Pramono | S52: =AVERAGE(D52:H52) -> #DIV/0! | T52: =AVERAGE(I52:M52) -> #DIV/0! | U52: =AVERAGE(N52:R52) -> #DIV/0! | W52: =AVERAGE(S52:U52) -> #DIV/0! | X52: =ROUND(AVERAGE(V52:W52),0) -> #DIV/0! | AA52: =ROUND(IF((X52*(IF(Y52="A",105%,IF(Y52="B",102%,IF(Y52="C",75%,50%))))*Z52)>100,100,(X52*(IF(Y52="A",105%,IF(Y52="B",102%,IF(Y52="C",75%,50%))))*Z52)),0) -> #DIV/0!
A53: 41 | B53: 0093204066 / 252610493 | C53: Rizqiyanah Qaysarania Herawan | S53: =AVERAGE(D53:H53) -> #DIV/0! | T53: =AVERAGE(I53:M53) -> #DIV/0! | U53: =AVERAGE(N53:R53) -> #DIV/0! | W53: =AVERAGE(S53:U53) -> #DIV/0! | X53: =ROUND(AVERAGE(V53:W53),0) -> #DIV/0! | AA53: =ROUND(IF((X53*(IF(Y53="A",105%,IF(Y53="B",102%,IF(Y53="C",75%,50%))))*Z53)>100,100,(X53*(IF(Y53="A",105%,IF(Y53="B",102%,IF(Y53="C",75%,50%))))*Z53)),0) -> #DIV/0!
A54: 42 | B54: 0108540094 / 252610509 | C54: Salsha Aulia Akbar | S54: =AVERAGE(D54:H54) -> #DIV/0! | T54: =AVERAGE(I54:M54) -> #DIV/0! | U54: =AVERAGE(N54:R54) -> #DIV/0! | W54: =AVERAGE(S54:U54) -> #DIV/0! | X54: =ROUND(AVERAGE(V54:W54),0) -> #DIV/0! | AA54: =ROUND(IF((X54*(IF(Y54="A",105%,IF(Y54="B",102%,IF(Y54="C",75%,50%))))*Z54)>100,100,(X54*(IF(Y54="A",105%,IF(Y54="B",102%,IF(Y54="C",75%,50%))))*Z54)),0) -> #DIV/0!
A55: 43 | B55: 0108413702 / 252610510 | C55: Sashikirana Luvena Maheswari | S55: =AVERAGE(D55:H55) -> #DIV/0! | T55: =AVERAGE(I55:M55) -> #DIV/0! | U55: =AVERAGE(N55:R55) -> #DIV/0! | W55: =AVERAGE(S55:U55) -> #DIV/0! | X55: =ROUND(AVERAGE(V55:W55),0) -> #DIV/0! | AA55: =ROUND(IF((X55*(IF(Y55="A",105%,IF(Y55="B",102%,IF(Y55="C",75%,50%))))*Z55)>100,100,(X55*(IF(Y55="A",105%,IF(Y55="B",102%,IF(Y55="C",75%,50%))))*Z55)),0) -> #DIV/0!
A56: 44 | B56: 0108718382 / 252610521 | C56: Silvya Sri Aprilianti | S56: =AVERAGE(D56:H56) -> #DIV/0! | T56: =AVERAGE(I56:M56) -> #DIV/0! | U56: =AVERAGE(N56:R56) -> #DIV/0! | W56: =AVERAGE(S56:U56) -> #DIV/0! | X56: =ROUND(AVERAGE(V56:W56),0) -> #DIV/0! | AA56: =ROUND(IF((X56*(IF(Y56="A",105%,IF(Y56="B",102%,IF(Y56="C",75%,50%))))*Z56)>100,100,(X56*(IF(Y56="A",105%,IF(Y56="B",102%,IF(Y56="C",75%,50%))))*Z56)),0) -> #DIV/0!
A57: 45 | B57: 0099775444 / 252610526 | C57: Syaakhira Fauziah | S57: =AVERAGE(D57:H57) -> #DIV/0! | T57: =AVERAGE(I57:M57) -> #DIV/0! | U57: =AVERAGE(N57:R57) -> #DIV/0! | W57: =AVERAGE(S57:U57) -> #DIV/0! | X57: =ROUND(AVERAGE(V57:W57),0) -> #DIV/0! | AA57: =ROUND(IF((X57*(IF(Y57="A",105%,IF(Y57="B",102%,IF(Y57="C",75%,50%))))*Z57)>100,100,(X57*(IF(Y57="A",105%,IF(Y57="B",102%,IF(Y57="C",75%,50%))))*Z57)),0) -> #DIV/0!
A58: 46 | B58: 0093324313 / 252610552 | C58: Vincentius Daniel Ornando | S58: =AVERAGE(D58:H58) -> #DIV/0! | T58: =AVERAGE(I58:M58) -> #DIV/0! | U58: =AVERAGE(N58:R58) -> #DIV/0! | W58: =AVERAGE(S58:U58) -> #DIV/0! | X58: =ROUND(AVERAGE(V58:W58),0) -> #DIV/0! | AA58: =ROUND(IF((X58*(IF(Y58="A",105%,IF(Y58="B",102%,IF(Y58="C",75%,50%))))*Z58)>100,100,(X58*(IF(Y58="A",105%,IF(Y58="B",102%,IF(Y58="C",75%,50%))))*Z58)),0) -> #DIV/0!
Y60: max | AA60: =MAX(AA13:AA49) -> #DIV/0!
Y61: min | AA61: =MIN(AA13:AA49) -> #DIV/0!
Y62: avg | AA62: =AVERAGE(AA13:AA49) -> #DIV/0!

Sheet X 11
A1: PEMERINTAH DAERAH PROVINSI JAWA BARAT DINAS PENDIDIKAN SMA NEGERI 2 CIBINONG Jln. Karadenan No. 5 Cibinong Telp/Fax. ( 0251 ) 8654347 Bogor 16913 http://www.sman2cibinong.sch.id email: info@sman2cibinong.sch.id
A3: DAFTAR CAPAIAN PEMBELAJARAN SEMESTER 1
A4: TAHUN PELAJARAN 2025 - 2026
A6: Mata Pelajaran | C6: :
A7: Kelas | C7: : X-11
A8: Pengajar | C8: :
A10: NO | B10: NISN / NIS | C10: NAMA PESERTA DIDIK | D10: ASESMEN / PENILAIAN
S11: Rata - Rata | V11: PAS | W11: RT | X11: NR | Y11: Skp | Z11: Hdr | AA11: Rapor
D12: 1 | E12: 2 | F12: 3 | G12: 4 | H12: 5 | I12: 1 | J12: 2 | K12: 3 | L12: 4 | M12: 5 | N12: 1 | O12: 2 | P12: 3 | Q12: 4 | R12: 5 | S12: CP1 | T12: CP2 | U12: CP3
A13: 1 | B13: 0109542213 / 252610010 | C13: Adinda Garnetha Prasistha | S13: =AVERAGE(D13:H13) -> #DIV/0! | T13: =AVERAGE(I13:M13) -> #DIV/0! | U13: =AVERAGE(N13:R13) -> #DIV/0! | W13: =AVERAGE(S13:U13) -> #DIV/0! | X13: =ROUND(AVERAGE(V13:W13),0) -> #DIV/0! | Z13: 1 | AA13: =ROUND(IF((X13*(IF(Y13="A",105%,IF(Y13="B",102%,IF(Y13="C",75%,50%))))*Z13)>100,100,(X13*(IF(Y13="A",105%,IF(Y13="B",102%,IF(Y13="C",75%,50%))))*Z13)),0) -> #DIV/0!
A14: 2 | B14: 0108324867 / 252610031 | C14: Ajeng Adisty Fahira | S14: =AVERAGE(D14:H14) -> #DIV/0! | T14: =AVERAGE(I14:M14) -> #DIV/0! | U14: =AVERAGE(N14:R14) -> #DIV/0! | W14: =AVERAGE(S14:U14) -> #DIV/0! | X14: =ROUND(AVERAGE(V14:W14),0) -> #DIV/0! | Z14: 1 | AA14: =ROUND(IF((X14*(IF(Y14="A",105%,IF(Y14="B",102%,IF(Y14="C",75%,50%))))*Z14)>100,100,(X14*(IF(Y14="A",105%,IF(Y14="B",102%,IF(Y14="C",75%,50%))))*Z14)),0) -> #DIV/0!
A15: 3 | B15: 0109013664 / 252610033 | C15: Al Fathdry Rizky Wibowo | S15: =AVERAGE(D15:H15) -> #DIV/0! | T15: =AVERAGE(I15:M15) -> #DIV/0! | U15: =AVERAGE(N15:R15) -> #DIV/0! | W15: =AVERAGE(S15:U15) -> #DIV/0! | X15: =ROUND(AVERAGE(V15:W15),0) -> #DIV/0! | Z15: 1 | AA15: =ROUND(IF((X15*(IF(Y15="A",105%,IF(Y15="B",102%,IF(Y15="C",75%,50%))))*Z15)>100,100,(X15*(IF(Y15="A",105%,IF(Y15="B",102%,IF(Y15="C",75%,50%))))*Z15)),0) -> #DIV/0!
A16: 4 | B16: 0108561560 / 252610047 | C16: Almira Aprilia Putri | S16: =AVERAGE(D16:H16) -> #DIV/0! | T16: =AVERAGE(I16:M16) -> #DIV/0! | U16: =AVERAGE(N16:R16) -> #DIV/0! | W16: =AVERAGE(S16:U16) -> #DIV/0! | X16: =ROUND(AVERAGE(V16:W16),0) -> #DIV/0! | Z16: 1 | AA16: =ROUND(IF((X16*(IF(Y16="A",105%,IF(Y16="B",102%,IF(Y16="C",75%,50%))))*Z16)>100,100,(X16*(IF(Y16="A",105%,IF(Y16="B",102%,IF(Y16="C",75%,50%))))*Z16)),0) -> #DIV/0!
A17: 5 | B17: 0096963702 / 252610066 | C17: Anndita | S17: =AVERAGE(D17:H17) -> #DIV/0! | T17: =AVERAGE(I17:M17) -> #DIV/0! | U17: =AVERAGE(N17:R17) -> #DIV/0! | W17: =AVERAGE(S17:U17) -> #DIV/0! | X17: =ROUND(AVERAGE(V17:W17),0) -> #DIV/0! | Z17: 1 | AA17: =ROUND(IF((X17*(IF(Y17="A",105%,IF(Y17="B",102%,IF(Y17="C",75%,50%))))*Z17)>100,100,(X17*(IF(Y17="A",105%,IF(Y17="B",102%,IF(Y17="C",75%,50%))))*Z17)),0) -> #DIV/0!
A18: 6 | B18: 0091952413 / 252610085 | C18: Askana Nailazahran Hermansyah | S18: =AVERAGE(D18:H18) -> #DIV/0! | T18: =AVERAGE(I18:M18) -> #DIV/0! | U18: =AVERAGE(N18:R18) -> #DIV/0! | W18: =AVERAGE(S18:U18) -> #DIV/0! | X18: =ROUND(AVERAGE(V18:W18),0) -> #DIV/0! | Z18: 1 | AA18: =ROUND(IF((X18*(IF(Y18="A",105%,IF(Y18="B",102%,IF(Y18="C",75%,50%))))*Z18)>100,100,(X18*(IF(Y18="A",105%,IF(Y18="B",102%,IF(Y18="C",75%,50%))))*Z18)),0) -> #DIV/0!
A19: 7 | B19: 0099678017 / 252610098 | C19: Aulia Intan Rhamadhani | S19: =AVERAGE(D19:H19) -> #DIV/0! | T19: =AVERAGE(I19:M19) -> #DIV/0! | U19: =AVERAGE(N19:R19) -> #DIV/0! | W19: =AVERAGE(S19:U19) -> #DIV/0! | X19: =ROUND(AVERAGE(V19:W19),0) -> #DIV/0! | Z19: 1 | AA19: =ROUND(IF((X19*(IF(Y19="A",105%,IF(Y19="B",102%,IF(Y19="C",75%,50%))))*Z19)>100,100,(X19*(IF(Y19="A",105%,IF(Y19="B",102%,IF(Y19="C",75%,50%))))*Z19)),0) -> #DIV/0!
A20: 8 | B20: 0104439014 / 252610105 | C20: Avrillino Herza Pratama | S20: =AVERAGE(D20:H20) -> #DIV/0! | T20: =AVERAGE(I20:M20) -> #DIV/0! | U20: =AVERAGE(N20:R20) -> #DIV/0! | W20: =AVERAGE(S20:U20) -> #DIV/0! | X20: =ROUND(AVERAGE(V20:W20),0) -> #DIV/0! | Z20: 1 | AA20: =ROUND(IF((X20*(IF(Y20="A",105%,IF(Y20="B",102%,IF(Y20="C",75%,50%))))*Z20)>100,100,(X20*(IF(Y20="A",105%,IF(Y20="B",102%,IF(Y20="C",75%,50%))))*Z20)),0) -> #DIV/0!
A21: 9 | B21: 0097138954 / 252610110 | C21: Aziz Sakhi Zaidan | S21: =AVERAGE(D21:H21) -> #DIV/0! | T21: =AVERAGE(I21:M21) -> #DIV/0! | U21: =AVERAGE(N21:R21) -> #DIV/0! | W21: =AVERAGE(S21:U21) -> #DIV/0! | X21: =ROUND(AVERAGE(V21:W21),0) -> #DIV/0! | Z21: 1 | AA21: =ROUND(IF((X21*(IF(Y21="A",105%,IF(Y21="B",102%,IF(Y21="C",75%,50%))))*Z21)>100,100,(X21*(IF(Y21="A",105%,IF(Y21="B",102%,IF(Y21="C",75%,50%))))*Z21)),0) -> #DIV/0!
A22: 10 | B22: 0101964014 / 252610111 | C22: Azka Ivano Ananda Hidayat | S22: =AVERAGE(D22:H22) -> #DIV/0! | T22: =AVERAGE(I22:M22) -> #DIV/0! | U22: =AVERAGE(N22:R22) -> #DIV/0! | W22: =AVERAGE(S22:U22) -> #DIV/0! | X22: =ROUND(AVERAGE(V22:W22),0) -> #DIV/0! | Z22: 1 | AA22: =ROUND(IF((X22*(IF(Y22="A",105%,IF(Y22="B",102%,IF(Y22="C",75%,50%))))*Z22)>100,100,(X22*(IF(Y22="A",105%,IF(Y22="B",102%,IF(Y22="C",75%,50%))))*Z22)),0) -> #DIV/0!
A23: 11 | B23: 3105650741 / 252610112 | C23: Azkiara Andhita | S23: =AVERAGE(D23:H23) -> #DIV/0! | T23: =AVERAGE(I23:M23) -> #DIV/0! | U23: =AVERAGE(N23:R23) -> #DIV/0! | W23: =AVERAGE(S23:U23) -> #DIV/0! | X23: =ROUND(AVERAGE(V23:W23),0) -> #DIV/0! | Z23: 1 | AA23: =ROUND(IF((X23*(IF(Y23="A",105%,IF(Y23="B",102%,IF(Y23="C",75%,50%))))*Z23)>100,100,(X23*(IF(Y23="A",105%,IF(Y23="B",102%,IF(Y23="C",75%,50%))))*Z23)),0) -> #DIV/0!
A24: 12 | B24: 0091891047 / 252610114 | C24: Azzalea Sakinah Ayura Putri | S24: =AVERAGE(D24:H24) -> #DIV/0! | T24: =AVERAGE(I24:M24) -> #DIV/0! | U24: =AVERAGE(N24:R24) -> #DIV/0! | W24: =AVERAGE(S24:U24) -> #DIV/0! | X24: =ROUND(AVERAGE(V24:W24),0) -> #DIV/0! | Z24: 1 | AA24: =ROUND(IF((X24*(IF(Y24="A",105%,IF(Y24="B",102%,IF(Y24="C",75%,50%))))*Z24)>100,100,(X24*(IF(Y24="A",105%,IF(Y24="B",102%,IF(Y24="C",75%,50%))))*Z24)),0) -> #DIV/0!
... A49: 37 | B49: 0093712588 / 252610482 | C49: Rendy Gilang Novianto | S49: =AVERAGE(D49:H49) -> #DIV/0! | T49: =AVERAGE(I49:M49) -> #DIV/0! | U49: =AVERAGE(N49:R49) -> #DIV/0! | W49: =AVERAGE(S49:U49) -> #DIV/0! | X49: =ROUND(AVERAGE(V49:W49),0) -> #DIV/0! | Z49: 1 | AA49: =ROUND(IF((X49*(IF(Y49="A",105%,IF(Y49="B",102%,IF(Y49="C",75%,50%))))*Z49)>100,100,(X49*(IF(Y49="A",105%,IF(Y49="B",102%,IF(Y49="C",75%,50%))))*Z49)),0) -> #DIV/0!
A50: 38 | B50: 0102414768 / 252610499 | C50: Ruvita Rinjani | S50: =AVERAGE(D50:H50) -> #DIV/0! | T50: =AVERAGE(I50:M50) -> #DIV/0! | U50: =AVERAGE(N50:R50) -> #DIV/0! | W50: =AVERAGE(S50:U50) -> #DIV/0! | X50: =ROUND(AVERAGE(V50:W50),0) -> #DIV/0! | AA50: =ROUND(IF((X50*(IF(Y50="A",105%,IF(Y50="B",102%,IF(Y50="C",75%,50%))))*Z50)>100,100,(X50*(IF(Y50="A",105%,IF(Y50="B",102%,IF(Y50="C",75%,50%))))*Z50)),0) -> #DIV/0!
A51: 39 | B51: 0106760506 / 252610503 | C51: Salmaa Saalimah Wibowo | S51: =AVERAGE(D51:H51) -> #DIV/0! | T51: =AVERAGE(I51:M51) -> #DIV/0! | U51: =AVERAGE(N51:R51) -> #DIV/0! | W51: =AVERAGE(S51:U51) -> #DIV/0! | X51: =ROUND(AVERAGE(V51:W51),0) -> #DIV/0! | AA51: =ROUND(IF((X51*(IF(Y51="A",105%,IF(Y51="B",102%,IF(Y51="C",75%,50%))))*Z51)>100,100,(X51*(IF(Y51="A",105%,IF(Y51="B",102%,IF(Y51="C",75%,50%))))*Z51)),0) -> #DIV/0!
A52: 40 | B52: 0095542022 / 252610506 | C52: Salsabil Mulki | S52: =AVERAGE(D52:H52) -> #DIV/0! | T52: =AVERAGE(I52:M52) -> #DIV/0! | U52: =AVERAGE(N52:R52) -> #DIV/0! | W52: =AVERAGE(S52:U52) -> #DIV/0! | X52: =ROUND(AVERAGE(V52:W52),0) -> #DIV/0! | AA52: =ROUND(IF((X52*(IF(Y52="A",105%,IF(Y52="B",102%,IF(Y52="C",75%,50%))))*Z52)>100,100,(X52*(IF(Y52="A",105%,IF(Y52="B",102%,IF(Y52="C",75%,50%))))*Z52)),0) -> #DIV/0!
A53: 41 | B53: 0091610224 / 252610518 | C53: Shaquille Putra Yudira | S53: =AVERAGE(D53:H53) -> #DIV/0! | T53: =AVERAGE(I53:M53) -> #DIV/0! | U53: =AVERAGE(N53:R53) -> #DIV/0! | W53: =AVERAGE(S53:U53) -> #DIV/0! | X53: =ROUND(AVERAGE(V53:W53),0) -> #DIV/0! | AA53: =ROUND(IF((X53*(IF(Y53="A",105%,IF(Y53="B",102%,IF(Y53="C",75%,50%))))*Z53)>100,100,(X53*(IF(Y53="A",105%,IF(Y53="B",102%,IF(Y53="C",75%,50%))))*Z53)),0) -> #DIV/0!
A54: 42 | B54: 0105010681 / 252610524 | C54: Siva Muliyanti | S54: =AVERAGE(D54:H54) -> #DIV/0! | T54: =AVERAGE(I54:M54) -> #DIV/0! | U54: =AVERAGE(N54:R54) -> #DIV/0! | W54: =AVERAGE(S54:U54) -> #DIV/0! | X54: =ROUND(AVERAGE(V54:W54),0) -> #DIV/0! | AA54: =ROUND(IF((X54*(IF(Y54="A",105%,IF(Y54="B",102%,IF(Y54="C",75%,50%))))*Z54)>100,100,(X54*(IF(Y54="A",105%,IF(Y54="B",102%,IF(Y54="C",75%,50%))))*Z54)),0) -> #DIV/0!
A55: 43 | B55: 0105717177 / 252610545 | C55: Tiara Zenobia Nafisa | S55: =AVERAGE(D55:H55) -> #DIV/0! | T55: =AVERAGE(I55:M55) -> #DIV/0! | U55: =AVERAGE(N55:R55) -> #DIV/0! | W55: =AVERAGE(S55:U55) -> #DIV/0! | X55: =ROUND(AVERAGE(V55:W55),0) -> #DIV/0! | AA55: =ROUND(IF((X55*(IF(Y55="A",105%,IF(Y55="B",102%,IF(Y55="C",75%,50%))))*Z55)>100,100,(X55*(IF(Y55="A",105%,IF(Y55="B",102%,IF(Y55="C",75%,50%))))*Z55)),0) -> #DIV/0!
A56: 44 | B56: 0107258754 / 252610551 | C56: Vilvizeeya Hazira Kurnia | S56: =AVERAGE(D56:H56) -> #DIV/0! | T56: =AVERAGE(I56:M56) -> #DIV/0! | U56: =AVERAGE(N56:R56) -> #DIV/0! | W56: =AVERAGE(S56:U56) -> #DIV/0! | X56: =ROUND(AVERAGE(V56:W56),0) -> #DIV/0! | AA56: =ROUND(IF((X56*(IF(Y56="A",105%,IF(Y56="B",102%,IF(Y56="C",75%,50%))))*Z56)>100,100,(X56*(IF(Y56="A",105%,IF(Y56="B",102%,IF(Y56="C",75%,50%))))*Z56)),0) -> #DIV/0!
A57: 45 | B57: 0106044416 / 252610553 | C57: Weny Meylieneke Sianipar | S57: =AVERAGE(D57:H57) -> #DIV/0! | T57: =AVERAGE(I57:M57) -> #DIV/0! | U57: =AVERAGE(N57:R57) -> #DIV/0! | W57: =AVERAGE(S57:U57) -> #DIV/0! | X57: =ROUND(AVERAGE(V57:W57),0) -> #DIV/0! | AA57: =ROUND(IF((X57*(IF(Y57="A",105%,IF(Y57="B",102%,IF(Y57="C",75%,50%))))*Z57)>100,100,(X57*(IF(Y57="A",105%,IF(Y57="B",102%,IF(Y57="C",75%,50%))))*Z57)),0) -> #DIV/0!
A58: 46 | B58: 0108569165 / 252610557 | C58: Yoanne Mulin Averina | S58: =AVERAGE(D58:H58) -> #DIV/0! | T58: =AVERAGE(I58:M58) -> #DIV/0! | U58: =AVERAGE(N58:R58) -> #DIV/0! | W58: =AVERAGE(S58:U58) -> #DIV/0! | X58: =ROUND(AVERAGE(V58:W58),0) -> #DIV/0! | AA58: =ROUND(IF((X58*(IF(Y58="A",105%,IF(Y58="B",102%,IF(Y58="C",75%,50%))))*Z58)>100,100,(X58*(IF(Y58="A",105%,IF(Y58="B",102%,IF(Y58="C",75%,50%))))*Z58)),0) -> #DIV/0!
A59: 47 | B59: 0093632849 / 252610561 | C59: Zaki Arya Wicaksono | S59: =AVERAGE(D59:H59) -> #DIV/0! | T59: =AVERAGE(I59:M59) -> #DIV/0! | U59: =AVERAGE(N59:R59) -> #DIV/0! | W59: =AVERAGE(S59:U59) -> #DIV/0! | X59: =ROUND(AVERAGE(V59:W59),0) -> #DIV/0! | AA59: =ROUND(IF((X59*(IF(Y59="A",105%,IF(Y59="B",102%,IF(Y59="C",75%,50%))))*Z59)>100,100,(X59*(IF(Y59="A",105%,IF(Y59="B",102%,IF(Y59="C",75%,50%))))*Z59)),0) -> #DIV/0!
A60: 48 | B60: 0105748224 / 252610565 | C60: Zelda Hanifah Zaneta | S60: =AVERAGE(D60:H60) -> #DIV/0! | T60: =AVERAGE(I60:M60) -> #DIV/0! | U60: =AVERAGE(N60:R60) -> #DIV/0! | W60: =AVERAGE(S60:U60) -> #DIV/0! | X60: =ROUND(AVERAGE(V60:W60),0) -> #DIV/0! | AA60: =ROUND(IF((X60*(IF(Y60="A",105%,IF(Y60="B",102%,IF(Y60="C",75%,50%))))*Z60)>100,100,(X60*(IF(Y60="A",105%,IF(Y60="B",102%,IF(Y60="C",75%,50%))))*Z60)),0) -> #DIV/0!
Y62: max | AA62: =MAX(AA13:AA49) -> #DIV/0!
Y63: min | AA63: =MIN(AA13:AA49) -> #DIV/0!
Y64: avg | AA64: =AVERAGE(AA13:AA49) -> #DIV/0!

Sheet X 12
A1: PEMERINTAH DAERAH PROVINSI JAWA BARAT DINAS PENDIDIKAN SMA NEGERI 2 CIBINONG Jln. Karadenan No. 5 Cibinong Telp/Fax. ( 0251 ) 8654347 Bogor 16913 http://www.sman2cibinong.sch.id email: info@sman2cibinong.sch.id
A3: DAFTAR CAPAIAN PEMBELAJARAN SEMESTER 1
A4: TAHUN PELAJARAN 2025 - 2026
A6: Mata Pelajaran | C6: :
A7: Kelas | C7: : X-12
A8: Pengajar | C8: :
A10: NO | B10: NISN / NIS | C10: NAMA PESERTA DIDIK | D10: ASESMEN / PENILAIAN
D11: proses berpikir efektif dan efisien untuk menyelesaikan persoalan secara algoritmik | S11: Rata - Rata | V11: PAS | W11: RT | X11: NR | Y11: Skp | Z11: Hdr | AA11: Rapor
D12: 1 | E12: 2 | F12: 3 | G12: 4 | H12: 5 | I12: 1 | J12: 2 | K12: 3 | L12: 4 | M12: 5 | N12: 1 | O12: 2 | P12: 3 | Q12: 4 | R12: 5 | S12: CP1 | T12: CP2 | U12: CP3
A13: 1 | B13: 0097950619 / 252610015 | C13: Afgan Prima Rizkia Iskandar | S13: =AVERAGE(D13:H13) -> #DIV/0! | T13: =AVERAGE(I13:M13) -> #DIV/0! | U13: =AVERAGE(N13:R13) -> #DIV/0! | W13: =AVERAGE(S13:U13) -> #DIV/0! | X13: =ROUND(AVERAGE(V13:W13),0) -> #DIV/0! | Z13: 1 | AA13: =ROUND(IF((X13*(IF(Y13="A",105%,IF(Y13="B",102%,IF(Y13="C",75%,50%))))*Z13)>100,100,(X13*(IF(Y13="A",105%,IF(Y13="B",102%,IF(Y13="C",75%,50%))))*Z13)),0) -> #DIV/0!
A14: 2 | B14: 0105770130 / 252610021 | C14: Aik Novitasari | S14: =AVERAGE(D14:H14) -> #DIV/0! | T14: =AVERAGE(I14:M14) -> #DIV/0! | U14: =AVERAGE(N14:R14) -> #DIV/0! | W14: =AVERAGE(S14:U14) -> #DIV/0! | X14: =ROUND(AVERAGE(V14:W14),0) -> #DIV/0! | Z14: 1 | AA14: =ROUND(IF((X14*(IF(Y14="A",105%,IF(Y14="B",102%,IF(Y14="C",75%,50%))))*Z14)>100,100,(X14*(IF(Y14="A",105%,IF(Y14="B",102%,IF(Y14="C",75%,50%))))*Z14)),0) -> #DIV/0!
A15: 3 | B15: 0093866965 / 252610029 | C15: Aisyah Aqilah Agni | S15: =AVERAGE(D15:H15) -> #DIV/0! | T15: =AVERAGE(I15:M15) -> #DIV/0! | U15: =AVERAGE(N15:R15) -> #DIV/0! | W15: =AVERAGE(S15:U15) -> #DIV/0! | X15: =ROUND(AVERAGE(V15:W15),0) -> #DIV/0! | Z15: 1 | AA15: =ROUND(IF((X15*(IF(Y15="A",105%,IF(Y15="B",102%,IF(Y15="C",75%,50%))))*Z15)>100,100,(X15*(IF(Y15="A",105%,IF(Y15="B",102%,IF(Y15="C",75%,50%))))*Z15)),0) -> #DIV/0!
A16: 4 | B16: 3097129671 / 252610030 | C16: Aisyah Hanifa Redana | S16: =AVERAGE(D16:H16) -> #DIV/0! | T16: =AVERAGE(I16:M16) -> #DIV/0! | U16: =AVERAGE(N16:R16) -> #DIV/0! | W16: =AVERAGE(S16:U16) -> #DIV/0! | X16: =ROUND(AVERAGE(V16:W16),0) -> #DIV/0! | Z16: 1 | AA16: =ROUND(IF((X16*(IF(Y16="A",105%,IF(Y16="B",102%,IF(Y16="C",75%,50%))))*Z16)>100,100,(X16*(IF(Y16="A",105%,IF(Y16="B",102%,IF(Y16="C",75%,50%))))*Z16)),0) -> #DIV/0!
A17: 5 | B17: 0093002808 / 252610046 | C17: Allya Luthfiah Putri | S17: =AVERAGE(D17:H17) -> #DIV/0! | T17: =AVERAGE(I17:M17) -> #DIV/0! | U17: =AVERAGE(N17:R17) -> #DIV/0! | W17: =AVERAGE(S17:U17) -> #DIV/0! | X17: =ROUND(AVERAGE(V17:W17),0) -> #DIV/0! | Z17: 1 | AA17: =ROUND(IF((X17*(IF(Y17="A",105%,IF(Y17="B",102%,IF(Y17="C",75%,50%))))*Z17)>100,100,(X17*(IF(Y17="A",105%,IF(Y17="B",102%,IF(Y17="C",75%,50%))))*Z17)),0) -> #DIV/0!
A18: 6 | B18: 0107831985 / 252610068 | C18: Annisa Salsabilla | S18: =AVERAGE(D18:H18) -> #DIV/0! | T18: =AVERAGE(I18:M18) -> #DIV/0! | U18: =AVERAGE(N18:R18) -> #DIV/0! | W18: =AVERAGE(S18:U18) -> #DIV/0! | X18: =ROUND(AVERAGE(V18:W18),0) -> #DIV/0! | Z18: 1 | AA18: =ROUND(IF((X18*(IF(Y18="A",105%,IF(Y18="B",102%,IF(Y18="C",75%,50%))))*Z18)>100,100,(X18*(IF(Y18="A",105%,IF(Y18="B",102%,IF(Y18="C",75%,50%))))*Z18)),0) -> #DIV/0!
A19: 7 | B19: 0101396555 / 252610080 | C19: Arsyad Khaerul Izzan | S19: =AVERAGE(D19:H19) -> #DIV/0! | T19: =AVERAGE(I19:M19) -> #DIV/0! | U19: =AVERAGE(N19:R19) -> #DIV/0! | W19: =AVERAGE(S19:U19) -> #DIV/0! | X19: =ROUND(AVERAGE(V19:W19),0) -> #DIV/0! | Z19: 1 | AA19: =ROUND(IF((X19*(IF(Y19="A",105%,IF(Y19="B",102%,IF(Y19="C",75%,50%))))*Z19)>100,100,(X19*(IF(Y19="A",105%,IF(Y19="B",102%,IF(Y19="C",75%,50%))))*Z19)),0) -> #DIV/0!
A20: 8 | B20: 0108675973 / 252610081 | C20: Aruni Khalila Ayu | S20: =AVERAGE(D20:H20) -> #DIV/0! | T20: =AVERAGE(I20:M20) -> #DIV/0! | U20: =AVERAGE(N20:R20) -> #DIV/0! | W20: =AVERAGE(S20:U20) -> #DIV/0! | X20: =ROUND(AVERAGE(V20:W20),0) -> #DIV/0! | Z20: 1 | AA20: =ROUND(IF((X20*(IF(Y20="A",105%,IF(Y20="B",102%,IF(Y20="C",75%,50%))))*Z20)>100,100,(X20*(IF(Y20="A",105%,IF(Y20="B",102%,IF(Y20="C",75%,50%))))*Z20)),0) -> #DIV/0!
A21: 9 | B21: 0096011114 / 252610104 | C21: Avemarianne Ninetrie Septiane | S21: =AVERAGE(D21:H21) -> #DIV/0! | T21: =AVERAGE(I21:M21) -> #DIV/0! | U21: =AVERAGE(N21:R21) -> #DIV/0! | W21: =AVERAGE(S21:U21) -> #DIV/0! | X21: =ROUND(AVERAGE(V21:W21),0) -> #DIV/0! | Z21: 1 | AA21: =ROUND(IF((X21*(IF(Y21="A",105%,IF(Y21="B",102%,IF(Y21="C",75%,50%))))*Z21)>100,100,(X21*(IF(Y21="A",105%,IF(Y21="B",102%,IF(Y21="C",75%,50%))))*Z21)),0) -> #DIV/0!
A22: 10 | B22: 2099366441 / 252610106 | C22: Ayi Artadinata | S22: =AVERAGE(D22:H22) -> #DIV/0! | T22: =AVERAGE(I22:M22) -> #DIV/0! | U22: =AVERAGE(N22:R22) -> #DIV/0! | W22: =AVERAGE(S22:U22) -> #DIV/0! | X22: =ROUND(AVERAGE(V22:W22),0) -> #DIV/0! | Z22: 1 | AA22: =ROUND(IF((X22*(IF(Y22="A",105%,IF(Y22="B",102%,IF(Y22="C",75%,50%))))*Z22)>100,100,(X22*(IF(Y22="A",105%,IF(Y22="B",102%,IF(Y22="C",75%,50%))))*Z22)),0) -> #DIV/0!
A23: 11 | B23: 0109010502 / 252610107 | C23: Ayra Jauzaa Viranda | S23: =AVERAGE(D23:H23) -> #DIV/0! | T23: =AVERAGE(I23:M23) -> #DIV/0! | U23: =AVERAGE(N23:R23) -> #DIV/0! | W23: =AVERAGE(S23:U23) -> #DIV/0! | X23: =ROUND(AVERAGE(V23:W23),0) -> #DIV/0! | Z23: 1 | AA23: =ROUND(IF((X23*(IF(Y23="A",105%,IF(Y23="B",102%,IF(Y23="C",75%,50%))))*Z23)>100,100,(X23*(IF(Y23="A",105%,IF(Y23="B",102%,IF(Y23="C",75%,50%))))*Z23)),0) -> #DIV/0!
A24: 12 | B24: 0109682985 / 252610127 | C24: Bintang Jati Pratama | S24: =AVERAGE(D24:H24) -> #DIV/0! | T24: =AVERAGE(I24:M24) -> #DIV/0! | U24: =AVERAGE(N24:R24) -> #DIV/0! | W24: =AVERAGE(S24:U24) -> #DIV/0! | X24: =ROUND(AVERAGE(V24:W24),0) -> #DIV/0! | Z24: 1 | AA24: =ROUND(IF((X24*(IF(Y24="A",105%,IF(Y24="B",102%,IF(Y24="C",75%,50%))))*Z24)>100,100,(X24*(IF(Y24="A",105%,IF(Y24="B",102%,IF(Y24="C",75%,50%))))*Z24)),0) -> #DIV/0!
... A49: 37 | B49: 0108592067 / 252610418 | C49: Ni Putu Anjani Dewi Diningrat | S49: =AVERAGE(D49:H49) -> #DIV/0! | T49: =AVERAGE(I49:M49) -> #DIV/0! | U49: =AVERAGE(N49:R49) -> #DIV/0! | W49: =AVERAGE(S49:U49) -> #DIV/0! | X49: =ROUND(AVERAGE(V49:W49),0) -> #DIV/0! | Z49: 1 | AA49: =ROUND(IF((X49*(IF(Y49="A",105%,IF(Y49="B",102%,IF(Y49="C",75%,50%))))*Z49)>100,100,(X49*(IF(Y49="A",105%,IF(Y49="B",102%,IF(Y49="C",75%,50%))))*Z49)),0) -> #DIV/0!
A50: 38 | B50: 0095623487 / 252610430 | C50: Olivia Desvita Sari | S50: =AVERAGE(D50:H50) -> #DIV/0! | T50: =AVERAGE(I50:M50) -> #DIV/0! | U50: =AVERAGE(N50:R50) -> #DIV/0! | W50: =AVERAGE(S50:U50) -> #DIV/0! | X50: =ROUND(AVERAGE(V50:W50),0) -> #DIV/0! | AA50: =ROUND(IF((X50*(IF(Y50="A",105%,IF(Y50="B",102%,IF(Y50="C",75%,50%))))*Z50)>100,100,(X50*(IF(Y50="A",105%,IF(Y50="B",102%,IF(Y50="C",75%,50%))))*Z50)),0) -> #DIV/0!
A51: 39 | B51: 0106961567 / 252610448 | C51: R.A.M. Fakhri Izzuddin Mashur | S51: =AVERAGE(D51:H51) -> #DIV/0! | T51: =AVERAGE(I51:M51) -> #DIV/0! | U51: =AVERAGE(N51:R51) -> #DIV/0! | W51: =AVERAGE(S51:U51) -> #DIV/0! | X51: =ROUND(AVERAGE(V51:W51),0) -> #DIV/0! | AA51: =ROUND(IF((X51*(IF(Y51="A",105%,IF(Y51="B",102%,IF(Y51="C",75%,50%))))*Z51)>100,100,(X51*(IF(Y51="A",105%,IF(Y51="B",102%,IF(Y51="C",75%,50%))))*Z51)),0) -> #DIV/0!
A52: 40 | B52: 0105994913 / 252610455 | C52: Radinka Alano Hamizan Abqari | S52: =AVERAGE(D52:H52) -> #DIV/0! | T52: =AVERAGE(I52:M52) -> #DIV/0! | U52: =AVERAGE(N52:R52) -> #DIV/0! | W52: =AVERAGE(S52:U52) -> #DIV/0! | X52: =ROUND(AVERAGE(V52:W52),0) -> #DIV/0! | AA52: =ROUND(IF((X52*(IF(Y52="A",105%,IF(Y52="B",102%,IF(Y52="C",75%,50%))))*Z52)>100,100,(X52*(IF(Y52="A",105%,IF(Y52="B",102%,IF(Y52="C",75%,50%))))*Z52)),0) -> #DIV/0!
A53: 41 | B53: 0093563834 / 252610490 | C53: Rifqah Ramadhani | S53: =AVERAGE(D53:H53) -> #DIV/0! | T53: =AVERAGE(I53:M53) -> #DIV/0! | U53: =AVERAGE(N53:R53) -> #DIV/0! | W53: =AVERAGE(S53:U53) -> #DIV/0! | X53: =ROUND(AVERAGE(V53:W53),0) -> #DIV/0! | AA53: =ROUND(IF((X53*(IF(Y53="A",105%,IF(Y53="B",102%,IF(Y53="C",75%,50%))))*Z53)>100,100,(X53*(IF(Y53="A",105%,IF(Y53="B",102%,IF(Y53="C",75%,50%))))*Z53)),0) -> #DIV/0!
A54: 42 | B54: 0097303991 / 252610494 | C54: Roshan Aidan Juro Aprianto | S54: =AVERAGE(D54:H54) -> #DIV/0! | T54: =AVERAGE(I54:M54) -> #DIV/0! | U54: =AVERAGE(N54:R54) -> #DIV/0! | W54: =AVERAGE(S54:U54) -> #DIV/0! | X54: =ROUND(AVERAGE(V54:W54),0) -> #DIV/0! | AA54: =ROUND(IF((X54*(IF(Y54="A",105%,IF(Y54="B",102%,IF(Y54="C",75%,50%))))*Z54)>100,100,(X54*(IF(Y54="A",105%,IF(Y54="B",102%,IF(Y54="C",75%,50%))))*Z54)),0) -> #DIV/0!
A55: 43 | B55: 0098050747 / 252610496 | C55: Ruba Aqeela Hafizha Mecca | S55: =AVERAGE(D55:H55) -> #DIV/0! | T55: =AVERAGE(I55:M55) -> #DIV/0! | U55: =AVERAGE(N55:R55) -> #DIV/0! | W55: =AVERAGE(S55:U55) -> #DIV/0! | X55: =ROUND(AVERAGE(V55:W55),0) -> #DIV/0! | AA55: =ROUND(IF((X55*(IF(Y55="A",105%,IF(Y55="B",102%,IF(Y55="C",75%,50%))))*Z55)>100,100,(X55*(IF(Y55="A",105%,IF(Y55="B",102%,IF(Y55="C",75%,50%))))*Z55)),0) -> #DIV/0!
A56: 44 | B56: 0092524998 / 252610502 | C56: Sajna Jerrusalem Kharima Sugeng Putri | S56: =AVERAGE(D56:H56) -> #DIV/0! | T56: =AVERAGE(I56:M56) -> #DIV/0! | U56: =AVERAGE(N56:R56) -> #DIV/0! | W56: =AVERAGE(S56:U56) -> #DIV/0! | X56: =ROUND(AVERAGE(V56:W56),0) -> #DIV/0! | AA56: =ROUND(IF((X56*(IF(Y56="A",105%,IF(Y56="B",102%,IF(Y56="C",75%,50%))))*Z56)>100,100,(X56*(IF(Y56="A",105%,IF(Y56="B",102%,IF(Y56="C",75%,50%))))*Z56)),0) -> #DIV/0!
A57: 45 | B57: 0109344308 / 252610516 | C57: Shahrazad Aulia Handyanto | S57: =AVERAGE(D57:H57) -> #DIV/0! | T57: =AVERAGE(I57:M57) -> #DIV/0! | U57: =AVERAGE(N57:R57) -> #DIV/0! | W57: =AVERAGE(S57:U57) -> #DIV/0! | X57: =ROUND(AVERAGE(V57:W57),0) -> #DIV/0! | AA57: =ROUND(IF((X57*(IF(Y57="A",105%,IF(Y57="B",102%,IF(Y57="C",75%,50%))))*Z57)>100,100,(X57*(IF(Y57="A",105%,IF(Y57="B",102%,IF(Y57="C",75%,50%))))*Z57)),0) -> #DIV/0!
A58: 46 | B58: 0101659072 / 252610531 | C58: Syahla Salsabila Ramdani | S58: =AVERAGE(D58:H58) -> #DIV/0! | T58: =AVERAGE(I58:M58) -> #DIV/0! | U58: =AVERAGE(N58:R58) -> #DIV/0! | W58: =AVERAGE(S58:U58) -> #DIV/0! | X58: =ROUND(AVERAGE(V58:W58),0) -> #DIV/0! | AA58: =ROUND(IF((X58*(IF(Y58="A",105%,IF(Y58="B",102%,IF(Y58="C",75%,50%))))*Z58)>100,100,(X58*(IF(Y58="A",105%,IF(Y58="B",102%,IF(Y58="C",75%,50%))))*Z58)),0) -> #DIV/0!
A59: 47 | B59: 0095899359 / 252610550 | C59: Velicya Arnelita Zahra Suryana | S59: =AVERAGE(D59:H59) -> #DIV/0! | T59: =AVERAGE(I59:M59) -> #DIV/0! | U59: =AVERAGE(N59:R59) -> #DIV/0! | W59: =AVERAGE(S59:U59) -> #DIV/0! | X59: =ROUND(AVERAGE(V59:W59),0) -> #DIV/0! | AA59: =ROUND(IF((X59*(IF(Y59="A",105%,IF(Y59="B",102%,IF(Y59="C",75%,50%))))*Z59)>100,100,(X59*(IF(Y59="A",105%,IF(Y59="B",102%,IF(Y59="C",75%,50%))))*Z59)),0) -> #DIV/0!
A60: 48 | B60: 0095810986 / 252610562 | C60: Zalfa Rizqia Nur Nadhifa | S60: =AVERAGE(D60:H60) -> #DIV/0! | T60: =AVERAGE(I60:M60) -> #DIV/0! | U60: =AVERAGE(N60:R60) -> #DIV/0! | W60: =AVERAGE(S60:U60) -> #DIV/0! | X60: =ROUND(AVERAGE(V60:W60),0) -> #DIV/0! | AA60: =ROUND(IF((X60*(IF(Y60="A",105%,IF(Y60="B",102%,IF(Y60="C",75%,50%))))*Z60)>100,100,(X60*(IF(Y60="A",105%,IF(Y60="B",102%,IF(Y60="C",75%,50%))))*Z60)),0) -> #DIV/0!
Y63: max | AA63: =MAX(AA13:AA49) -> #DIV/0!
Y64: min | AA64: =MIN(AA13:AA49) -> #DIV/0!
Y65: avg | AA65: =AVERAGE(AA13:AA49) -> #DIV/0!

Sheet Rapor Kelas X (33)
A1: PEMERINTAH DAERAH PROVINSI JAWA BARAT DINAS PENDIDIKAN SMA NEGERI 2 CIBINONG Jln. Karadenan No. 5 Cibinong Telp/Fax. ( 0251 ) 8654347 Bogor 16913 http://www.sman2cibinong.sch.id email: info@sman2cibinong.sch.id
A3: DAFTAR CAPAIAN PEMBELAJARAN SEMESTER 1
A4: TAHUN PELAJARAN 2025 - 2026
A6: Kelas | C6: : X-1
A7: Pengajar | C7: :
A9: NO | B9: NISN / NIS | C9: NAMA PESERTA DIDIK | D9: Kelas | E9: Rapor
A11: 1 | B11: 0092626116 / 252610008 | C11: Adhie Bramantyo Faqih - L | D11: X1 | E11: A
A12: 2 | B12: 3103201253 / 252610048 | C12: Almira Dwi Safira - P | D12: X1 | E12: A
A13: 3 | B13: 0102149444 / 252610053 | C13: Alzena Juneeta Talisha Theo - P | D13: X1 | E13: A
A14: 4 | B14: 0095992391 / 252610082 | C14: Arya Aditya Gunawan - L | D14: X1 | E14: A
A15: 5 | B15: 0106142601 / 252610083 | C15: Aryasatia Pradipta - L | D15: X1 | E15: B
A16: 6 | B16: 0108104548 / 252610087 | C16: Asyifa Diandra Bayu - P | D16: X1 | E16: A
A17: 7 | B17: 0103045473 / 252610088 | C17: Asyifa Maulidia Salsabila - P | D17: X1 | E17: A
A18: 8 | B18: 0109105725 / 252610100 | C18: Aurelia Langit Callysta - P | D18: X1 | E18: A
A19: 9 | B19: 0096394871 / 252610101 | C19: Aurelia Septiani Putri - P | D19: X1 | E19: A
A20: 10 | B20: 0099038184 / 252610109 | C20: Azalia Maheswari Christabel - P | D20: X1 | E20: B
A21: 11 | B21: 0096477713 / 252610122 | C21: Bilqis Anwar Thebe - P | D21: X1 | E21: A
A22: 12 | B22: 0106995291 / 252610126 | C22: Bimo Armani Aulia Putra - L | D22: X1 | E22: A
... A57: 47 | B57: 0108505453 / 252610566 | C57: Zhafirah Dwi Fauziah - P | D57: X1 | E57: A
A58: 48 | C58: M. Rizky - L | D58: X1 | E58: A
A60: Mata Pelajaran | C60: :
A61: Kelas | C61: : X-2
A62: Pengajar | C62: :
A64: NO | B64: NISN / NIS | C64: NAMA PESERTA DIDIK | D64: Kelas | E64: Rapor
A66: 1 | B66: 0094216870 / 252610011 | C66: Adinda Syahira Hariyadi - P | D66: X2 | E66: B
A67: 2 | B67: 0107760733 / 252610023 | C67: Aira Aulia Putri - P | D67: X2 | E67: B
A68: 3 | B68: 0105130233 / 252610026 | C68: Aisha Faiha Dzakiyah - P | D68: X2 | E68: B
A69: 4 | B69: 0104550133 / 252610039 | C69: Alifa Safa Salsabila - P | D69: X2 | E69: A
A70: 5 | B70: 0095372504 / 252610050 | C70: Alviana Dwie Putery - P | D70: X2 | E70: B
A71: 6 | B71: 0105813396 / 252610052 | C71: Alyya Zahra Kusumadewi - P | D71: X2 | E71: A
A72: 7 | B72: 0109006152 / 252610058 | C72: Ammar Raziq Mahdiya - L | D72: X2 | E72: A
A73: 8 | B73: 0097211030 / 252610062 | C73: Andini Qoriyati Khaerani - P | D73: X2 | E73: A
A74: 9 | B74: 3108667209 / 252610070 | C74: Aqeela Az Zahra - P | D74: X2 | E74: A
A75: 10 | B75: 0109904498 / 252610075 | C75: Arfan Kristian Perlindungan Harefa - L | D75: X2 | E75: B
A76: 11 | B76: 0098513542 / 252610084 | C76: Ashiila Rindu Dwi Laufli - P | D76: X2 | E76: A
A77: 12 | B77: 0106376916 / 252610090 | C77: Atharrayhan Abimanyu Pratama - L | D77: X2 | E77: A
... A112: 47 | B112: 0096087965 / 252610563 | C112: Zalikhah Rasikhah Putri - P | D112: X2 | E112: A
A114: Mata Pelajaran | C114: :
A115: Kelas | C115: : X-3
A116: Pengajar | C116: :
A118: NO | B118: NISN / NIS | C118: NAMA PESERTA DIDIK | D118: Kelas | E118: Rapor
A120: 1 | B120: 0094703204 / 252610002 | C120: Abhinaya Zaidan Akbar - L | D120: X3 | E120: B
A121: 2 | B121: 0106941990 / 252610063 | C121: Andra Rakadityono - L | D121: X3 | E121: A
A122: 3 | B122: 0109964803 / 252610065 | C122: Anjani Safira Salma - P | D122: X3 | E122: A
A123: 4 | B123: 0104084075 / 252610076 | C123: Ario Bimo Wicaksono - L | D123: X3 | E123: A
A124: 5 | B124: 0098221239 / 252610079 | C124: Arman Firmansyah - L | D124: X3 | E124: A
A125: 6 | B125: 0104751597 / 252610093 | C125: Attaya Putri Faslahi - P | D125: X3 | E125: A
A126: 7 | B126: 0104406841 / 252610094 | C126: Attiyah Naila Adza Alifah - P | D126: X3 | E126: A
A127: 8 | B127: 0102122161 / 252610096 | C127: Aulia Azahra - P | D127: X3 | E127: A
A128: 9 | B128: 0108329102 / 252610121 | C128: Bianca Aurelia Putri Asari - P | D128: X3 | E128: A
A129: 10 | B129: 0103047499 / 252610129 | C129: Bumi Byakta Alfian - L | D129: X3 | E129: B
A130: 11 | B130: 0102794623 / 252610136 | C130: Cheryl Faiha Al-Tair - P | D130: X3 | E130: A
A131: 12 | B131: 0096103714 / 252610138 | C131: Cindy Ramadhani Sinulingga - P | D131: X3 | E131: A
... A164: 45 | B164: 0101188685 / 252610556 | C164: Yasmine Almira Queen - P | D164: X3 | E164: A
A166: Mata Pelajaran | C166: :
A167: Kelas | C167: : X-4
A168: Pengajar | C168: :
A170: NO | B170: NISN / NIS | C170: NAMA PESERTA DIDIK | D170: Kelas | E170: Rapor
A172: 1 | B172: 0106136353 / 252610016 | C172: Ahmad Azmi Mutaarrofi - L | D172: X4 | E172: B
A173: 2 | B173: 0095491750 / 252610018 | C173: Ahmad Farely Azriel - L | D173: X4 | E173: A
A174: 3 | B174: 0087811342 / 252610038 | C174: Alfian Chaniago - L | D174: X4 | E174: B
A175: 4 | B175: 0094160993 / 252610045 | C175: Alleandra Kaif Finandita - P | D175: X4 | E175: B
A176: 5 | B176: 0103659705 / 252610049 | C176: Altaira Aqila Myesha Ario - P | D176: X4 | E176: B
A177: 6 | B177: 0107838813 / 252610056 | C177: Amira Najwa Fauziyah - P | D177: X4 | E177: A
A178: 7 | B178: 0108144208 / 252610069 | C178: Aphrodyta Aurelia Avrilla - P | D178: X4 | E178: A
A179: 8 | B179: 0096853688 / 252610074 | C179: Aqueena Putri Salimah - P | D179: X4 | E179: A
A180: 9 | B180: 0092637367 / 252610132 | C180: Chairani Kanza Wulandaputri - P | D180: X4 | E180: A
A181: 10 | B181: 0095522157 / 252610155 | C181: Dhefa Raditya Putra - L | D181: X4 | E181: B
A182: 11 | B182: 0098223677 / 252610162 | C182: Diaz Syeza Zivanna - P | D182: X4 | E182: A
A183: 12 | B183: 0106545857 / 252610173 | C183: Dwi Nailah Azhara - P | D183: X4 | E183: A
... A217: 46 | B217: 0106490661 / 252610544 | C217: Tiara Winni Melia - P | D217: X4 | E217: A
A219: Mata Pelajaran | C219: :
A220: Kelas | C220: : X-5
A221: Pengajar | C221: :
A224: NO | B224: NISN / NIS | C224: NAMA PESERTA DIDIK | D224: Kelas | E224: Rapor
A226: 1 | B226: 0092194625 / 252610004 | C226: Achmad Ardiansyah - L | D226: X5 | E226: A
A227: 2 | B227: 3108509756 / 252610013 | C227: Adrian Muhammad Fadillah - L | D227: X5 | E227: B
A228: 3 | B228: 0099540724 / 252610022 | C228: Aira Alessia Adha - P | D228: X5 | E228: B
A229: 4 | B229: 0107934430 / 252610024 | C229: Aira Febria Sari - P | D229: X5 | E229: A
A230: 5 | B230: 0099668827 / 252610034 | C230: Al Jadid Syafruddin Lubis - L | D230: X5 | E230: B
A231: 6 | B231: 0102993208 / 252610043 | C231: Alisya Belva Dhio - P | D231: X5 | E231: B
A232: 7 | B232: 0104459637 / 252610055 | C232: Amira Agni Kayla Raisya - P | D232: X5 | E232: A
A233: 8 | B233: 0104825356 / 252610057 | C233: Amirah Khalishah Somoal - P | D233: X5 | E233: A
A234: 9 | B234: 0099339799 / 252610060 | C234: Anas Legawa Riyadi - L | D234: X5 | E234: B
A235: 10 | B235: 0098197227 / 252610067 | C235: Annisa Fitriyani - P | D235: X5 | E235: A
A236: 11 | B236: 0093274791 / 252610115 | C236: Bagaskara Bisma Anoka - L | D236: X5 | E236: B
A237: 12 | B237: 0099900563 / 252610123 | C237: Bilqis Nikita Aylani - P | D237: X5 | E237: A
... A270: 45 | B270: 0099429653 / 252610554 | C270: Yanza Rizkia Salsabillah - P | D270: X5 | E270: B
A272: Mata Pelajaran | C272: :
A273: Kelas | C273: : X-6
A274: Pengajar | C274: :
A276: NO | B276: NISN / NIS | C276: NAMA PESERTA DIDIK | D276: Kelas | E276: Rapor
A278: 1 | B278: 0096316890 / 252610005 | C278: Achmad Firza Ghibran - L | D278: X6 | E278: B
A279: 2 | B279: 0091825991 / 252610009 | C279: Adi Pati Jaya Prana - L | D279: X6 | E279: B
A280: 3 | B280: 0094216872 / 252610036 | C280: Alfany Himma Roudina - P | D280: X6 | E280: B
A281: 4 | B281: 3093210071 / 252610042 | C281: Alisa Putri - P | D281: X6 | E281: A
A282: 5 | B282: 0099344894 / 252610072 | C282: Aqila Noya Faiza - P | D282: X6 | E282: B
A283: 6 | B283: 0109520546 / 252610120 | C283: Bernala Baratama Sirait - P | D283: X6 | E283: -
A284: 7 | B284: 0104799326 / 252610134 | C284: Chempaka Balqist Zavira Mentary Misman - P | D284: X6 | E284: B
A285: 8 | B285: 0081552525 / 252610150 | C285: Defrino Viernadi Laitnis Yusfa - L | D285: X6 | E285: B
...

Sheet Rapor Kelas XI (32)
A3: DAFTAR CAPAIAN PEMBELAJARAN SEMESTER 1
A4: TAHUN PELAJARAN 2025 - 2026
A7: KELAS XI A-1
A8: Wali Kelas : Dwi Rokhmiatun, S.Pd
A9: No | B9: NISN | C9: NIS | D9: Nama | E9: Rapor
A11: 1 | B11: 82590495 | C11: 242510008 | D11: Agil Umar | E11: B
A12: 2 | B12: 97313548 | C12: 242510011 | D12: Ahmad Riyad Sugiarto | E12: A
A13: 3 | B13: 94510551 | C13: 242510025 | D13: Alifah Khairani Sawaludin | E13: B
A14: 4 | B14: 87298416 | C14: 242510031 | D14: Almira Tungga Dewi | E14: B
A15: 5 | B15: 95546511 | C15: 242510069 | D15: Aulya Mawal Juniar | E15: A
A16: 6 | B16: 3086190678 | C16: 242510079 | D16: Bagaskara Arya Perkasa | E16: B
A17: 7 | B17: 107163370 | C17: 242510095 | D17: Chiara Nanda Setiyo Fazria | E17: B
A18: 8 | B18: 3092678408 | C18: 242510108 | D18: Devin Anandya Syuja | E18: B
A19: 9 | B19: 95504110 | C19: 242510111 | D19: Diaz Pradana Putra | E19: B
A20: 10 | B20: 3081717964 | C20: 242510114 | D20: Disha Ramanda Putra | E20: B
A21: 11 | B21: 83076557 | C21: 242510116 | D21: Donita Aulia Ramadhani | E21: A
A22: 12 | B22: 93137843 | C22: 242510126 | D22: Evania Sarah Ilmira | E22: B
... A46: 36 | B46: 85011294 | C46: 242510432 | D46: Zulfa Laila Mashurah | E46: B
A48: KELAS XI A-2
A49: Wali Kelas : Ichsan, S.Pd
A50: No | B50: NISN | C50: NIS | D50: Nama | E50: Rapor
A52: 1 | B52: 92385645 | C52: 242510005 | D52: Adinda Khayla | E52: A
A53: 2 | B53: 83638898 | C53: 242510007 | D53: Aditya Narayan | E53: B
A54: 3 | B54: 83581318 | C54: 242510018 | D54: Aisyah Syuja Larasati Sigit | E54: B
A55: 4 | B55: 86733881 | C55: 242510028 | D55: Alma Destianti | E55: A
A56: 5 | B56: 98621054 | C56: 242510037 | D56: Alya Mukhbita Hendriana | E56: A
A57: 6 | B57: 92707821 | C57: 242510046 | D57: Anindita Naranisa Jati | E57: A
A58: 7 | B58: 83016159 | C58: 242510052 | D58: Annisa Nur Fajriya | E58: A
A59: 8 | B59: 83641645 | C59: 242510064 | D59: Atma Pertiwi | E59: B
A60: 9 | B60: 93262366 | C60: 242510104 | D60: Deivar Brimantara | E60: A
A61: 10 | B61: 96851574 | C61: 242510117 | D61: Dzakia Fitri | E61: B
A62: 11 | B62: 92622229 | C62: 242510129 | D62: Fadhilah Dwi Sabrina Nugrahaning Putri | E62: B
A63: 12 | B63: 81916428 | C63: 242510141 | D63: Fellysia Oktafia Fernanda | E63: B
... A87: 36 | B87: 94935892 | C87: 242510412 | D87: Wanda Zhafirah | E87: B
A89: KELAS XI B-1
A90: Wali Kelas : Ilmia Fatinah, S.Pd, M.Pd
A91: No | B91: NISN | C91: NIS | D91: Nama | E91: L/P
A93: 1 | B93: 85027044 | C93: 242510010 | D93: Ahmad Humam Rifqi | E93: B
A94: 2 | B94: 81265372 | C94: 242510027 | D94: Allayda Cindy Addrian | E94: B
A95: 3 | B95: 92697249 | C95: 242510041 | D95: Anandio Alfathir Suherman | E95: B
A96: 4 | B96: 85437129 | C96: 242510070 | D96: Aura Humaira Putri Gunawan | E96: A
A97: 5 | B97: 98656322 | C97: 242510113 | D97: Dinda Syafana Alfatiha .N .R .K | E97: B
A98: 6 | B98: 96763243 | C98: 242510120 | D98: Elizabeth Fransiska Siregar | E98: A
A99: 7 | B99: 98951883 | C99: 242510136 | D99: Fariha Tiara Jinaani | E99: B
A100: 8 | B100: 94722345 | C100: 242510180 | D100: Juan Tri Alexandro Immanuel | E100: B
A101: 9 | B101: 97193046 | C101: 242510184 | D101: Karimah Bassam Faris Sawaftah | E101: B
A102: 10 | B102: 93505380 | C102: 242510187 | D102: Kayla Rahmah Mumtazah | E102: B
A103: 11 | B103: 84361496 | C103: 242510193 | D103: Kesya Rashan Syilbiyy Firdaus | E103: B
A104: 12 | B104: 93778675 | C104: 242510197 | D104: Kezia Feodora Simarnala Ciberro | E104: A
... A128: 36 | B128: 82801587 | C128: 242510421 | D128: Zahisa Raudhatul Jannah | E128: B
A130: KELAS XI B-2
A131: Wali Kelas : Dijah Noeringtyas, M.Pd
A132: No | B132: NISN | C132: NIS | D132: Nama | E132: Rapor
A134: 1 | B134: 0091989218 / 242510017 | D134: Aisyah Nur Izzah | E134: B
A135: 2 | B135: 0087766031 / 252611568 | D135: Alexandria Prameswari Prawira | E135: A
A136: 3 | B136: 0098715904 / 242510023 | D136: Alexia Luigi Lian | E136: B
A137: 4 | B137: 0081501338 / 242510042 | D137: Andi Almaghfira Shabila Sawerigading | E137: B
A138: 5 | B138: 0085534034 / 242510086 | D138: Bintang Alif Putra Satriya | E138: A
A139: 6 | B139: 0084745418 / 242510091 | D139: Chaerani Yulianti | E139: B
A140: 7 | B140: 0095136014 / 242510102 | D140: Davina Mutiara Arfi | E140: A
A141: 8 | B141: 0098889247 / 242510133 | D141: Faiza Zalfa Nadifa | E141: A
A142: 9 | B142: 0094252138 / 242510134 | D142: Fajra Aniq Khalisha | E142: B
A143: 10 | B143: 0086688060 / 242510135 | D143: Faliqa Haq Hasanah | E143: A
A144: 11 | B144: 0092223653 / 242510142 | D144: Feyza Alya Mukhbita | E144: A
A145: 12 | B145: 0085278931 / 242510165 | D145: Hilma Sandria | E145: A
... A169: 36 | B169: 0084616257 / 242510420 | D169: Zahara Romadhona | E169: A
A171: KELAS XI C
A172: Wali Kelas : Teguh Satya Pratama, S.Pd
A173: No | B173: NISN | C173: NIS | D173: Nama | E173: Rapor
A175: 1 | B175: 0097029152 / 242510001 | D175: Abdurrahman Syauqi | E175: B
A176: 2 | B176: 0096738562 / 242510014 | D176: Aira Eva Fajarina | E176: B
A177: 3 | B177: 0099375029 / 242510019 | D177: Akram Dika Setiawan | E177: A
A178: 4 | B178: 0085348468 / 242510024 | D178: Al-Habi Syehar Irawan | E178: B
A179: 5 | B179: 0095154966 / 242510036 | D179: Alya Atifa Edfiyanti | E179: B
A180: 6 | B180: 0096990480 / 242510044 | D180: Andrea Kaira Nezza | E180: B
A181: 7 | B181: 0081271561 / 242510054 | D181: Ardhito Himawan Dwantara | E181: B
A182: 8 | B182: 0099561898 / 242510071 | D182: Aureli Valency Achiles | E182: A
A183: 9 | B183: 0091681862 / 242510088 | D183: Caesy Aprilia Bausir | E183: A
A184: 10 | B184: 0098451979 / 242510161 | D184: Hasna Azmalea Radhina Santosa | E184: A
A185: 11 | B185: 0084845522 / 242510200 | D185: Khalista Bisi Elmyra | E185: B
A186: 12 | B186: 0083434779 / 252611571 | D186: Khansa Nadya Rahman | E186: B
... A210: 36 | B210: 0092434039 / 242510410 | D210: Vira Aprilia Putri | E210: B
A212: KELAS XI D-1
A213: Wali Kelas : Dra. Kristiana K, M.Pd
A214: No | B214: NISN | C214: NIS | D214: Nama | E214: Rapor
A216: 1 | B216: 0098762657 / 242510048 | D216: Anindya Zhafira Sani | E216: A
A217: 2 | B217: 0089202112 / 242510055 | D217: Ariij Arriyad | E217: A
A218: 3 | B218: 0088260272 / 242510056 | D218: Arinda Khalisha Pambudi | E218: B
A219: 4 | B219: 0097111779 / 242510058 | D219: Arya Muhammad Raihan | E219: A
A220: 5 | B220: 0093831279 / 242510066 | D220: Aulia Erlin Mummaizah | E220: A
A221: 6 | B221: 0096065165 / 242510072 | D221: Aurelia Syifa Fiandra | E221: A
A222: 7 | B222: 0099851224 / 242510085 | D222: Bilqist Ayu Wulandari | E222: A
A223: 8 | B223: 0092348709 / 242510096 | D223: Cintia Zahfirah Asyiah Siregar | E223: A
A224: 9 | B224: 0099087317 / 242510099 | D224: Dania Anindita Tunggadewi | E224: A
A225: 10 | B225: 0098666843 / 242510101 | D225: Danisy Nahdhan Pratama | E225: B
A226: 11 | B226: 0087242368 / 242510112 | D226: Dicky Maulana | E226: A
A227: 12 | B227: 0087777223 / 242510130 | D227: Faida Annaila Zahra | E227: B
... A251: 36 | B251: 0096998389 / 242510428 | D251: Zhafira Fathin Ilmira | E251: A
A253: KELAS XI D-2
A254: Wali Kelas : Rizki, S.Pd
...

Sheet Kelas X(33)
D1: DAFTAR CAPAIAN PEMBELAJARAN SEMESTER 1
D2: TAHUN PELAJARAN 2025 - 2026
A3: No Baris | F3: Kelas | G3: Mentor | H3: Jml Pertemuan Terlaksana 25 Okt, 8 Nov, 22 Nov | I3: Total Hadir 25 Okt, 8 Nov, 22 Nov | J3: Total Pertemuan 16 Agt - 18 Okt | K3: Master Class | L3: Total Hadir 16 Agt - 18 Okt | M3: Total Pertemuan 16 Agt - 22 Nov | N3: Total Hadir 16 Agt - 22 Nov (Tidak ternasuk Masterclass) | O3: Hdr | P3: Keterangan | Q3: Rapor
A4: 1 | B4: Mata Pelajaran | D4: :
A5: 2 | B5: Kelas | D5: : X-1
A6: 3 | B6: Pengajar | D6: :
A7: 4
A8: 5 | B8: NO | C8: NISN / NIS | D8: NAMA PESERTA DIDIK | F8: Kelas | H8: Bila terlaksana semua, isi: 3 | J8: Bila terlaksana semua, isi: 5 | M8: Total Pertemuan 16 Agt - 22 Nov | N8: Total Hadir 16 Agt - 22 Nov (Tidak ternasuk Masterclass) | O8: Hdr | P8: Keterangan | Q8: Rapor
A9: 6 | G9: Mentor | H9: Jml Pertemuan Terlaksana 25 Okt, 8 Nov, 22 Nov | I9: Total Hadir 25 Okt, 8 Nov, 22 Nov | J9: Total Pertemuan 16 Agt - 18 Okt | K9: Master Class | L9: Total Hadir 16 Agt - 18 Okt
A10: 8 | B10: 1 | C10: 0092626116 / 252610008 | D10: Adhie Bramantyo Faqih - L | E10: Adhie Bramantyo Faqih | F10: X1 | G10: Rony | H10: 5 | I10: 5 | J10: 3 | K10: =iferror(vlookup(E10,MasterClass!$C$2:$G988,5,false),"") -> 1 | L10: 3 | M10: =J10+H10 -> 8 | N10: =I10+L10+K10 -> 9 | O10: =N10/M10 -> 1.125
A11: 9 | B11: 2 | C11: 3103201253 / 252610048 | D11: Almira Dwi Safira - P | E11: Almira Dwi Safira | F11: X1 | G11: Syifa | H11: 0 | I11: 0 | J11: 5 | K11: =iferror(vlookup(E11,MasterClass!$C$2:$G988,5,false),"") -> 1 | L11: 4 | M11: 6 | N11: =I11+L11+K11 -> 5 | O11: =N11/M11 -> 0.83333333
A12: 10 | B12: 3 | C12: 0102149444 / 252610053 | D12: Alzena Juneeta Talisha Theo - P | E12: Alzena Juneeta Talisha Theo | F12: X1 | G12: Syifa | H12: 0 | I12: 0 | J12: 5 | K12: =iferror(vlookup(E12,MasterClass!$C$2:$G988,5,false),"") -> 1 | L12: 3 | M12: 6 | N12: =I12+L12+K12 -> 4 | O12: =N12/M12 -> 0.66666667
A13: 11 | B13: 4 | C13: 0095992391 / 252610082 | D13: Arya Aditya Gunawan - L | E13: Arya Aditya Gunawan | F13: X1 | G13: Rony | H13: 5 | I13: 4 | J13: 3 | K13: =iferror(vlookup(E13,MasterClass!$C$2:$G988,5,false),"") | L13: 3 | M13: =J13+H13 -> 8 | N13: =I13+L13+K13 -> 7 | O13: =N13/M13 -> 0.875
A14: 12 | B14: 5 | C14: 0106142601 / 252610083 | D14: Aryasatia Pradipta - L | E14: Aryasatia Pradipta | F14: X1 | G14: Rony | H14: 5 | I14: 1 | J14: 3 | K14: =iferror(vlookup(E14,MasterClass!$C$2:$G988,5,false),"") | L14: 1 | M14: =J14+H14 -> 8 | N14: =I14+L14+K14 -> 2 | O14: =N14/M14 -> 0.25
A15: 13 | B15: 6 | C15: 0108104548 / 252610087 | D15: Asyifa Diandra Bayu - P | E15: Asyifa Diandra Bayu | F15: X1 | G15: Syifa | H15: 0 | I15: 0 | J15: 5 | K15: =iferror(vlookup(E15,MasterClass!$C$2:$G988,5,false),"") -> 1 | L15: 5 | M15: 6 | N15: =I15+L15+K15 -> 6 | O15: =N15/M15 -> 1
A16: 14 | B16: 7 | C16: 0103045473 / 252610088 | D16: Asyifa Maulidia Salsabila - P | E16: Asyifa Maulidia Salsabila | F16: X1 | G16: Syifa | H16: 0 | I16: 0 | J16: 5 | K16: =iferror(vlookup(E16,MasterClass!$C$2:$G988,5,false),"") | L16: 4 | M16: 6 | N16: =I16+L16+K16 -> 4 | O16: =N16/M16 -> 0.66666667
A17: 15 | B17: 8 | C17: 0109105725 / 252610100 | D17: Aurelia Langit Callysta - P | E17: Aurelia Langit Callysta | F17: X1 | G17: Syifa | H17: 0 | I17: 0 | J17: 5 | K17: =iferror(vlookup(E17,MasterClass!$C$2:$G988,5,false),"") -> 1 | L17: 5 | M17: 6 | N17: =I17+L17+K17 -> 6 | O17: =N17/M17 -> 1
A18: 16 | B18: 9 | C18: 0096394871 / 252610101 | D18: Aurelia Septiani Putri - P | E18: Aurelia Septiani Putri | F18: X1 | G18: Syifa | H18: 0 | I18: 0 | J18: 5 | K18: =iferror(vlookup(E18,MasterClass!$C$2:$G988,5,false),"") -> 1 | L18: 4 | M18: 6 | N18: =I18+L18+K18 -> 5 | O18: =N18/M18 -> 0.83333333
A19: 17 | B19: 10 | C19: 0099038184 / 252610109 | D19: Azalia Maheswari Christabel - P | E19: Azalia Maheswari Christabel | F19: X1 | G19: Syifa | H19: 0 | I19: 0 | J19: 5 | K19: =iferror(vlookup(E19,MasterClass!$C$2:$G988,5,false),"") | L19: 0 | M19: 6 | N19: =I19+L19+K19 -> 0 | O19: =N19/M19 -> 0
A20: 18 | B20: 11 | C20: 0096477713 / 252610122 | D20: Bilqis Anwar Thebe - P | E20: Bilqis Anwar Thebe | F20: X1 | G20: Ayun | H20: 3 | I20: 1 | J20: 5 | K20: =iferror(vlookup(E20,MasterClass!$C$2:$G988,5,false),"") | L20: 3 | M20: =J20+H20 -> 8 | N20: =I20+L20+K20 -> 4 | O20: =N20/M20 -> 0.5 | P20: Supermentoring
A21: 19 | B21: 12 | C21: 0106995291 / 252610126 | D21: Bimo Armani Aulia Putra - L | E21: Bimo Armani Aulia Putra | F21: X1 | G21: Rony | H21: 5 | I21: 4 | J21: 3 | K21: =iferror(vlookup(E21,MasterClass!$C$2:$G988,5,false),"") | L21: 3 | M21: =J21+H21 -> 8 | N21: =I21+L21+K21 -> 7 | O21: =N21/M21 -> 0.875
A22: 20 | B22: 13 | C22: 0094126705 / 252610130 | D22: Callysta Tuchi Solin - P | E22: Callysta Tuchi Solin | F22: X1 | G22: Syifa | H22: 0 | I22: 0 | J22: 5 | K22: =iferror(vlookup(E22,MasterClass!$C$2:$G988,5,false),"") | L22: 4 | M22: 6 | N22: =I22+L22+K22 -> 4 | O22: =N22/M22 -> 0.66666667
A23: 21 | B23: 14 | C23: 0105914504 / 252610171 | D23: Diwangkara Rizki Rabbani - L | E23: Diwangkara Rizki Rabbani | F23: X1 | G23: Rony | H23: 5 | I23: 5 | J23: 3 | K23: =iferror(vlookup(E23,MasterClass!$C$2:$G988,5,false),"") -> 1 | L23: 3 | M23: =J23+H23 -> 8 | N23: =I23+L23+K23 -> 9 | O23: =N23/M23 -> 1.125
A24: 22 | B24: 15 | C24: 0092097491 / 252610175 | D24: Dzahra Miftahuljanah - P | E24: Dzahra Miftahuljanah | F24: X1 | G24: Syifa | H24: 0 | I24: 0 | J24: 5 | K24: =iferror(vlookup(E24,MasterClass!$C$2:$G988,5,false),"") -> 1 | L24: 4 | M24: 6 | N24: =I24+L24+K24 -> 5 | O24: =N24/M24 -> 0.83333333
A25: 23 | B25: 16 | C25: 0102644442 / 252610193 | D25: Fakhri Haikal Alvito Rachmat - L | E25: Fakhri Haikal Alvito Rachmat | F25: X1 | G25: Rony | H25: 5 | I25: 4 | J25: 3 | K25: =iferror(vlookup(E25,MasterClass!$C$2:$G988,5,false),"") -> 1 | L25: 3 | M25: =J25+H25 -> 8 | N25: =I25+L25+K25 -> 8 | O25: =N25/M25 -> 1
A26: 24 | B26: 17 | C26: 0107657965 / 252610202 | D26: Fathi Azzam Hawwari - L | E26: Fathi Azzam Hawwari | F26: X1 | G26: Rony | H26: 5 | I26: 2 | J26: 3 | K26: =iferror(vlookup(E26,MasterClass!$C$2:$G988,5,false),"") | L26: 1 | M26: =J26+H26 -> 8 | N26: =I26+L26+K26 -> 3 | O26: =N26/M26 -> 0.375
A27: 25 | B27: 18 | C27: 0095023834 / 252610206 | D27: Fatimah Aszahra - P | E27: Fatimah Aszahra | F27: X1 | G27: Syifa | H27: 0 | I27: 0 | J27: 5 | K27: =iferror(vlookup(E27,MasterClass!$C$2:$G988,5,false),"") -> 1 | L27: 5 | M27: 6 | N27: =I27+L27+K27 -> 6 | O27: =N27/M27 -> 1
A28: 26 | B28: 19 | C28: 0094631117 / 252610224 | D28: Gwenna Irene Winata - P | E28: Gwenna Irene Winata | F28: X1 | G28: Syifa | H28: 0 | I28: 0 | J28: 5 | K28: =iferror(vlookup(E28,MasterClass!$C$2:$G988,5,false),"") -> 1 | L28: 5 | M28: 6 | N28: =I28+L28+K28 -> 6 | O28: =N28/M28 -> 1
A29: 27 | B29: 20 | C29: 0092679798 / 252610239 | D29: Jasmine Zahira Ramadhani - P | E29: Jasmine Zahira Ramadhani | F29: X1 | G29: Oshe | H29: 5 | I29: 4 | J29: 5 | K29: =iferror(vlookup(E29,MasterClass!$C$2:$G988,5,false),"") | L29: 4 | M29: =J29+H29 -> 10 | N29: =I29+L29+K29 -> 8 | O29: =N29/M29 -> 0.8
A30: 28 | B30: 21 | C30: 0109256207 / 252610244 | D30: Jesslyn Quinn Gabrielle Sitorus - P | E30: Jesslyn Quinn Gabrielle Sitorus | F30: X1 | G30: Oshe | H30: 5 | I30: 0 | J30: 5 | K30: =iferror(vlookup(E30,MasterClass!$C$2:$G988,5,false),"") | L30: 0 | M30: =J30+H30 -> 10 | N30: =I30+L30+K30 -> 0 | O30: =N30/M30 -> 0
A31: 29 | B31: 22 | C31: 0103648473 / 252610246 | D31: Jihan Al Hasya - P | E31: Jihan Al Hasya | F31: X1 | G31: Oshe | H31: 5 | I31: 3 | J31: 5 | K31: =iferror(vlookup(E31,MasterClass!$C$2:$G988,5,false),"") | L31: 3 | M31: =J31+H31 -> 10 | N31: =I31+L31+K31 -> 6 | O31: =N31/M31 -> 0.6
A32: 30 | B32: 23 | C32: 0108537666 / 252610250 | D32: Johanes Satria Yudha - L | E32: Johanes Satria Yudha | F32: X1 | G32: - | H32: - | I32: - | J32: - | K32: - | L32: - | M32: - | N32: - | O32: - | P32: Non-Islam
A33: 31 | B33: 24 | C33: 0098409943 / 252610304 | D33: Kariswan Wahyudi - L | E33: Kariswan Wahyudi | F33: X1 | G33: - | H33: - | I33: - | J33: - | K33: - | L33: - | M33: - | N33: - | O33: - | P33: Non-Islam
A34: 32 | B34: 25 | C34: 0092985486 / 252610311 | D34: Maria Rica Stefany Demu - P | E34: Maria Rica Stefany Demu | F34: X1 | G34: - | H34: - | I34: - | J34: - | K34: - | L34: - | M34: - | N34: - | O34: - | P34: Non-Islam
A35: 33 | B35: 26 | C35: 0094677765 / 252610313 | D35: Melani Putri Triana - P | E35: Melani Putri Triana | F35: X1 | G35: Oshe | H35: 5 | I35: 4 | J35: 5 | K35: =iferror(vlookup(E35,MasterClass!$C$2:$G988,5,false),"") | L35: 4 | M35: =J35+H35 -> 10 | N35: =I35+L35+K35 -> 8 | O35: =N35/M35 -> 0.8
A36: 34 | B36: 27 | C36: 0107959828 / 252610316 | D36: Michael Mazmur Hatorangan Hutabarat - L | E36: Michael Mazmur Hatorangan Hutabarat | F36: X1 | G36: - | H36: - | I36: - | J36: - | K36: - | L36: - | M36: - | N36: - | O36: - | P36: Non-Islam
A37: 35 | B37: 28 | C37: 0092600602 / 252610330 | D37: Mochamad Nayaka Tuharea - L | E37: Mochamad Nayaka Tuharea | F37: X1 | G37: Rony | H37: 5 | I37: 3 | J37: 3 | K37: =iferror(vlookup(E37,MasterClass!$C$2:$G988,5,false),"") | L37: 1 | M37: =J37+H37 -> 8 | N37: =I37+L37+K37 -> 4 | O37: =N37/M37 -> 0.5
A38: 36 | B38: 29 | C38: 0108695912 / 252610334 | D38: Muhamad Septian Romadhon - L | E38: Muhamad Septian Romadhon | F38: X1 | G38: Rony | H38: 5 | I38: 4 | J38: 3 | K38: =iferror(vlookup(E38,MasterClass!$C$2:$G988,5,false),"") | L38: 3 | M38: =J38+H38 -> 8 | N38: =I38+L38+K38 -> 7 | O38: =N38/M38 -> 0.875
A39: 37 | B39: 30 | C39: 0093126257 / 252610343 | D39: Muhammad Adrian Gianni Adam - L | E39: Muhammad Adrian Gianni Adam | F39: X1 | G39: Rony | H39: 5 | I39: 5 | J39: 3 | K39: =iferror(vlookup(E39,MasterClass!$C$2:$G988,5,false),"") | L39: 3 | M39: =J39+H39 -> 8 | N39: =I39+L39+K39 -> 8 | O39: =N39/M39 -> 1
A40: 38 | B40: 31 | C40: 3104497802 / 252610351 | D40: Muhammad Chaerudin Ramdhani - L | E40: Muhammad Chaerudin Ramdhani | F40: X1 | G40: Rony | H40: 5 | I40: 1 | J40: 3 | K40: =iferror(vlookup(E40,MasterClass!$C$2:$G988,5,false),"") | L40: 1 | M40: =J40+H40 -> 8 | N40: =I40+L40+K40 -> 2 | O40: =N40/M40 -> 0.25
A41: 39 | B41: 32 | C41: 0108107461 / 252610369 | D41: Muhammad Fathan Assidiq - L | E41: Muhammad Fathan Assidiq | F41: X1 | G41: Rony | H41: 5 | I41: 4 | J41: 3 | K41: =iferror(vlookup(E41,MasterClass!$C$2:$G988,5,false),"") -> 1 | L41: 3 | M41: =J41+H41 -> 8 | N41: =I41+L41+K41 -> 8 | O41: =N41/M41 -> 1
A42: 40 | B42: 33 | C42: 0092807405 / 252610371 | D42: Muhammad Rodzul Amrullah - L | E42: Muhammad Rodzul Amrullah | F42: X1 | G42: Rony | H42: 5 | I42: 4 | J42: 3 | K42: =iferror(vlookup(E42,MasterClass!$C$2:$G988,5,false),"") | L42: 1 | M42: =J42+H42 -> 8 | N42: =I42+L42+K42 -> 5 | O42: =N42/M42 -> 0.625
A43: 41 | B43: 34 | C43: 0102300207 / 252610390 | D43: Nadya Salwa Altiara - P | E43: Nadya Salwa Altiara | F43: X1 | G43: Oshe | H43: 5 | I43: 4 | J43: 5 | K43: =iferror(vlookup(E43,MasterClass!$C$2:$G988,5,false),"") | L43: 4 | M43: =J43+H43 -> 10 | N43: =I43+L43+K43 -> 8 | O43: =N43/M43 -> 0.8
A44: 42 | B44: 35 | C44: 0097892166 / 252610393 | D44: Nailah Khoirunisa Arsanti - P | E44: Nailah Khoirunisa Arsanti | F44: X1 | G44: Oshe | H44: 5 | I44: 4 | J44: 5 | K44: =iferror(vlookup(E44,MasterClass!$C$2:$G988,5,false),"") | L44: 4 | M44: =J44+H44 -> 10 | N44: =I44+L44+K44 -> 8 | O44: =N44/M44 -> 0.8
A45: 43 | B45: 36 | C45: 0097858274 / 252610423 | D45: Novyola Safitri - P | E45: Novyola Safitri | F45: X1 | G45: Oshe | H45: 5 | I45: 5 | J45: 5 | K45: =iferror(vlookup(E45,MasterClass!$C$2:$G988,5,false),"") | L45: 5 | M45: =J45+H45 -> 10 | N45: =I45+L45+K45 -> 10 | O45: =N45/M45 -> 1
A46: 44 | B46: 37 | C46: 0093105045 / 252610424 | D46: Nur Alifah Silvia - P | E46: Nur Alifah Silvia | F46: X1 | G46: Oshe | H46: 5 | I46: 3 | J46: 5 | K46: =iferror(vlookup(E46,MasterClass!$C$2:$G988,5,false),"") | L46: 3 | M46: =J46+H46 -> 10 | N46: =I46+L46+K46 -> 6 | O46: =N46/M46 -> 0.6
A47: 45 | B47: 38 | C47: 0095438030 / 252610436 | D47: Pungki Yustisia Pertiwi - P | E47: Pungki Yustisia Pertiwi | F47: X1 | G47: Oshe | H47: 5 | I47: 5 | J47: 5 | K47: =iferror(vlookup(E47,MasterClass!$C$2:$G988,5,false),"") | L47: 5 | M47: =J47+H47 -> 10 | N47: =I47+L47+K47 -> 10 | O47: =N47/M47 -> 1
A48: 46 | B48: 39 | C48: 0107914534 / 252610452 | D48: Raden Gathan Azaki Soesilo - L | E48: Raden Gathan Azaki Soesilo | F48: X1 | G48: Rony | H48: 5 | I48: 2 | J48: 3 | K48: =iferror(vlookup(E48,MasterClass!$C$2:$G988,5,false),"") | L48: 2 | M48: =J48+H48 -> 8 | N48: =I48+L48+K48 -> 4 | O48: =N48/M48 -> 0.5
A49: 47 | B49: 40 | C49: 0097963483 / 252610454 | D49: Raden Muhammad Rafi Wiranata - L | E49: Raden Muhammad Rafi Wiranata | F49: X1 | G49: Rony | H49: 5 | I49: 3 | J49: 3 | K49: =iferror(vlookup(E49,MasterClass!$C$2:$G988,5,false),"") | L49: 2 | M49: =J49+H49 -> 8 | N49: =I49+L49+K49 -> 5 | O49: =N49/M49 -> 0.625
A50: 48 | B50: 41 | C50: 0092135851 / 252610476 | D50: Rayhan Ashabi - L | E50: Rayhan Ashabi | F50: X1 | G50: Rony | H50: 5 | I50: 2 | J50: 3 | K50: =iferror(vlookup(E50,MasterClass!$C$2:$G988,5,false),"") | L50: 2 | M50: =J50+H50 -> 8 | N50: =I50+L50+K50 -> 4 | O50: =N50/M50 -> 0.5
A51: 49 | B51: 42 | C51: 0092605198 / 252610477 | D51: Rayhana Rizkya Al-Multazam - P | E51: Rayhana Rizkya Al-Multazam | F51: X1 | G51: Ayun | H51: 3 | I51: 3 | J51: 5 | K51: =iferror(vlookup(E51,MasterClass!$C$2:$G988,5,false),"") | L51: 5 | M51: =J51+H51 -> 8 | N51: =I51+L51+K51 -> 8 | O51: =N51/M51 -> 1 | P51: Supermentoring
A52: 50 | B52: 43 | C52: 0103151970 / 252610489 | D52: Riffa Nugraha - L | E52: Riffa Nugraha | F52: X1 | G52: Rony | H52: 5 | I52: 5 | J52: 3 | K52: =iferror(vlookup(E52,MasterClass!$C$2:$G988,5,false),"") -> 1 | L52: 3 | M52: =J52+H52 -> 8 | N52: =I52+L52+K52 -> 9 | O52: =N52/M52 -> 1.125
A53: 51 | B53: 44 | C53: 0097644165 / 252610508 | D53: Salsabila Zahwa Mulana - P | E53: Salsabila Zahwa Mulana | F53: X1 | G53: Oshe | H53: 5 | I53: 4 | J53: 5 | K53: =iferror(vlookup(E53,MasterClass!$C$2:$G988,5,false),"") | L53: 4 | M53: =J53+H53 -> 10 | N53: =I53+L53+K53 -> 8 | O53: =N53/M53 -> 0.8
A54: 52 | B54: 45 | C54: 0102657659 / 252610513 | D54: Shabira Ayatul Husna - P | E54: Shabira Ayatul Husna | F54: X1 | G54: Oshe | H54: 5 | I54: 4 | J54: 5 | K54: =iferror(vlookup(E54,MasterClass!$C$2:$G988,5,false),"") | L54: 4 | M54: =J54+H54 -> 10 | N54: =I54+L54+K54 -> 8 | O54: =N54/M54 -> 0.8
A55: 53 | B55: 46 | C55: 0111428850 / 252610564 | D55: Zavier Lamya Arkanominatha - L | E55: Zavier Lamya Arkanominatha | F55: X1 | G55: Rony | H55: 5 | I55: 2 | J55: 3 | K55: =iferror(vlookup(E55,MasterClass!$C$2:$G988,5,false),"") -> 1 | L55: 3 | M55: =J55+H55 -> 8 | N55: =I55+L55+K55 -> 6 | O55: =N55/M55 -> 0.75
A56: 54 | B56: 47 | C56: 0108505453 / 252610566 | D56: Zhafirah Dwi Fauziah - P | E56: Zhafirah Dwi Fauziah | F56: X1 | G56: Oshe | H56: 5 | I56: 4 | J56: 5 | K56: =iferror(vlookup(E56,MasterClass!$C$2:$G988,5,false),"") | L56: 4 | M56: =J56+H56 -> 10 | N56: =I56+L56+K56 -> 8 | O56: =N56/M56 -> 0.8
A57: 55 | B57: 48 | D57: M. Rizky - L | E57: M. Rizky | F57: X1 | G57: Rony | H57: 5 | I57: 4 | J57: 5 | K57: =iferror(vlookup(E57,MasterClass!$C$2:$G988,5,false),"") | L57: 3 | M57: =J57+H57 -> 10 | N57: =I57+L57+K57 -> 7 | O57: =N57/M57 -> 0.7
A58: 56 | K58: =iferror(vlookup(E58,MasterClass!$C$2:$G988,5,false),"")
A59: 57 | B59: Mata Pelajaran | D59: : | E59: : | K59: =iferror(vlookup(E59,MasterClass!$C$2:$G988,5,false),"")
A60: 58 | B60: Kelas | D60: : X-2 | E60: : X-2 | K60: =iferror(vlookup(E60,MasterClass!$C$2:$G988,5,false),"")
A61: 59 | B61: Pengajar | D61: : | E61: : | K61: =iferror(vlookup(E61,MasterClass!$C$2:$G988,5,false),"")
A62: 60 | K62: =iferror(vlookup(E62,MasterClass!$C$2:$G988,5,false),"")
A63: 61 | B63: NO | C63: NISN / NIS | D63: NAMA PESERTA DIDIK | F63: Kelas | H63: Bila terlaksana semua, isi: 3 | J63: Bila terlaksana semua, isi: 5 | M63: Total Pertemuan 16 Agt - 22 Nov | N63: Total Hadir 16 Agt - 22 Nov (Tidak ternasuk Masterclass) | O63: Hdr | P63: Keterangan | Q63: Rapor
A64: 62 | G64: Mentor | H64: Jml Pertemuan Terlaksana 25 Okt, 8 Nov, 22 Nov | I64: Total Hadir 25 Okt, 8 Nov, 22 Nov | J64: Total Pertemuan 16 Agt - 18 Okt | K64: Master Class | L64: Total Hadir 16 Agt - 18 Okt
A65: 64 | B65: 1 | C65: 0094216870 / 252610011 | D65: Adinda Syahira Hariyadi - P | E65: Adinda Syahira Hariyadi | F65: X2 | G65: Rania | H65: 3 | I65: 1 | J65: 5 | K65: =iferror(vlookup(E65,MasterClass!$C$2:$G988,5,false),"") | L65: 1 | M65: =J65+H65 -> 8 | N65: =I65+L65+K65 -> 2 | O65: =N65/M65 -> 0.25
A66: 65 | B66: 2 | C66: 0107760733 / 252610023 | D66: Aira Aulia Putri - P | E66: Aira Aulia Putri | F66: X2 | G66: Iqlima | H66: 3 | I66: 1 | J66: 5 | K66: =iferror(vlookup(E66,MasterClass!$C$2:$G988,5,false),"") | L66: 2 | M66: =J66+H66 -> 8 | N66: =I66+L66+K66 -> 3 | O66: =N66/M66 -> 0.375 | P66: Supermentoring
A67: 66 | B67: 3 | C67: 0105130233 / 252610026 | D67: Aisha Faiha Dzakiyah - P | E67: Aisha Faiha Dzakiyah | F67: X2 | G67: Rania | H67: 3 | I67: 0 | J67: 5 | K67: =iferror(vlookup(E67,MasterClass!$C$2:$G988,5,false),"") | L67: 3 | M67: =J67+H67 -> 8 | N67: =I67+L67+K67 -> 3 | O67: =N67/M67 -> 0.375
A68: 67 | B68: 4 | C68: 0104550133 / 252610039 | D68: Alifa Safa Salsabila - P | E68: Alifa Safa Salsabila | F68: X2 | G68: Rania | H68: 3 | I68: 2 | J68: 5 | K68: =iferror(vlookup(E68,MasterClass!$C$2:$G988,5,false),"") | L68: 5 | M68: =J68+H68 -> 8 | N68: =I68+L68+K68 -> 7 | O68: =N68/M68 -> 0.875
A69: 68 | B69: 5 | C69: 0095372504 / 252610050 | D69: Alviana Dwie Putery - P | E69: Alviana Dwie Putery | F69: X2 | G69: Rania | H69: 3 | I69: 1 | J69: 5 | K69: =iferror(vlookup(E69,MasterClass!$C$2:$G988,5,false),"") | L69: 2 | M69: =J69+H69 -> 8 | N69: =I69+L69+K69 -> 3 | O69: =N69/M69 -> 0.375
A70: 69 | B70: 6 | C70: 0105813396 / 252610052 | D70: Alyya Zahra Kusumadewi - P | E70: Alyya Zahra Kusumadewi | F70: X2 | G70: Ayun | H70: 3 | I70: 3 | J70: 5 | K70: =iferror(vlookup(E70,MasterClass!$C$2:$G988,5,false),"") | L70: 5 | M70: =J70+H70 -> 8 | N70: =I70+L70+K70 -> 8 | O70: =N70/M70 -> 1 | P70: Supermentoring
A71: 70 | B71: 7 | C71: 0109006152 / 252610058 | D71: Ammar Raziq Mahdiya - L | E71: Ammar Raziq Mahdiya | F71: X2 | G71: Joko | H71: 0 | I71: 0 | J71: 5 | K71: =iferror(vlookup(E71,MasterClass!$C$2:$G988,5,false),"") | L71: 5 | M71: =J71+H71 -> 5 | N71: =I71+L71+K71 -> 5 | O71: =N71/M71 -> 1
A72: 71 | B72: 8 | C72: 0097211030 / 252610062 | D72: Andini Qoriyati Khaerani - P | E72: Andini Qoriyati Khaerani | F72: X2 | G72: Rania | H72: 3 | I72: 1 | J72: 5 | K72: =iferror(vlookup(E72,MasterClass!$C$2:$G988,5,false),"") | L72: 4 | M72: =J72+H72 -> 8 | N72: =I72+L72+K72 -> 5 | O72: =N72/M72 -> 0.625
A73: 72 | B73: 9 | C73: 3108667209 / 252610070 | D73: Aqeela Az Zahra - P | E73: Aqeela Az Zahra | F73: X2 | G73: Rania | H73: 3 | I73: 1 | J73: 5 | K73: =iferror(vlookup(E73,MasterClass!$C$2:$G988,5,false),"") | L73: 3 | M73: =J73+H73 -> 8 | N73: =I73+L73+K73 -> 4 | O73: =N73/M73 -> 0.5
A74: 73 | B74: 10 | C74: 0109904498 / 252610075 | D74: Arfan Kristian Perlindungan Harefa - L | E74: Arfan Kristian Perlindungan Harefa | F74: X2 | G74: Joko | H74: 0 | I74: 0 | J74: 5 | K74: =iferror(vlookup(E74,MasterClass!$C$2:$G988,5,false),"") | L74: 0 | M74: =J74+H74 -> 5 | N74: =I74+L74+K74 -> 0 | O74: =N74/M74 -> 0
A75: 74 | B75: 11 | C75: 0098513542 / 252610084 | D75: Ashiila Rindu Dwi Laufli - P | E75: Ashiila Rindu Dwi Laufli | F75: X2 | G75: Rania | H75: 3 | I75: 1 | J75: 5 | K75: =iferror(vlookup(E75,MasterClass!$C$2:$G988,5,false),"") | L75: 4 | M75: =J75+H75 -> 8 | N75: =I75+L75+K75 -> 5 | O75: =N75/M75 -> 0.625
A76: 75 | B76: 12 | C76: 0106376916 / 252610090 | D76: Atharrayhan Abimanyu Pratama - L | E76: Atharrayhan Abimanyu Pratama | F76: X2 | G76: Joko | H76: 0 | I76: 0 | J76: 5 | K76: =iferror(vlookup(E76,MasterClass!$C$2:$G988,5,false),"") | L76: 4 | M76: =J76+H76 -> 5 | N76: =I76+L76+K76 -> 4 | O76: =N76/M76 -> 0.8
A77: 76 | B77: 13 | C77: 0105797314 / 252610102 | D77: Aurelly Diana Zulkarnaen - P | E77: Aurelly Diana Zulkarnaen | F77: X2 | G77: Rania | H77: 3 | I77: 0 | J77: 5 | K77: =iferror(vlookup(E77,MasterClass!$C$2:$G988,5,false),"") | L77: 3 | M77: =J77+H77 -> 8 | N77: =I77+L77+K77 -> 3 | O77: =N77/M77 -> 0.375
A78: 77 | B78: 14 | C78: 0102731314 / 252610124 | D78: Bima Adyatma Ilmiawan - L | E78: Bima Adyatma Ilmiawan | F78: X2 | G78: Joko | H78: 0 | I78: 0 | J78: 5 | K78: =iferror(vlookup(E78,MasterClass!$C$2:$G988,5,false),"") | L78: 5 | M78: =J78+H78 -> 5 | N78: =I78+L78+K78 -> 5 | O78: =N78/M78 -> 1
A79: 78 | B79: 15 | C79: 0092794157 / 252610139 | D79: Cinta Cludia Putri - P | E79: Cinta Cludia Putri | F79: X2 | G79: Rania | H79: 3 | I79: 1 | J79: 5 | K79: =iferror(vlookup(E79,MasterClass!$C$2:$G988,5,false),"") | L79: 5 | M79: =J79+H79 -> 8 | N79: =I79+L79+K79 -> 6 | O79: =N79/M79 -> 0.75
A80: 79 | B80: 16 | C80: 0106384221 / 252610145 | D80: Dafsyah Arifa Putra - L | E80: Dafsyah Arifa Putra | F80: X2 | G80: Joko | H80: 0 | I80: 0 | J80: 5 | K80: =iferror(vlookup(E80,MasterClass!$C$2:$G988,5,false),"") | L80: 4 | M80: =J80+H80 -> 5 | N80: =I80+L80+K80 -> 4 | O80: =N80/M80 -> 0.8
A81: 80 | B81: 17 | C81: 3104617391 / 252610153 | D81: Denisa Azka Putri - P | E81: Denisa Azka Putri | F81: X2 | G81: Rania | H81: 3 | I81: 1 | J81: 5 | K81: =iferror(vlookup(E81,MasterClass!$C$2:$G988,5,false),"") | L81: 5 | M81: =J81+H81 -> 8 | N81: =I81+L81+K81 -> 6 | O81: =N81/M81 -> 0.75
A82: 81 | B82: 18 | C82: 0098157268 / 252610154 | D82: Devani Keyla Noris - P | E82: Devani Keyla Noris | F82: X2 | G82: Rania | H82: 3 | I82: 1 | J82: 5 | K82: =iferror(vlookup(E82,MasterClass!$C$2:$G988,5,false),"") | L82: 4 | M82: =J82+H82 -> 8 | N82: =I82+L82+K82 -> 5 | O82: =N82/M82 -> 0.625
A83: 82 | B83: 19 | C83: 0099675945 / 252610164 | D83: Dimas Putra Pribadi - L | E83: Dimas Putra Pribadi | F83: X2 | G83: Joko | H83: 0 | I83: 0 | J83: 5 | K83: =iferror(vlookup(E83,MasterClass!$C$2:$G988,5,false),"") | L83: 3 | M83: =J83+H83 -> 5 | N83: =I83+L83+K83 -> 3 | O83: =N83/M83 -> 0.6
A84: 83 | B84: 20 | C84: 0104532267 / 252610180 | D84: Elvio Dyahyu Yusanto - L | E84: Elvio Dyahyu Yusanto | F84: X2 | G84: Joko | H84: 0 | I84: 0 | J84: 5 | K84: =iferror(vlookup(E84,MasterClass!$C$2:$G988,5,false),"") | L84: 0 | M84: =J84+H84 -> 5 | N84: =I84+L84+K84 -> 0 | O84: =N84/M84 -> 0
A85: 84 | B85: 21 | C85: 0097593921 / 252610181 | D85: Enisye Putri Zeliawati Limpong - P | E85: Enisye Putri Zeliawati Limpong | F85: X2 | G85: - | H85: - | I85: - | J85: - | K85: - | L85: - | M85: - | N85: - | O85: - | P85: Non-Islam
A86: 85 | B86: 22 | C86: 0106157075 / 252610185 | D86: Fabian Ahza Hidayat - L | E86: Fabian Ahza Hidayat | F86: X2 | G86: Joko | H86: 0 | I86: 0 | J86: 5 | K86: =iferror(vlookup(E86,MasterClass!$C$2:$G988,5,false),"") | L86: 2 | M86: =J86+H86 -> 5 | N86: =I86+L86+K86 -> 2 | O86: =N86/M86 -> 0.4
A87: 86 | B87: 23 | C87: 0104141415 / 252610186 | D87: Fadhilah Raisa Kamilati - P | E87: Fadhilah Raisa Kamilati | F87: X2 | G87: Nadine | H87: 2 | I87: 2 | J87: 5 | K87: =iferror(vlookup(E87,MasterClass!$C$2:$G988,5,false),"") | L87: 2 | M87: =J87+H87 -> 7 | N87: =I87+L87+K87 -> 4 | O87: =N87/M87 -> 0.57142857
A88: 87 | B88: 24 | C88: 0105606050 / 252610238 | D88: Jasmine Makayla Putri Arvani - P | E88: Jasmine Makayla Putri Arvani | F88: X2 | G88: Nadine | H88: 2 | I88: 1 | J88: 5 | K88: =iferror(vlookup(E88,MasterClass!$C$2:$G988,5,false),"") | L88: 3 | M88: =J88+H88 -> 7 | N88: =I88+L88+K88 -> 4 | O88: =N88/M88 -> 0.57142857
A89: 88 | B89: 25 | C89: 0094564578 / 252610277 | D89: Khalid Ahmad Ghazali - L | E89: Khalid Ahmad Ghazali | F89: X2 | G89: Joko | H89: 0 | I89: 0 | J89: 5 | K89: =iferror(vlookup(E89,MasterClass!$C$2:$G988,5,false),"") | L89: 4 | M89: =J89+H89 -> 5 | N89: =I89+L89+K89 -> 4 | O89: =N89/M89 -> 0.8
A90: 89 | B90: 26 | C90: 0103261879 / 252610280 | D90: Khansa Aulia Damtsa Hylmi - P | E90: Khansa Aulia Damtsa Hylmi | F90: X2 | G90: Nadine | H90: 2 | I90: 1 | J90: 5 | K90: =iferror(vlookup(E90,MasterClass!$C$2:$G988,5,false),"") | L90: 4 | M90: =J90+H90 -> 7 | N90: =I90+L90+K90 -> 5 | O90: =N90/M90 -> 0.71428571
A91: 90 | B91: 27 | C91: 0109361118 / 252610290 | D91: Lionel Boanerges Raffles Simangunsong - L | E91: Lionel Boanerges Raffles Simangunsong | F91: X2 | G91: Joko | H91: 0 | I91: 0 | J91: 5 | K91: =iferror(vlookup(E91,MasterClass!$C$2:$G988,5,false),"") | L91: 0 | M91: =J91+H91 -> 5 | N91: =I91+L91+K91 -> 0 | O91: =N91/M91 -> 0
A92: 91 | B92: 28 | C92: 0092576905 / 252610302 | D92: Mardiansyah Isman - L | E92: Mardiansyah Isman | F92: X2 | G92: Joko | H92: 0 | I92: 0 | J92: 5 | K92: =iferror(vlookup(E92,MasterClass!$C$2:$G988,5,false),"") | L92: 2 | M92: =J92+H92 -> 5 | N92: =I92+L92+K92 -> 2 | O92: =N92/M92 -> 0.4
A93: 92 | B93: 29 | C93: 0099605205 / 252610319 | D93: Mohammad Haikal - L | E93: Mohammad Haikal | F93: X2 | G93: Joko | H93: 0 | I93: 0 | J93: 5 | K93: =iferror(vlookup(E93,MasterClass!$C$2:$G988,5,false),"") | L93: 2 | M93: =J93+H93 -> 5 | N93: =I93+L93+K93 -> 2 | O93: =N93/M93 -> 0.4
A94: 93 | B94: 30 | C94: 0108384400 / 252610320 | D94: Mohammad Irshad Faizanshah - L | E94: Mohammad Irshad Faizanshah | F94: X2 | G94: Rekhsa | H94: 4 | I94: 4 | J94: 5 | K94: =iferror(vlookup(E94,MasterClass!$C$2:$G988,5,false),"") | L94: 5 | M94: =J94+H94 -> 9 | N94: =I94+L94+K94 -> 9 | O94: =N94/M94 -> 1 | P94: Supermentoring
A95: 94 | B95: 31 | C95: 0098087445 / 252610332 | D95: Muhamad Thoriq Al Rasyad - L | E95: Muhamad Thoriq Al Rasyad | F95: X2 | G95: Joko | H95: 0 | I95: 0 | J95: 5 | K95: =iferror(vlookup(E95,MasterClass!$C$2:$G988,5,false),"") | L95: 5 | M95: =J95+H95 -> 5 | N95: =I95+L95+K95 -> 5 | O95: =N95/M95 -> 1
A96: 95 | B96: 32 | C96: 0108518402 / 252610336 | D96: Muhammad Akmaluddin - L | E96: Muhammad Akmaluddin | F96: X2 | G96: Joko | H96: 0 | I96: 0 | J96: 5 | K96: =iferror(vlookup(E96,MasterClass!$C$2:$G988,5,false),"") -> 1 | L96: 5 | M96: =J96+H96 -> 5 | N96: =I96+L96+K96 -> 6 | O96: =N96/M96 -> 1.2
A97: 96 | B97: 33 | C97: 0098345742 / 252610338 | D97: Muhammad Ariza Rizkya Irvan - L | E97: Muhammad Ariza Rizkya Irvan | F97: X2 | G97: Rekhsa | H97: 4 | I97: 1 | J97: 5 | K97: =iferror(vlookup(E97,MasterClass!$C$2:$G988,5,false),"") | L97: 2 | M97: =J97+H97 -> 9 | N97: =I97+L97+K97 -> 3 | O97: =N97/M97 -> 0.33333333 | P97: Supermentoring
A98: 97 | B98: 34 | C98: 0104535464 / 252610362 | D98: Muhammad Nazam Rizal - L | E98: Muhammad Nazam Rizal | F98: X2 | G98: Joko | H98: 0 | I98: 0 | J98: 5 | K98: =iferror(vlookup(E98,MasterClass!$C$2:$G988,5,false),"") | L98: 4 | M98: =J98+H98 -> 5 | N98: =I98+L98+K98 -> 4 | O98: =N98/M98 -> 0.8
A99: 98 | B99: 35 | C99: 3107410887 / 252610365 | D99: Muhammad Rasyad Mahdawi - L | E99: Muhammad Rasyad Mahdawi | F99: X2 | G99: Joko | H99: 0 | I99: 0 | J99: 5 | K99: =iferror(vlookup(E99,MasterClass!$C$2:$G988,5,false),"") | L99: 2 | M99: =J99+H99 -> 5 | N99: =I99+L99+K99 -> 2 | O99: =N99/M99 -> 0.4
A100: 99 | B100: 36 | C100: 0093768427 / 252610416 | D100: Neng Rahmi Novianti - P | E100: Neng Rahmi Novianti | F100: X2 | G100: Nadine | H100: 2 | I100: 2 | J100: 5 | K100: =iferror(vlookup(E100,MasterClass!$C$2:$G988,5,false),"") | L100: 2 | M100: =J100+H100 -> 7 | N100: =I100+L100+K100 -> 4 | O100: =N100/M100 -> 0.57142857
...

Sheet Kelas XI(32)
G1: Kelas | H1: Mentor | I1: Jml Pertemuan Terlaksana 9 Agustus - 22 Nov | J1: MasterClass | K1: Jumlah Hadir 9 Agustus - 22 Nov | M1: Hdr | N1: Keterangan | O1: Rapor
A2: No Baris
A3: 4 | B3: KELAS XI A-1
A4: 5 | B4: Wali Kelas : Dwi Rokhmiatun, S.Pd
A5: 6 | B5: No | C5: NISN | D5: NIS | E5: Nama | F5: L/P | I5: ABSENSI SISWA
A6: 7 | H6: Mentor | I6: Jml Pertemuan Terlaksana 9 Agustus - 22 Nov | J6: MasterClass | K6: Jumlah Hadir 9 Agustus - 22 Nov | L6: Total Hadir | M6: Hdr | N6: Keterangan | O6: Rapor
A7: 8 | B7: 1 | C7: 82590495 | D7: 242510008 | E7: Agil Umar | F7: L | H7: =iferror(vlookup(E7,'Kelas XI - X(32)'!$D$11:$H987,3,false),"") -> Dimas | I7: =iferror(vlookup(E7,'Kelas XI - X(32)'!$D$11:$H987,4,false),"") -> 7 | J7: 0 | K7: =iferror(vlookup(E7,'Kelas XI - X(32)'!$D$11:$H987,5,false),"") -> 3 | L7: =K7+J7 -> 3 | M7: =(K7+J7)/(I7+1) -> 0.375 | O7: =IF(M7>=50%,"A","B") -> B
A8: 9 | B8: 2 | C8: 97313548 | D8: 242510011 | E8: Ahmad Riyad Sugiarto | F8: L | H8: =iferror(vlookup(E8,'Kelas XI - X(32)'!$D$11:$H987,3,false),"") -> Fadhlan | I8: =iferror(vlookup(E8,'Kelas XI - X(32)'!$D$11:$H987,4,false),"") -> 6 | J8: 0 | K8: =iferror(vlookup(E8,'Kelas XI - X(32)'!$D$11:$H987,5,false),"") -> 4 | L8: =K8+J8 -> 4 | M8: =(K8+J8)/(I8+1) -> 0.57142857 | O8: =IF(M8>=50%,"A","B") -> A
A9: 10 | B9: 3 | C9: 94510551 | D9: 242510025 | E9: Alifah Khairani Sawaludin | F9: P | H9: =iferror(vlookup(E9,'Kelas XI - X(32)'!$D$11:$H987,3,false),"") | I9: =iferror(vlookup(E9,'Kelas XI - X(32)'!$D$11:$H987,4,false),"") -> 8 | J9: 0 | K9: =iferror(vlookup(E9,'Kelas XI - X(32)'!$D$11:$H987,5,false),"") -> 2 | L9: =K9+J9 -> 2 | M9: =(K9+J9)/(I9+1) -> 0.22222222 | O9: =IF(M9>=50%,"A","B") -> B
A10: 11 | B10: 4 | C10: 87298416 | D10: 242510031 | E10: Almira Tungga Dewi | F10: P | H10: =iferror(vlookup(E10,'Kelas XI - X(32)'!$D$11:$H987,3,false),"") -> Ramania | I10: =iferror(vlookup(E10,'Kelas XI - X(32)'!$D$11:$H987,4,false),"") -> 10 | J10: 0 | K10: =iferror(vlookup(E10,'Kelas XI - X(32)'!$D$11:$H987,5,false),"") -> 5 | L10: =K10+J10 -> 5 | M10: =(K10+J10)/(I10+1) -> 0.45454545 | O10: =IF(M10>=50%,"A","B") -> B
A11: 12 | B11: 5 | C11: 95546511 | D11: 242510069 | E11: Aulya Mawal Juniar | F11: P | H11: =iferror(vlookup(E11,'Kelas XI - X(32)'!$D$11:$H987,3,false),"") -> Ramania | I11: =iferror(vlookup(E11,'Kelas XI - X(32)'!$D$11:$H987,4,false),"") -> 10 | J11: 0 | K11: =iferror(vlookup(E11,'Kelas XI - X(32)'!$D$11:$H987,5,false),"") -> 7 | L11: =K11+J11 -> 7 | M11: =(K11+J11)/(I11+1) -> 0.63636364 | O11: =IF(M11>=50%,"A","B") -> A
A12: 13 | B12: 6 | C12: 3086190678 | D12: 242510079 | E12: Bagaskara Arya Perkasa | F12: L | H12: =iferror(vlookup(E12,'Kelas XI - X(32)'!$D$11:$H987,3,false),"") | I12: =iferror(vlookup(E12,'Kelas XI - X(32)'!$D$11:$H987,4,false),"") -> 7 | J12: 0 | K12: =iferror(vlookup(E12,'Kelas XI - X(32)'!$D$11:$H987,5,false),"") -> 3 | L12: =K12+J12 -> 3 | M12: =(K12+J12)/(I12+1) -> 0.375 | O12: =IF(M12>=50%,"A","B") -> B
A13: 14 | B13: 7 | C13: 107163370 | D13: 242510095 | E13: Chiara Nanda Setiyo Fazria | F13: P | H13: =iferror(vlookup(E13,'Kelas XI - X(32)'!$D$11:$H987,3,false),"") -> Ramania | I13: =iferror(vlookup(E13,'Kelas XI - X(32)'!$D$11:$H987,4,false),"") -> 10 | J13: 0 | K13: =iferror(vlookup(E13,'Kelas XI - X(32)'!$D$11:$H987,5,false),"") -> 4 | L13: =K13+J13 -> 4 | M13: =(K13+J13)/(I13+1) -> 0.36363636 | O13: =IF(M13>=50%,"A","B") -> B
A14: 15 | B14: 8 | C14: 3092678408 | D14: 242510108 | E14: Devin Anandya Syuja | F14: L | H14: =iferror(vlookup(E14,'Kelas XI - X(32)'!$D$11:$H987,3,false),"") | I14: =iferror(vlookup(E14,'Kelas XI - X(32)'!$D$11:$H987,4,false),"") -> 7 | J14: 0 | K14: =iferror(vlookup(E14,'Kelas XI - X(32)'!$D$11:$H987,5,false),"") -> 0 | L14: =K14+J14 -> 0 | M14: =(K14+J14)/(I14+1) -> 0 | O14: =IF(M14>=50%,"A","B") -> B
A15: 16 | B15: 9 | C15: 95504110 | D15: 242510111 | E15: Diaz Pradana Putra | F15: L | H15: =iferror(vlookup(E15,'Kelas XI - X(32)'!$D$11:$H987,3,false),"") | I15: =iferror(vlookup(E15,'Kelas XI - X(32)'!$D$11:$H987,4,false),"") -> 7 | J15: 0 | K15: =iferror(vlookup(E15,'Kelas XI - X(32)'!$D$11:$H987,5,false),"") -> 0 | L15: =K15+J15 -> 0 | M15: =(K15+J15)/(I15+1) -> 0 | O15: =IF(M15>=50%,"A","B") -> B
A16: 17 | B16: 10 | C16: 3081717964 | D16: 242510114 | E16: Disha Ramanda Putra | F16: L | H16: =iferror(vlookup(E16,'Kelas XI - X(32)'!$D$11:$H987,3,false),"") -> Arya | I16: =iferror(vlookup(E16,'Kelas XI - X(32)'!$D$11:$H987,4,false),"") -> 5 | J16: 0 | K16: 0 | L16: =K16+J16 -> 0 | M16: =(K16+J16)/(I16+1) -> 0 | O16: =IF(M16>=50%,"A","B") -> B
A17: 18 | B17: 11 | C17: 83076557 | D17: 242510116 | E17: Donita Aulia Ramadhani | F17: P | H17: =iferror(vlookup(E17,'Kelas XI - X(32)'!$D$11:$H987,3,false),"") -> Najmi | I17: =iferror(vlookup(E17,'Kelas XI - X(32)'!$D$11:$H987,4,false),"") -> 5 | J17: 0 | K17: =iferror(vlookup(E17,'Kelas XI - X(32)'!$D$11:$H987,5,false),"") -> 5 | L17: =K17+J17 -> 5 | M17: =(K17+J17)/(I17+1) -> 0.83333333 | O17: =IF(M17>=50%,"A","B") -> A
A18: 19 | B18: 12 | C18: 93137843 | D18: 242510126 | E18: Evania Sarah Ilmira | F18: P | H18: =iferror(vlookup(E18,'Kelas XI - X(32)'!$D$11:$H987,3,false),"") | I18: =iferror(vlookup(E18,'Kelas XI - X(32)'!$D$11:$H987,4,false),"") -> 6 | J18: 0 | K18: =iferror(vlookup(E18,'Kelas XI - X(32)'!$D$11:$H987,5,false),"") -> 2 | L18: =K18+J18 -> 2 | M18: =(K18+J18)/(I18+1) -> 0.28571429 | O18: =IF(M18>=50%,"A","B") -> B
A19: 20 | B19: 13 | C19: 3090828690 | D19: 242510159 | E19: Hanan Dzul Hilmi | F19: L | H19: =iferror(vlookup(E19,'Kelas XI - X(32)'!$D$11:$H987,3,false),"") -> Taufik | I19: =iferror(vlookup(E19,'Kelas XI - X(32)'!$D$11:$H987,4,false),"") -> 7 | J19: 0 | K19: =iferror(vlookup(E19,'Kelas XI - X(32)'!$D$11:$H987,5,false),"") -> 5 | L19: =K19+J19 -> 5 | M19: =(K19+J19)/(I19+1) -> 0.625 | O19: =IF(M19>=50%,"A","B") -> A
A20: 21 | B20: 14 | C20: 88101729 | D20: 242510173 | E20: Irsyad Abrian Al-Warid | F20: L | H20: =iferror(vlookup(E20,'Kelas XI - X(32)'!$D$11:$H987,3,false),"") | I20: =iferror(vlookup(E20,'Kelas XI - X(32)'!$D$11:$H987,4,false),"") -> 6 | J20: =iferror(vlookup(E20,MasterClass!$C$2:$G987,5,false),"") -> 1 | K20: =iferror(vlookup(E20,'Kelas XI - X(32)'!$D$11:$H987,5,false),"") -> 6 | L20: =K20+J20 -> 7 | M20: =(K20+J20)/(I20+1) -> 1 | O20: =IF(M20>=50%,"A","B") -> A
A21: 22 | B21: 15 | C21: 99940887 | D21: 242510183 | E21: Kamiila Putri Khairunnisa | F21: P | H21: =iferror(vlookup(E21,'Kelas XI - X(32)'!$D$11:$H987,3,false),"") -> Ramania | I21: =iferror(vlookup(E21,'Kelas XI - X(32)'!$D$11:$H987,4,false),"") -> 10 | J21: 0 | K21: =iferror(vlookup(E21,'Kelas XI - X(32)'!$D$11:$H987,5,false),"") -> 7 | L21: =K21+J21 -> 7 | M21: =(K21+J21)/(I21+1) -> 0.63636364 | O21: =IF(M21>=50%,"A","B") -> A
A22: 23 | B22: 16 | C22: 96213576 | D22: 242510188 | E22: Keisha Edsel Darmawan | F22: P | H22: =iferror(vlookup(E22,'Kelas XI - X(32)'!$D$11:$H987,3,false),"") -> Najmi | I22: =iferror(vlookup(E22,'Kelas XI - X(32)'!$D$11:$H987,4,false),"") -> 5 | J22: 0 | K22: =iferror(vlookup(E22,'Kelas XI - X(32)'!$D$11:$H987,5,false),"") -> 5 | L22: =K22+J22 -> 5 | M22: =(K22+J22)/(I22+1) -> 0.83333333 | O22: =IF(M22>=50%,"A","B") -> A
A23: 24 | B23: 17 | C23: 91012038 | D23: 242510189 | E23: Keisha Juan | F23: P | H23: =iferror(vlookup(E23,'Kelas XI - X(32)'!$D$11:$H987,3,false),"") -> - | I23: 1 | J23: 0 | K23: 0 | L23: =K23+J23 -> 0 | M23: =(K23+J23)/(I23+1) -> 0 | O23: =IF(M23>=50%,"A","B") -> B
A24: 25 | B24: 18 | C24: 97202517 | D24: 242510201 | E24: Khansa Makaila Kayyasah | F24: P | H24: =iferror(vlookup(E24,'Kelas XI - X(32)'!$D$11:$H987,3,false),"") | I24: 1 | J24: 0 | K24: 0 | L24: =K24+J24 -> 0 | M24: =(K24+J24)/(I24+1) -> 0 | O24: =IF(M24>=50%,"A","B") -> B
A25: 26 | B25: 19 | C25: 98256549 | D25: 242510206 | E25: Kirana Aura Azzahra Permana | F25: P | H25: =iferror(vlookup(E25,'Kelas XI - X(32)'!$D$11:$H987,3,false),"") -> Najmi | I25: =iferror(vlookup(E25,'Kelas XI - X(32)'!$D$11:$H987,4,false),"") -> 5 | J25: 0 | K25: =iferror(vlookup(E25,'Kelas XI - X(32)'!$D$11:$H987,5,false),"") -> 5 | L25: =K25+J25 -> 5 | M25: =(K25+J25)/(I25+1) -> 0.83333333 | O25: =IF(M25>=50%,"A","B") -> A
A26: 27 | B26: 20 | C26: 93623036 | D26: 242510208 | E26: Kirani Aira Salsabila Permana | F26: P | H26: =iferror(vlookup(E26,'Kelas XI - X(32)'!$D$11:$H987,3,false),"") -> Najmi | I26: =iferror(vlookup(E26,'Kelas XI - X(32)'!$D$11:$H987,4,false),"") -> 5 | J26: 0 | K26: =iferror(vlookup(E26,'Kelas XI - X(32)'!$D$11:$H987,5,false),"") -> 5 | L26: =K26+J26 -> 5 | M26: =(K26+J26)/(I26+1) -> 0.83333333 | O26: =IF(M26>=50%,"A","B") -> A
A27: 28 | B27: 21 | C27: 83667654 | D27: 242510209 | E27: Kireina Zahra Yasmaini | F27: P | H27: =iferror(vlookup(E27,'Kelas XI - X(32)'!$D$11:$H987,3,false),"") | I27: =iferror(vlookup(E27,'Kelas XI - X(32)'!$D$11:$H987,4,false),"") -> 8 | J27: 0 | K27: =iferror(vlookup(E27,'Kelas XI - X(32)'!$D$11:$H987,5,false),"") -> 3 | L27: =K27+J27 -> 3 | M27: =(K27+J27)/(I27+1) -> 0.33333333 | O27: =IF(M27>=50%,"A","B") -> B
A28: 29 | B28: 22 | C28: 3083447726 | D28: 242510257 | E28: Muhammad Dzaky | F28: L | H28: =iferror(vlookup(E28,'Kelas XI - X(32)'!$D$11:$H987,3,false),"") -> Arya | I28: =iferror(vlookup(E28,'Kelas XI - X(32)'!$D$11:$H987,4,false),"") -> 5 | J28: 0 | K28: =iferror(vlookup(E28,'Kelas XI - X(32)'!$D$11:$H987,5,false),"") -> 3 | L28: =K28+J28 -> 3 | M28: =(K28+J28)/(I28+1) -> 0.5 | O28: =IF(M28>=50%,"A","B") -> A
A29: 30 | B29: 23 | C29: 98849381 | D29: 242510281 | E29: Muhammad Zaki Arrahman | F29: L | H29: =iferror(vlookup(E29,'Kelas XI - X(32)'!$D$11:$H987,3,false),"") -> Rafli | I29: =iferror(vlookup(E29,'Kelas XI - X(32)'!$D$11:$H987,4,false),"") -> 4 | J29: 0 | K29: 0 | L29: =K29+J29 -> 0 | M29: =(K29+J29)/(I29+1) -> 0 | O29: =IF(M29>=50%,"A","B") -> B
A30: 31 | B30: 24 | C30: 97736512 | D30: 242510291 | E30: Nailatul Ullya | F30: P | H30: =iferror(vlookup(E30,'Kelas XI - X(32)'!$D$11:$H987,3,false),"") | I30: =iferror(vlookup(E30,'Kelas XI - X(32)'!$D$11:$H987,4,false),"") -> 7 | J30: 0 | K30: =iferror(vlookup(E30,'Kelas XI - X(32)'!$D$11:$H987,5,false),"") -> 2 | L30: =K30+J30 -> 2 | M30: =(K30+J30)/(I30+1) -> 0.25 | O30: =IF(M30>=50%,"A","B") -> B
A31: 32 | B31: 25 | C31: 83833819 | D31: 242510323 | E31: Qatrun Nada Tannaqi | F31: P | H31: =iferror(vlookup(E31,'Kelas XI - X(32)'!$D$11:$H987,3,false),"") | I31: 1 | J31: 0 | K31: 0 | L31: =K31+J31 -> 0 | M31: =(K31+J31)/(I31+1) -> 0 | O31: =IF(M31>=50%,"A","B") -> B
A32: 33 | B32: 26 | C32: 94989387 | D32: 242510325 | E32: Queensha Anjani Sudrajat | F32: P | H32: =iferror(vlookup(E32,'Kelas XI - X(32)'!$D$11:$H987,3,false),"") -> Najmi | I32: =iferror(vlookup(E32,'Kelas XI - X(32)'!$D$11:$H987,4,false),"") -> 5 | J32: 0 | K32: =iferror(vlookup(E32,'Kelas XI - X(32)'!$D$11:$H987,5,false),"") -> 5 | L32: =K32+J32 -> 5 | M32: =(K32+J32)/(I32+1) -> 0.83333333 | O32: =IF(M32>=50%,"A","B") -> A
A33: 34 | B33: 27 | C33: 91033788 | D33: 242510336 | E33: Raihanna Zahra Aqilah | F33: P | H33: =iferror(vlookup(E33,'Kelas XI - X(32)'!$D$11:$H987,3,false),"") | I33: 1 | J33: 0 | K33: 0 | L33: =K33+J33 -> 0 | M33: =(K33+J33)/(I33+1) -> 0 | O33: =IF(M33>=50%,"A","B") -> B
A34: 35 | B34: 28 | C34: 3098805753 | D34: 242510342 | E34: Rania Salsabila | F34: P | H34: =iferror(vlookup(E34,'Kelas XI - X(32)'!$D$11:$H987,3,false),"") | I34: =iferror(vlookup(E34,'Kelas XI - X(32)'!$D$11:$H987,4,false),"") -> 7 | J34: 0 | K34: =iferror(vlookup(E34,'Kelas XI - X(32)'!$D$11:$H987,5,false),"") -> 3 | L34: =K34+J34 -> 3 | M34: =(K34+J34)/(I34+1) -> 0.375 | O34: =IF(M34>=50%,"A","B") -> B
A35: 36 | B35: 29 | C35: 92827580 | D35: 242510388 | E35: Syahrena Pita Pinasih | F35: P | H35: =iferror(vlookup(E35,'Kelas XI - X(32)'!$D$11:$H987,3,false),"") | I35: =iferror(vlookup(E35,'Kelas XI - X(32)'!$D$11:$H987,4,false),"") -> 7 | J35: 0 | K35: 0 | L35: =K35+J35 -> 0 | M35: =(K35+J35)/(I35+1) -> 0 | O35: =IF(M35>=50%,"A","B") -> B
A36: 37 | B36: 30 | C36: 84290235 | D36: 242510406 | E36: Tristan Muhammad Jibril | F36: L | H36: =iferror(vlookup(E36,'Kelas XI - X(32)'!$D$11:$H987,3,false),"") | I36: =iferror(vlookup(E36,'Kelas XI - X(32)'!$D$11:$H987,4,false),"") -> 7 | J36: 0 | K36: =iferror(vlookup(E36,'Kelas XI - X(32)'!$D$11:$H987,5,false),"") -> 1 | L36: =K36+J36 -> 1 | M36: =(K36+J36)/(I36+1) -> 0.125 | O36: =IF(M36>=50%,"A","B") -> B
A37: 38 | B37: 31 | C37: 84290235 | D37: 242510406 | E37: Valeta Febiola Irmadani | F37: P | H37: =iferror(vlookup(E37,'Kelas XI - X(32)'!$D$11:$H987,3,false),"") | I37: =iferror(vlookup(E37,'Kelas XI - X(32)'!$D$11:$H987,4,false),"") -> 7 | J37: 0 | K37: 0 | L37: =K37+J37 -> 0 | M37: =(K37+J37)/(I37+1) -> 0 | O37: =IF(M37>=50%,"A","B") -> B
A38: 39 | B38: 32 | C38: 93286737 | D38: 242510414 | E38: Winda Maharani | F38: P | H38: =iferror(vlookup(E38,'Kelas XI - X(32)'!$D$11:$H987,3,false),"") -> Ukhti | I38: =iferror(vlookup(E38,'Kelas XI - X(32)'!$D$11:$H987,4,false),"") -> 13 | J38: 0 | K38: =iferror(vlookup(E38,'Kelas XI - X(32)'!$D$11:$H987,5,false),"") -> 3 | L38: =K38+J38 -> 3 | M38: =(K38+J38)/(I38+1) -> 0.21428571 | N38: Supermentoring | O38: A
A39: 40 | B39: 33 | C39: 91061057 | D39: 242510416 | E39: Wintang Hikmah Kusuma Dewi | F39: P | H39: =iferror(vlookup(E39,'Kelas XI - X(32)'!$D$11:$H987,3,false),"") | I39: 1 | J39: 0 | K39: 0 | L39: =K39+J39 -> 0 | M39: =(K39+J39)/(I39+1) -> 0 | O39: =IF(M39>=50%,"A","B") -> B
A40: 41 | B40: 34 | C40: 95163025 | D40: 242510426 | E40: Zaskia Aulia Putri | F40: P | H40: =iferror(vlookup(E40,'Kelas XI - X(32)'!$D$11:$H987,3,false),"") | I40: =iferror(vlookup(E40,'Kelas XI - X(32)'!$D$11:$H987,4,false),"") -> 7 | J40: 0 | K40: =iferror(vlookup(E40,'Kelas XI - X(32)'!$D$11:$H987,5,false),"") -> 3 | L40: =K40+J40 -> 3 | M40: =(K40+J40)/(I40+1) -> 0.375 | O40: =IF(M40>=50%,"A","B") -> B
A41: 42 | B41: 35 | C41: 82747470 | D41: 242510430 | E41: Zhalida Daumixy Mora Siregar | F41: P | H41: =iferror(vlookup(E41,'Kelas XI - X(32)'!$D$11:$H987,3,false),"") | I41: =iferror(vlookup(E41,'Kelas XI - X(32)'!$D$11:$H987,4,false),"") -> 7 | J41: 0 | K41: =iferror(vlookup(E41,'Kelas XI - X(32)'!$D$11:$H987,5,false),"") -> 3 | L41: =K41+J41 -> 3 | M41: =(K41+J41)/(I41+1) -> 0.375 | O41: =IF(M41>=50%,"A","B") -> B
A42: 43 | B42: 36 | C42: 85011294 | D42: 242510432 | E42: Zulfa Laila Mashurah | F42: P | H42: =iferror(vlookup(E42,'Kelas XI - X(32)'!$D$11:$H987,3,false),"") -> Ramania | I42: =iferror(vlookup(E42,'Kelas XI - X(32)'!$D$11:$H987,4,false),"") -> 10 | J42: 0 | K42: 0 | L42: =K42+J42 -> 0 | M42: =(K42+J42)/(I42+1) -> 0 | O42: =IF(M42>=50%,"A","B") -> B
A43: 44 | C43: LAKI - LAKI | E43: 11
A44: 45 | C44: PEREMPUAN | E44: 25 | O44: Cibinong, Juli 2025
A45: 46 | C45: JUMLAH | E45: 36 | O45: Guru Mata Pelajaran,
A46: 47
A47: 50 | B47: KELAS XI A-2
A48: 51 | B48: Wali Kelas : Ichsan, S.Pd
A49: 52 | B49: No | C49: NISN | D49: NIS | E49: Nama | F49: L/P | I49: ABSENSI SISWA
A50: 53 | H50: Mentor | I50: Jml Pertemuan Terlaksana 9 Agustus - 22 Nov | J50: MasterClass | K50: Jumlah Hadir 9 Agustus - 22 Nov | L50: Total Hadir | M50: Hdr | N50: Keterangan | O50: Rapor
A51: 54 | B51: 1 | C51: 92385645 | D51: 242510005 | E51: Adinda Khayla | F51: P | H51: =iferror(vlookup(E51,'Kelas XI - X(32)'!$D$11:$H987,3,false),"") -> Ramania | I51: =iferror(vlookup(E51,'Kelas XI - X(32)'!$D$11:$H987,4,false),"") -> 10 | J51: =iferror(vlookup(E51,MasterClass!$C$2:$G987,5,false),"") -> 1 | K51: =iferror(vlookup(E51,'Kelas XI - X(32)'!$D$11:$H987,5,false),"") -> 7 | L51: =K51+J51 -> 8 | M51: =(K51+J51)/(I51+1) -> 0.72727273 | O51: =IF(M51>=50%,"A","B") -> A
A52: 55 | B52: 2 | C52: 83638898 | D52: 242510007 | E52: Aditya Narayan | F52: L | H52: =iferror(vlookup(E52,'Kelas XI - X(32)'!$D$11:$H987,3,false),"") -> Dimas | I52: =iferror(vlookup(E52,'Kelas XI - X(32)'!$D$11:$H987,4,false),"") -> 7 | J52: 0 | K52: =iferror(vlookup(E52,'Kelas XI - X(32)'!$D$11:$H987,5,false),"") -> 0 | L52: =K52+J52 -> 0 | M52: =(K52+J52)/(I52+1) -> 0 | O52: =IF(M52>=50%,"A","B") -> B
A53: 56 | B53: 3 | C53: 83581318 | D53: 242510018 | E53: Aisyah Syuja Larasati Sigit | F53: P | H53: =iferror(vlookup(E53,'Kelas XI - X(32)'!$D$11:$H987,3,false),"") -> Athaya | I53: =iferror(vlookup(E53,'Kelas XI - X(32)'!$D$11:$H987,4,false),"") -> 8 | J53: 0 | K53: =iferror(vlookup(E53,'Kelas XI - X(32)'!$D$11:$H987,5,false),"") -> 0 | L53: =K53+J53 -> 0 | M53: =(K53+J53)/(I53+1) -> 0 | O53: =IF(M53>=50%,"A","B") -> B
A54: 57 | B54: 4 | C54: 86733881 | D54: 242510028 | E54: Alma Destianti | F54: P | H54: =iferror(vlookup(E54,'Kelas XI - X(32)'!$D$11:$H987,3,false),"") -> Najmi | I54: =iferror(vlookup(E54,'Kelas XI - X(32)'!$D$11:$H987,4,false),"") -> 5 | J54: 0 | K54: =iferror(vlookup(E54,'Kelas XI - X(32)'!$D$11:$H987,5,false),"") -> 5 | L54: =K54+J54 -> 5 | M54: =(K54+J54)/(I54+1) -> 0.83333333 | O54: =IF(M54>=50%,"A","B") -> A
A55: 58 | B55: 5 | C55: 98621054 | D55: 242510037 | E55: Alya Mukhbita Hendriana | F55: P | H55: =iferror(vlookup(E55,'Kelas XI - X(32)'!$D$11:$H987,3,false),"") -> Najmi | I55: =iferror(vlookup(E55,'Kelas XI - X(32)'!$D$11:$H987,4,false),"") -> 5 | J55: 0 | K55: =iferror(vlookup(E55,'Kelas XI - X(32)'!$D$11:$H987,5,false),"") -> 5 | L55: =K55+J55 -> 5 | M55: =(K55+J55)/(I55+1) -> 0.83333333 | O55: =IF(M55>=50%,"A","B") -> A
A56: 59 | B56: 6 | C56: 92707821 | D56: 242510046 | E56: Anindita Naranisa Jati | F56: P | H56: =iferror(vlookup(E56,'Kelas XI - X(32)'!$D$11:$H987,3,false),"") | I56: =iferror(vlookup(E56,'Kelas XI - X(32)'!$D$11:$H987,4,false),"") -> 7 | J56: 0 | K56: =iferror(vlookup(E56,'Kelas XI - X(32)'!$D$11:$H987,5,false),"") -> 2 | L56: =K56+J56 -> 2 | M56: =(K56+J56)/(I56+1) -> 0.25 | N56: Supermentor | O56: A
A57: 60 | B57: 7 | C57: 83016159 | D57: 242510052 | E57: Annisa Nur Fajriya | F57: P | H57: =iferror(vlookup(E57,'Kelas XI - X(32)'!$D$11:$H987,3,false),"") -> Najmi | I57: =iferror(vlookup(E57,'Kelas XI - X(32)'!$D$11:$H987,4,false),"") -> 5 | J57: 0 | K57: =iferror(vlookup(E57,'Kelas XI - X(32)'!$D$11:$H987,5,false),"") -> 5 | L57: =K57+J57 -> 5 | M57: =(K57+J57)/(I57+1) -> 0.83333333 | O57: =IF(M57>=50%,"A","B") -> A
A58: 61 | B58: 8 | C58: 83641645 | D58: 242510064 | E58: Atma Pertiwi | F58: P | H58: =iferror(vlookup(E58,'Kelas XI - X(32)'!$D$11:$H987,3,false),"") | I58: 1 | J58: 0 | K58: 0 | L58: =K58+J58 -> 0 | M58: =(K58+J58)/(I58+1) -> 0 | O58: =IF(M58>=50%,"A","B") -> B
A59: 62 | B59: 9 | C59: 93262366 | D59: 242510104 | E59: Deivar Brimantara | F59: L | H59: =iferror(vlookup(E59,'Kelas XI - X(32)'!$D$11:$H987,3,false),"") | I59: =iferror(vlookup(E59,'Kelas XI - X(32)'!$D$11:$H987,4,false),"") -> 7 | J59: =iferror(vlookup(E59,MasterClass!$C$2:$G987,5,false),"") -> 1 | K59: =iferror(vlookup(E59,'Kelas XI - X(32)'!$D$11:$H987,5,false),"") -> 4 | L59: =K59+J59 -> 5 | M59: =(K59+J59)/(I59+1) -> 0.625 | O59: =IF(M59>=50%,"A","B") -> A
A60: 63 | B60: 10 | C60: 96851574 | D60: 242510117 | E60: Dzakia Fitri | F60: P | H60: =iferror(vlookup(E60,'Kelas XI - X(32)'!$D$11:$H987,3,false),"") | I60: =iferror(vlookup(E60,'Kelas XI - X(32)'!$D$11:$H987,4,false),"") -> 7 | J60: 0 | K60: =iferror(vlookup(E60,'Kelas XI - X(32)'!$D$11:$H987,5,false),"") -> 2 | L60: =K60+J60 -> 2 | M60: =(K60+J60)/(I60+1) -> 0.25 | O60: =IF(M60>=50%,"A","B") -> B
A61: 64 | B61: 11 | C61: 92622229 | D61: 242510129 | E61: Fadhilah Dwi Sabrina Nugrahaning Putri | F61: P | H61: =iferror(vlookup(E61,'Kelas XI - X(32)'!$D$11:$H987,3,false),"") | I61: =iferror(vlookup(E61,'Kelas XI - X(32)'!$D$11:$H987,4,false),"") -> 7 | J61: 0 | K61: =iferror(vlookup(E61,'Kelas XI - X(32)'!$D$11:$H987,5,false),"") -> 2 | L61: =K61+J61 -> 2 | M61: =(K61+J61)/(I61+1) -> 0.25 | O61: =IF(M61>=50%,"A","B") -> B
A62: 65 | B62: 12 | C62: 81916428 | D62: 242510141 | E62: Fellysia Oktafia Fernanda | F62: P | H62: =iferror(vlookup(E62,'Kelas XI - X(32)'!$D$11:$H987,3,false),"") -> Iga | I62: =iferror(vlookup(E62,'Kelas XI - X(32)'!$D$11:$H987,4,false),"") -> 4 | J62: 0 | K62: =iferror(vlookup(E62,'Kelas XI - X(32)'!$D$11:$H987,5,false),"") -> 1 | L62: =K62+J62 -> 1 | M62: =(K62+J62)/(I62+1) -> 0.2 | O62: =IF(M62>=50%,"A","B") -> B
A63: 66 | B63: 13 | C63: 95691756 | D63: 242510144 | E63: Fiquita Napu | F63: P | H63: =iferror(vlookup(E63,'Kelas XI - X(32)'!$D$11:$H987,3,false),"") -> Zalika | I63: =iferror(vlookup(E63,'Kelas XI - X(32)'!$D$11:$H987,4,false),"") -> 5 | J63: 0 | K63: =iferror(vlookup(E63,'Kelas XI - X(32)'!$D$11:$H987,5,false),"") -> 0 | L63: =K63+J63 -> 0 | M63: =(K63+J63)/(I63+1) -> 0 | O63: =IF(M63>=50%,"A","B") -> B
A64: 67 | B64: 14 | C64: 82539116 | D64: 242510153 | E64: Glenn Hubert Jonathan Haholongan Simanungkalit | F64: L | H64: =iferror(vlookup(E64,'Kelas XI - X(32)'!$D$11:$H987,3,false),"") | I64: 1 | J64: 0 | K64: 0 | L64: =K64+J64 -> 0 | M64: =(K64+J64)/(I64+1) -> 0 | O64: =IF(M64>=50%,"A","B") -> B
A65: 68 | B65: 15 | C65: 99310873 | D65: 242510160 | E65: Hanif Aulia Rifqy | F65: L | H65: =iferror(vlookup(E65,'Kelas XI - X(32)'!$D$11:$H987,3,false),"") -> Taufik | I65: =iferror(vlookup(E65,'Kelas XI - X(32)'!$D$11:$H987,4,false),"") -> 7 | J65: =iferror(vlookup(E65,MasterClass!$C$2:$G987,5,false),"") -> 1 | K65: =iferror(vlookup(E65,'Kelas XI - X(32)'!$D$11:$H987,5,false),"") -> 3 | L65: =K65+J65 -> 4 | M65: =(K65+J65)/(I65+1) -> 0.5 | O65: =IF(M65>=50%,"A","B") -> A
A66: 69 | B66: 16 | C66: 99954531 | D66: 242510162 | E66: Haykal Wisnu Bayu Wiemanji | F66: L | H66: =iferror(vlookup(E66,'Kelas XI - X(32)'!$D$11:$H987,3,false),"") | I66: =iferror(vlookup(E66,'Kelas XI - X(32)'!$D$11:$H987,4,false),"") -> 6 | J66: 0 | K66: =iferror(vlookup(E66,'Kelas XI - X(32)'!$D$11:$H987,5,false),"") -> 4 | L66: =K66+J66 -> 4 | M66: =(K66+J66)/(I66+1) -> 0.57142857 | O66: =IF(M66>=50%,"A","B") -> A
A67: 70 | B67: 17 | C67: 94260903 | D67: 242510227 | E67: Maulida Az Zahra Nurrayani | F67: P | H67: =iferror(vlookup(E67,'Kelas XI - X(32)'!$D$11:$H987,3,false),"") | I67: 1 | J67: 0 | K67: 0 | L67: =K67+J67 -> 0 | M67: =(K67+J67)/(I67+1) -> 0 | O67: =IF(M67>=50%,"A","B") -> B
A68: 71 | B68: 18 | C68: 89204896 | D68: 242510238 | E68: Moehamad Putra Aulia | F68: L | H68: =iferror(vlookup(E68,'Kelas XI - X(32)'!$D$11:$H987,3,false),"") | I68: 1 | J68: 0 | K68: 0 | L68: =K68+J68 -> 0 | M68: =(K68+J68)/(I68+1) -> 0 | O68: =IF(M68>=50%,"A","B") -> B
A69: 72 | B69: 19 | C69: 91447390 | D69: 242510261 | E69: Muhammad Fariz Duta Ehsan | F69: L | H69: =iferror(vlookup(E69,'Kelas XI - X(32)'!$D$11:$H987,3,false),"") -> Arya | I69: =iferror(vlookup(E69,'Kelas XI - X(32)'!$D$11:$H987,4,false),"") -> 5 | J69: 0 | K69: =iferror(vlookup(E69,'Kelas XI - X(32)'!$D$11:$H987,5,false),"") -> 4 | L69: =K69+J69 -> 4 | M69: =(K69+J69)/(I69+1) -> 0.66666667 | O69: =IF(M69>=50%,"A","B") -> A
A70: 73 | B70: 20 | C70: 3092211203 | D70: 242510274 | E70: Muhammad Rizki Salim | F70: L | H70: =iferror(vlookup(E70,'Kelas XI - X(32)'!$D$11:$H987,3,false),"") -> Arya | I70: =iferror(vlookup(E70,'Kelas XI - X(32)'!$D$11:$H987,4,false),"") -> 5 | J70: 0 | K70: 0 | L70: =K70+J70 -> 0 | M70: =(K70+J70)/(I70+1) -> 0 | O70: =IF(M70>=50%,"A","B") -> B
A71: 74 | B71: 21 | C71: 95657800 | D71: 242510283 | E71: Muthia Jasmine Muthma Innah | F71: P | H71: =iferror(vlookup(E71,'Kelas XI - X(32)'!$D$11:$H987,3,false),"") -> Zalika | I71: =iferror(vlookup(E71,'Kelas XI - X(32)'!$D$11:$H987,4,false),"") -> 5 | J71: 0 | K71: =iferror(vlookup(E71,'Kelas XI - X(32)'!$D$11:$H987,5,false),"") -> 0 | L71: =K71+J71 -> 0 | M71: =(K71+J71)/(I71+1) -> 0 | O71: =IF(M71>=50%,"A","B") -> B
A72: 75 | B72: 22 | C72: 82650076 | D72: 242510304 | E72: Ni Made Nazela | F72: P | H72: =iferror(vlookup(E72,'Kelas XI - X(32)'!$D$11:$H987,3,false),"") -> Ramania | I72: =iferror(vlookup(E72,'Kelas XI - X(32)'!$D$11:$H987,4,false),"") -> 10 | J72: 0 | K72: =iferror(vlookup(E72,'Kelas XI - X(32)'!$D$11:$H987,5,false),"") -> 4 | L72: =K72+J72 -> 4 | M72: =(K72+J72)/(I72+1) -> 0.36363636 | O72: =IF(M72>=50%,"A","B") -> B
A73: 76 | B73: 23 | C73: 95420383 | D73: 242510306 | E73: Niken Zahrothul Sita | F73: P | H73: =iferror(vlookup(E73,'Kelas XI - X(32)'!$D$11:$H987,3,false),"") -> Zalika | I73: =iferror(vlookup(E73,'Kelas XI - X(32)'!$D$11:$H987,4,false),"") -> 5 | J73: 0 | K73: =iferror(vlookup(E73,'Kelas XI - X(32)'!$D$11:$H987,5,false),"") -> 1 | L73: =K73+J73 -> 1 | M73: =(K73+J73)/(I73+1) -> 0.16666667 | O73: =IF(M73>=50%,"A","B") -> B
A74: 77 | B74: 24 | C74: 3097669813 | D74: 242510308 | E74: Nurafni Maisa | F74: P | H74: =iferror(vlookup(E74,'Kelas XI - X(32)'!$D$11:$H987,3,false),"") | I74: =iferror(vlookup(E74,'Kelas XI - X(32)'!$D$11:$H987,4,false),"") -> 6 | J74: =iferror(vlookup(E74,MasterClass!$C$2:$G987,5,false),"") -> 1 | K74: =iferror(vlookup(E74,'Kelas XI - X(32)'!$D$11:$H987,5,false),"") -> 5 | L74: =K74+J74 -> 6 | M74: =(K74+J74)/(I74+1) -> 0.85714286 | O74: =IF(M74>=50%,"A","B") -> A
A75: 78 | B75: 25 | C75: 86704012 | D75: 242510310 | E75: Nurisya Aulia Shabiira | F75: P | H75: =iferror(vlookup(E75,'Kelas XI - X(32)'!$D$11:$H987,3,false),"") -> Iga | I75: =iferror(vlookup(E75,'Kelas XI - X(32)'!$D$11:$H987,4,false),"") -> 4 | J75: 0 | K75: 0 | L75: =K75+J75 -> 0 | M75: =(K75+J75)/(I75+1) -> 0 | O75: =IF(M75>=50%,"A","B") -> B
A76: 79 | B76: 26 | C76: 95788052 | D76: 242510329 | E76: Rachmat Saidi Koes Mulyana | F76: L | H76: =iferror(vlookup(E76,'Kelas XI - X(32)'!$D$11:$H987,3,false),"") | I76: =iferror(vlookup(E76,'Kelas XI - X(32)'!$D$11:$H987,4,false),"") -> 4 | J76: 0 | K76: =iferror(vlookup(E76,'Kelas XI - X(32)'!$D$11:$H987,5,false),"") -> 4 | L76: =K76+J76 -> 4 | M76: =(K76+J76)/(I76+1) -> 0.8 | O76: =IF(M76>=50%,"A","B") -> A
A77: 80 | B77: 27 | C77: 94946777 | D77: 242510338 | E77: Raissa Zahra Hidayat | F77: P | H77: =iferror(vlookup(E77,'Kelas XI - X(32)'!$D$11:$H987,3,false),"") | I77: =iferror(vlookup(E77,'Kelas XI - X(32)'!$D$11:$H987,4,false),"") -> 6 | J77: =iferror(vlookup(E77,MasterClass!$C$2:$G987,5,false),"") -> 1 | K77: =iferror(vlookup(E77,'Kelas XI - X(32)'!$D$11:$H987,5,false),"") -> 2 | L77: =K77+J77 -> 3 | M77: =(K77+J77)/(I77+1) -> 0.42857143 | O77: =IF(M77>=50%,"A","B") -> B
A78: 81 | B78: 28 | C78: 97830870 | D78: 242510354 | E78: Rizieq Zidan Rizal | F78: L | H78: =iferror(vlookup(E78,'Kelas XI - X(32)'!$D$11:$H987,3,false),"") | I78: =iferror(vlookup(E78,'Kelas XI - X(32)'!$D$11:$H987,4,false),"") -> 4 | J78: =iferror(vlookup(E78,MasterClass!$C$2:$G987,5,false),"") -> 1 | K78: 0 | L78: =K78+J78 -> 1 | M78: =(K78+J78)/(I78+1) -> 0.2 | O78: =IF(M78>=50%,"A","B") -> B
A79: 82 | B79: 29 | C79: 92343794 | D79: 242510355 | E79: Rizka Rana Naila | F79: P | H79: =iferror(vlookup(E79,'Kelas XI - X(32)'!$D$11:$H987,3,false),"") | I79: =iferror(vlookup(E79,'Kelas XI - X(32)'!$D$11:$H987,4,false),"") -> 7 | J79: =iferror(vlookup(E79,MasterClass!$C$2:$G987,5,false),"") -> 1 | K79: =iferror(vlookup(E79,'Kelas XI - X(32)'!$D$11:$H987,5,false),"") -> 4 | L79: =K79+J79 -> 5 | M79: =(K79+J79)/(I79+1) -> 0.625 | O79: =IF(M79>=50%,"A","B") -> A
A80: 83 | B80: 30 | C80: 95556013 | D80: 242510366 | E80: Salsabila Maulani | F80: P | H80: =iferror(vlookup(E80,'Kelas XI - X(32)'!$D$11:$H987,3,false),"") | I80: 1 | J80: 0 | K80: 0 | L80: =K80+J80 -> 0 | M80: =(K80+J80)/(I80+1) -> 0 | O80: =IF(M80>=50%,"A","B") -> B
A81: 84 | B81: 31 | C81: 94079262 | D81: 242510374 | E81: Santika Febyanti | F81: P | H81: =iferror(vlookup(E81,'Kelas XI - X(32)'!$D$11:$H987,3,false),"") -> Najmi | I81: =iferror(vlookup(E81,'Kelas XI - X(32)'!$D$11:$H987,4,false),"") -> 5 | J81: 0 | K81: =iferror(vlookup(E81,'Kelas XI - X(32)'!$D$11:$H987,5,false),"") -> 5 | L81: =K81+J81 -> 5 | M81: =(K81+J81)/(I81+1) -> 0.83333333 | O81: =IF(M81>=50%,"A","B") -> A
A82: 85 | B82: 32 | C82: 72787144 | D82: 242510377 | E82: Savira Oktavia Prasetyo | F82: P | H82: =iferror(vlookup(E82,'Kelas XI - X(32)'!$D$11:$H987,3,false),"") -> Iga | I82: =iferror(vlookup(E82,'Kelas XI - X(32)'!$D$11:$H987,4,false),"") -> 4 | J82: 0 | K82: 0 | L82: =K82+J82 -> 0 | M82: =(K82+J82)/(I82+1) -> 0 | O82: =IF(M82>=50%,"A","B") -> B
A83: 86 | B83: 33 | C83: 96304229 | D83: 242510387 | E83: Syadien Kamillia Agustin | F83: P | H83: =iferror(vlookup(E83,'Kelas XI - X(32)'!$D$11:$H987,3,false),"") -> Ramania | I83: =iferror(vlookup(E83,'Kelas XI - X(32)'!$D$11:$H987,4,false),"") -> 10 | J83: 0 | K83: =iferror(vlookup(E83,'Kelas XI - X(32)'!$D$11:$H987,5,false),"") -> 4 | L83: =K83+J83 -> 4 | M83: =(K83+J83)/(I83+1) -> 0.36363636 | O83: =IF(M83>=50%,"A","B") -> B
A84: 87 | B84: 34 | C84: 93907013 | D84: 242510390 | E84: Syaikhah Anbar | F84: P | H84: =iferror(vlookup(E84,'Kelas XI - X(32)'!$D$11:$H987,3,false),"") | I84: =iferror(vlookup(E84,'Kelas XI - X(32)'!$D$11:$H987,4,false),"") -> 6 | J84: 0 | K84: =iferror(vlookup(E84,'Kelas XI - X(32)'!$D$11:$H987,5,false),"") -> 3 | L84: =K84+J84 -> 3 | M84: =(K84+J84)/(I84+1) -> 0.42857143 | O84: =IF(M84>=50%,"A","B") -> B
A85: 88 | B85: 35 | C85: 84548048 | D85: 242510404 | E85: Tumpal David Hotbonardo Napitupulu | F85: L | H85: =iferror(vlookup(E85,'Kelas XI - X(32)'!$D$11:$H987,3,false),"") | I85: 1 | J85: 0 | K85: 0 | L85: =K85+J85 -> 0 | M85: =(K85+J85)/(I85+1) -> 0 | O85: =IF(M85>=50%,"A","B") -> B
A86: 89 | B86: 36 | C86: 94935892 | D86: 242510412 | E86: Wanda Zhafirah | F86: P | H86: =iferror(vlookup(E86,'Kelas XI - X(32)'!$D$11:$H987,3,false),"") -> Iga | I86: =iferror(vlookup(E86,'Kelas XI - X(32)'!$D$11:$H987,4,false),"") -> 4 | J86: 0 | K86: 0 | L86: =K86+J86 -> 0 | M86: =(K86+J86)/(I86+1) -> 0 | O86: =IF(M86>=50%,"A","B") -> B
A87: 90
A88: 91
A89: 92
A90: 95 | B90: KELAS XI B-1
A91: 96 | B91: Wali Kelas : Ilmia Fatinah, S.Pd, M.Pd
A92: 97 | B92: No | C92: NISN | D92: NIS | E92: Nama | F92: L/P | I92: ABSENSI SISWA
A93: 98 | H93: Mentor | I93: Jml Pertemuan Terlaksana 9 Agustus - 22 Nov | J93: MasterClass | K93: Jumlah Hadir 9 Agustus - 22 Nov | L93: Total Hadir | M93: Hdr | N93: Keterangan | O93: Rapor
A94: 99 | B94: 1 | C94: 85027044 | D94: 242510010 | E94: Ahmad Humam Rifqi | F94: L | H94: =iferror(vlookup(E94,'Kelas XI - X(32)'!$D$11:$H987,3,false),"") -> Taufik | I94: =iferror(vlookup(E94,'Kelas XI - X(32)'!$D$11:$H987,4,false),"") -> 7 | J94: 0 | K94: =iferror(vlookup(E94,'Kelas XI - X(32)'!$D$11:$H987,5,false),"") -> 0 | L94: =K94+J94 -> 0 | M94: =(K94+J94)/(I94+1) -> 0 | O94: =IF(M94>=50%,"A","B") -> B
A95: 100 | B95: 2 | C95: 81265372 | D95: 242510027 | E95: Allayda Cindy Addrian | F95: L | H95: =iferror(vlookup(E95,'Kelas XI - X(32)'!$D$11:$H987,3,false),"") | I95: =iferror(vlookup(E95,'Kelas XI - X(32)'!$D$11:$H987,4,false),"") -> 7 | J95: 0 | K95: =iferror(vlookup(E95,'Kelas XI - X(32)'!$D$11:$H987,5,false),"") -> 2 | L95: =K95+J95 -> 2 | M95: =(K95+J95)/(I95+1) -> 0.25 | O95: =IF(M95>=50%,"A","B") -> B
A96: 101 | B96: 3 | C96: 92697249 | D96: 242510041 | E96: Anandio Alfathir Suherman | F96: P | H96: =iferror(vlookup(E96,'Kelas XI - X(32)'!$D$11:$H987,3,false),"") | I96: =iferror(vlookup(E96,'Kelas XI - X(32)'!$D$11:$H987,4,false),"") -> 6 | J96: 0 | K96: =iferror(vlookup(E96,'Kelas XI - X(32)'!$D$11:$H987,5,false),"") -> 1 | L96: =K96+J96 -> 1 | M96: =(K96+J96)/(I96+1) -> 0.14285714 | O96: =IF(M96>=50%,"A","B") -> B
A97: 102 | B97: 4 | C97: 85437129 | D97: 242510070 | E97: Aura Humaira Putri Gunawan | F97: L | H97: =iferror(vlookup(E97,'Kelas XI - X(32)'!$D$11:$H987,3,false),"") -> Najmi | I97: =iferror(vlookup(E97,'Kelas XI - X(32)'!$D$11:$H987,4,false),"") -> 5 | J97: 0 | K97: =iferror(vlookup(E97,'Kelas XI - X(32)'!$D$11:$H987,5,false),"") -> 5 | L97: =K97+J97 -> 5 | M97: =(K97+J97)/(I97+1) -> 0.83333333 | O97: =IF(M97>=50%,"A","B") -> A
A98: 103 | B98: 5 | C98: 98656322 | D98: 242510113 | E98: Dinda Syafana Alfatiha .N .R .K | F98: P | H98: =iferror(vlookup(E98,'Kelas XI - X(32)'!$D$11:$H987,3,false),"") | I98: 1 | J98: 0 | K98: 0 | L98: =K98+J98 -> 0 | M98: =(K98+J98)/(I98+1) -> 0 | O98: =IF(M98>=50%,"A","B") -> B
A99: 104 | B99: 6 | C99: 96763243 | D99: 242510120 | E99: Elizabeth Fransiska Siregar | F99: L | H99: =iferror(vlookup(E99,'Kelas XI - X(32)'!$D$11:$H987,3,false),"") -> Najmi | I99: =iferror(vlookup(E99,'Kelas XI - X(32)'!$D$11:$H987,4,false),"") -> 5 | J99: 0 | K99: =iferror(vlookup(E99,'Kelas XI - X(32)'!$D$11:$H987,5,false),"") -> 5 | L99: =K99+J99 -> 5 | M99: =(K99+J99)/(I99+1) -> 0.83333333 | O99: =IF(M99>=50%,"A","B") -> A
A100: 105 | B100: 7 | C100: 98951883 | D100: 242510136 | E100: Fariha Tiara Jinaani | F100: L | H100: =iferror(vlookup(E100,'Kelas XI - X(32)'!$D$11:$H987,3,false),"") -> Iga | I100: =iferror(vlookup(E100,'Kelas XI - X(32)'!$D$11:$H987,4,false),"") -> 4 | J100: 0 | K100: 0 | L100: =K100+J100 -> 0 | M100: =(K100+J100)/(I100+1) -> 0 | O100: =IF(M100>=50%,"A","B") -> B
...

Sheet Kelas XII(31)
G1: Kelas | H1: Mentor | I1: Total Pertemuan | J1: MasterClass | K1: Jumlah Hadir | M1: Hdr | N1: Keterangan | O1: Rapor
A2: No Baris
A3: 1 | B3: DAFTAR SISWA KELAS XII
A4: 2 | B4: TAHUN PELAJARAN 2025/2026
A5: 3 | B5: KELAS XII A-1
A6: 4 | B6: Wali Kelas : Hj. Sri Endang Wigati, M.Pd
A7: 5 | B7: No | C7: NIS | D7: NISN | E7: Nama | F7: L/P | I7: ABSENSI SISWA
A8: 6 | H8: Mentor | I8: Total Pertemuan | J8: MasterClass | K8: Jumlah Hadir | L8: Total Hadir | M8: Hdr | N8: Keterangan | O8: Rapor
A9: 7
A10: 8 | B10: 1 | C10: 232410030 | D10: 0081827201 | E10: ALYSSA MUTIARA SAPTIA | F10: P | I10: 1 | J10: 0 | K10: 0 | L10: =K10+J10 -> 0 | M10: =(K10+J10)/(I10+1) -> 0
A11: 9 | B11: 2 | C11: 232410047 | D11: 0075982034 | E11: ARKANULIYA AKRAMINA | F11: P | I11: 1 | J11: 0 | K11: 0 | L11: =K11+J11 -> 0 | M11: =(K11+J11)/(I11+1) -> 0
A12: 10 | B12: 3 | C12: 232410054 | D12: 0088752957 | E12: ASYKAR HANDA AL MUNAWWAR | F12: L | I12: 1 | J12: 0 | K12: 0 | L12: =K12+J12 -> 0 | M12: =(K12+J12)/(I12+1) -> 0
A13: 11 | B13: 4 | C13: 232410056 | D13: 0076649308 | E13: ATHIYYA MUMTAZA | F13: P | I13: 3 | J13: 0 | K13: 1 | L13: =K13+J13 -> 1 | M13: =(K13+J13)/(I13+1) -> 0.25
A14: 12 | B14: 5 | C14: 232410066 | D14: 0086952864 | E14: AYU WIDYA NINGSIH | F14: P | I14: 1 | J14: 0 | K14: 0 | L14: =K14+J14 -> 0 | M14: =(K14+J14)/(I14+1) -> 0
A15: 13 | B15: 6 | C15: 232410119 | D15: 0086406093 | E15: ESSI ESTER ANJUANI MANIK | F15: P | I15: 1 | J15: 0 | K15: 0 | L15: =K15+J15 -> 0 | M15: =(K15+J15)/(I15+1) -> 0
A16: 14 | B16: 7 | C16: 232410122 | D16: 0089042282 | E16: FADILA KURNIA CAHYA | F16: P | I16: 1 | J16: 0 | K16: 0 | L16: =K16+J16 -> 0 | M16: =(K16+J16)/(I16+1) -> 0
A17: 15 | B17: 8 | C17: 232410154 | D17: 0077858999 | E17: GHAISANI SYIFA INDRIANI | F17: P | I17: 1 | J17: 0 | K17: 0 | L17: =K17+J17 -> 0 | M17: =(K17+J17)/(I17+1) -> 0
A18: 16 | B18: 9 | C18: 232410178 | D18: 0076416354 | E18: IZRA ELIZA | F18: P | I18: 1 | J18: 0 | K18: 0 | L18: =K18+J18 -> 0 | M18: =(K18+J18)/(I18+1) -> 0
A19: 17 | B19: 10 | C19: 232410182 | D19: 0078188380 | E19: JIHAN BALQISHA PUTRIANA | F19: P | I19: 1 | J19: 0 | K19: 0 | L19: =K19+J19 -> 0 | M19: =(K19+J19)/(I19+1) -> 0
A20: 18 | B20: 11 | C20: 232410209 | D20: 0073915660 | E20: LOVITA EMERY SAMUDRO | F20: P | I20: 1 | J20: 0 | K20: 0 | L20: =K20+J20 -> 0 | M20: =(K20+J20)/(I20+1) -> 0
A21: 19 | B21: 12 | C21: 232410226 | D21: 0088226204 | E21: MIRANDA PUTRI | F21: P | I21: 4 | J21: 0 | K21: 2 | L21: =K21+J21 -> 2 | M21: =(K21+J21)/(I21+1) -> 0.4
... A44: 42 | B44: 35 | C44: 232410398 | D44: 0088972080 | E44: THEO RISQI MARLEY | F44: L | I44: 1 | J44: 0 | K44: 0 | L44: =K44+J44 -> 0 | M44: =(K44+J44)/(I44+1) -> 0
A45: 43 | B45: 36 | C45: 2324.10.405 | D45: 0083973195 | E45: VERIL SATRIA MULYA | F45: L | I45: 3 | J45: 0 | K45: 3 | L45: =K45+J45 -> 3 | M45: =(K45+J45)/(I45+1) -> 0.75 | N45: Supermentoring + mentor
A46: 44 | C46: LAKI - LAKI | E46: =COUNTIF(F10:F48,"L") -> 9
A47: 45 | C47: PEREMPUAN | E47: =COUNTIF(F10:F48,"P") -> 27
A48: 46 | C48: JUMLAH | E48: =E46+E47 -> 36
A49: 47
A50: 48 | B50: DAFTAR SISWA KELAS XII
A51: 49 | B51: TAHUN PELAJARAN 2025/2026
A52: 50 | B52: KELAS XII A-2
A53: 51 | B53: Wali Kelas : Dini Nurhasanah, S.Pd
A54: 52 | B54: No | C54: NIS | D54: NISN | E54: Nama | F54: L/P | I54: ABSENSI SISWA
A55: 53 | H55: Mentor | I55: Total Pertemuan | J55: MasterClass | K55: Jumlah Hadir | L55: Total Hadir | M55: Hdr | N55: Keterangan | O55: Rapor
A56: 54
A57: 55 | B57: 1 | C57: 232410073 | D57: 0073886422 | E57: AZMIRULA SYAHDA WAHADA G. | F57: P | I57: 1 | J57: 0 | K57: 0 | L57: =K57+J57 -> 0 | M57: =(K57+J57)/(I57+1) -> 0
A58: 56 | B58: 2 | C58: 232410090 | D58: 0074944988 | E58: CINTYA RAMADHANI S. | F58: P | I58: 12 | J58: 0 | K58: 5 | L58: =K58+J58 -> 5 | M58: =(K58+J58)/(I58+1) -> 0.38461538 | N58: Supermentoring
A59: 57 | B59: 3 | C59: 232410092 | D59: 0085137475 | E59: CYRILLA ELVARETTA N. | F59: P | I59: 1 | J59: 0 | K59: 0 | L59: =K59+J59 -> 0 | M59: =(K59+J59)/(I59+1) -> 0
A60: 58 | B60: 4 | C60: 232410095 | D60: 009441104 | E60: DAFFA RIZKY DARMAWAN | F60: L | I60: 1 | J60: 0 | K60: 0 | L60: =K60+J60 -> 0 | M60: =(K60+J60)/(I60+1) -> 0
A61: 59 | B61: 5 | C61: 232410108 | D61: 0089690398 | E61: DIMAS RIZKY SATRIAWAN | F61: L | I61: 1 | J61: 0 | K61: 0 | L61: =K61+J61 -> 0 | M61: =(K61+J61)/(I61+1) -> 0
A62: 60 | B62: 6 | C62: 232410110 | D62: 0084835292 | E62: DINAR ADILLA MUFIDASARI | F62: P | I62: 1 | J62: 0 | K62: 0 | L62: =K62+J62 -> 0 | M62: =(K62+J62)/(I62+1) -> 0
A63: 61 | B63: 7 | C63: 232410118 | D63: 0086173814 | E63: ERIKA JULIA GRACIA SIHITE | F63: P | I63: 1 | J63: 0 | K63: 0 | L63: =K63+J63 -> 0 | M63: =(K63+J63)/(I63+1) -> 0
A64: 62 | B64: 8 | C64: 232410130 | D64: 0078231851 | E64: FARIS FAIZANNAJMY BASYIR | F64: L | I64: 1 | J64: =iferror(vlookup(E64,MasterClass!$C$2:$G1001,5,false),"") -> 1 | K64: 0 | L64: =K64+J64 -> 1 | M64: =(K64+J64)/(I64+1) -> 0.5
A65: 63 | B65: 9 | C65: 232410147 | D65: 0071804532 | E65: FIRLY MAHESA HARDIANSYAH | F65: P | I65: 1 | J65: 0 | K65: 0 | L65: =K65+J65 -> 0 | M65: =(K65+J65)/(I65+1) -> 0
A66: 64 | B66: 10 | C66: 232410152 | D66: 0086662749 | E66: GEDE WIRA YUDISTIRA | F66: L | I66: 1 | J66: 0 | K66: 0 | L66: =K66+J66 -> 0 | M66: =(K66+J66)/(I66+1) -> 0
A67: 65 | B67: 11 | C67: 232410157 | D67: 0088494554 | E67: GRACE GLORYA MIRACLE ZILIWU | F67: P | I67: 1 | J67: 0 | K67: 0 | L67: =K67+J67 -> 0 | M67: =(K67+J67)/(I67+1) -> 0
A68: 66 | B68: 12 | C68: 232410165 | D68: 3071630815 | E68: HASANI ZAHWAN A. | F68: L | I68: 1 | J68: 0 | K68: 0 | L68: =K68+J68 -> 0 | M68: =(K68+J68)/(I68+1) -> 0
